{
  "type": "FeatureCollection",
  "features": [
    {
      "type": "Feature",
      "geometry": {
        "type": "Point",
        "coordinates": [
          76.658418,
          12.312683
        ]
      },
      "properties": {
        "stop_id": "C296-mysuru-bus-stand",
        "stop_name": "MYSURU BUS STAND ",
        "city_name": "MYSURU",
        "city_id": 296,
        "source": "manual"
      }
    },
    {
      "type": "Feature",
      "geometry": {
        "type": "Point",
        "coordinates": [
          76.918829,
          15.137356
        ]
      },
      "properties": {
        "stop_id": "C458-ballari-bus-stand",
        "stop_name": "BALLARI BUS STAND",
        "city_name": "BALLARI",
        "city_id": 458,
        "source": "manual"
      }
    },
    {
      "type": "Feature",
      "geometry": {
        "type": "Point",
        "coordinates": [
          76.892512,
          15.634708
        ]
      },
      "properties": {
        "stop_id": "C1459-siruguppa-bus-stand",
        "stop_name": "SIRUGUPPA BUS STAND",
        "city_name": "SIRUGUPPA",
        "city_id": 1459,
        "source": "manual"
      }
    },
    {
      "type": "Feature",
      "geometry": {
        "type": "Point",
        "coordinates": [
          74.127992,
          14.805664
        ]
      },
      "properties": {
        "stop_id": "C2463-karwar",
        "stop_name": "KARWAR",
        "city_name": "KARWAR",
        "city_id": 2463,
        "source": "manual"
      }
    },
    {
      "type": "Feature",
      "geometry": {
        "type": "Point",
        "coordinates": [
          74.307078,
          14.660039
        ]
      },
      "properties": {
        "stop_id": "C972-ankola-bus-stand",
        "stop_name": "ANKOLA BUS STAND",
        "city_name": "ANKOLA",
        "city_id": 972,
        "source": "manual"
      }
    },
    {
      "type": "Feature",
      "geometry": {
        "type": "Point",
        "coordinates": [
          74.418282,
          14.429872
        ]
      },
      "properties": {
        "stop_id": "C2018-kumta-bus-stand",
        "stop_name": "KUMTA BUS STAND",
        "city_name": "KUMTA",
        "city_id": 2018,
        "source": "manual"
      }
    },
    {
      "type": "Feature",
      "geometry": {
        "type": "Point",
        "coordinates": [
          74.443787,
          14.279456
        ]
      },
      "properties": {
        "stop_id": "C542-honnavara-bus-station",
        "stop_name": "HONNAVARA BUS STATION",
        "city_name": "HONNAVARA",
        "city_id": 542,
        "source": "manual"
      }
    },
    {
      "type": "Feature",
      "geometry": {
        "type": "Point",
        "coordinates": [
          75.020905,
          14.169167
        ]
      },
      "properties": {
        "stop_id": "C1164-sagar",
        "stop_name": "SAGAR",
        "city_name": "SAGAR",
        "city_id": 1164,
        "source": "manual"
      }
    },
    {
      "type": "Feature",
      "geometry": {
        "type": "Point",
        "coordinates": [
          77.750412,
          13.046213
        ]
      },
      "properties": {
        "stop_id": "C1633-budigere-cross",
        "stop_name": "BUDIGERE CROSS",
        "city_name": "BENGALURU",
        "city_id": 1633,
        "source": "manual"
      }
    },
    {
      "type": "Feature",
      "geometry": {
        "type": "Point",
        "coordinates": [
          75.13758,
          13.013434
        ]
      },
      "properties": {
        "stop_id": "C2198-venoor-bus-stand",
        "stop_name": "VENOOR BUS STAND",
        "city_name": "VENOOR",
        "city_id": 2198,
        "source": "manual"
      }
    },
    {
      "type": "Feature",
      "geometry": {
        "type": "Point",
        "coordinates": [
          74.870793,
          13.045135
        ]
      },
      "properties": {
        "stop_id": "C2344-kateel-bus-stand",
        "stop_name": "KATEEL BUS STAND",
        "city_name": "KATIL",
        "city_id": 2344,
        "source": "manual"
      }
    },
    {
      "type": "Feature",
      "geometry": {
        "type": "Point",
        "coordinates": [
          75.848437,
          12.597648
        ]
      },
      "properties": {
        "stop_id": "C1358-somwarpet-bus-stand",
        "stop_name": "SOMWARPET BUS STAND",
        "city_name": "SOMVARPET",
        "city_id": 1358,
        "source": "manual"
      }
    },
    {
      "type": "Feature",
      "geometry": {
        "type": "Point",
        "coordinates": [
          75.887866,
          12.800843
        ]
      },
      "properties": {
        "stop_id": "C1583-kodlipet-bus-stand",
        "stop_name": "KODLIPET BUS STAND",
        "city_name": "KODLIPET",
        "city_id": 1583,
        "source": "manual"
      }
    },
    {
      "type": "Feature",
      "geometry": {
        "type": "Point",
        "coordinates": [
          76.24515,
          12.785952
        ]
      },
      "properties": {
        "stop_id": "C541-holenarasipura-bus-station",
        "stop_name": "HOLENARASIPURA BUS STATION",
        "city_name": "HOLENARASIPURA",
        "city_id": 541,
        "source": "manual"
      }
    },
    {
      "type": "Feature",
      "geometry": {
        "type": "Point",
        "coordinates": [
          75.848437,
          12.597637
        ]
      },
      "properties": {
        "stop_id": "C1358-somvarpet",
        "stop_name": "SOMVARPET",
        "city_name": "SOMVARPET",
        "city_id": 1358,
        "source": "manual"
      }
    },
    {
      "type": "Feature",
      "geometry": {
        "type": "Point",
        "coordinates": [
          75.975331,
          16.572737
        ]
      },
      "properties": {
        "stop_id": "C1280-basavana-bagewadi",
        "stop_name": "BASAVANA BAGEWADI",
        "city_name": "BASAVANA BAGEWADI",
        "city_id": 1280,
        "source": "manual"
      }
    },
    {
      "type": "Feature",
      "geometry": {
        "type": "Point",
        "coordinates": [
          77.345804,
          13.179844
        ]
      },
      "properties": {
        "stop_id": "C1350-jakkanahalli",
        "stop_name": "JAKKANAHALLI",
        "city_name": "JAKKANAHALLI",
        "city_id": 1350,
        "source": "manual"
      }
    },
    {
      "type": "Feature",
      "geometry": {
        "type": "Point",
        "coordinates": [
          76.130368,
          16.336882
        ]
      },
      "properties": {
        "stop_id": "C559-muddebihal",
        "stop_name": "MUDDEBIHAL",
        "city_name": "MUDDEBIHAL",
        "city_id": 559,
        "source": "manual"
      }
    },
    {
      "type": "Feature",
      "geometry": {
        "type": "Point",
        "coordinates": [
          77.552536,
          13.020272
        ]
      },
      "properties": {
        "stop_id": "C368-yeshwantpur-govardhan-theatre",
        "stop_name": "YESHWANTPUR GOVARDHAN THEATRE 9035211047",
        "city_name": "BENGALURU",
        "city_id": 368,
        "source": "manual"
      }
    },
    {
      "type": "Feature",
      "geometry": {
        "type": "Point",
        "coordinates": [
          77.516638,
          13.041307
        ]
      },
      "properties": {
        "stop_id": "C368-jalhalli-cross-ph-no",
        "stop_name": "JALHALLI CROSS PH NO. 9886022381",
        "city_name": "BENGALURU",
        "city_id": 368,
        "source": "manual"
      }
    },
    {
      "type": "Feature",
      "geometry": {
        "type": "Point",
        "coordinates": [
          77.553653,
          12.997054
        ]
      },
      "properties": {
        "stop_id": "C368-navarang-park",
        "stop_name": "NAVARANG PARK 9008752232",
        "city_name": "BENGALURU",
        "city_id": 368,
        "source": "manual"
      }
    },
    {
      "type": "Feature",
      "geometry": {
        "type": "Point",
        "coordinates": [
          77.385435,
          13.09755
        ]
      },
      "properties": {
        "stop_id": "C368-nelamangala-kunigal-bypass",
        "stop_name": "NELAMANGALA KUNIGAL  BYPASS",
        "city_name": "BENGALURU",
        "city_id": 368,
        "source": "manual"
      }
    },
    {
      "type": "Feature",
      "geometry": {
        "type": "Point",
        "coordinates": [
          77.571907,
          12.976808
        ]
      },
      "properties": {
        "stop_id": "C368-kempegowda-bs-terminal-2a",
        "stop_name": "KEMPEGOWDA BS TERMINAL 2A",
        "city_name": "BENGALURU",
        "city_id": 368,
        "source": "manual"
      }
    },
    {
      "type": "Feature",
      "geometry": {
        "type": "Point",
        "coordinates": [
          77.536378,
          13.03073
        ]
      },
      "properties": {
        "stop_id": "C368-goraguntepalya-kle-dental-college",
        "stop_name": "GORAGUNTEPALYA KLE DENTAL COLLEGE 7760990562 ",
        "city_name": "BENGALURU",
        "city_id": 368,
        "source": "manual"
      }
    },
    {
      "type": "Feature",
      "geometry": {
        "type": "Point",
        "coordinates": [
          75.301893,
          13.520291
        ]
      },
      "properties": {
        "stop_id": "C437-hariharpura",
        "stop_name": "HARIHARPURA",
        "city_name": "HARIHARPURA",
        "city_id": 437,
        "source": "manual"
      }
    },
    {
      "type": "Feature",
      "geometry": {
        "type": "Point",
        "coordinates": [
          75.428312,
          13.347711
        ]
      },
      "properties": {
        "stop_id": "C1118-seegodu-bus-stand",
        "stop_name": "SEEGODU BUS STAND",
        "city_name": "SEEGODU",
        "city_id": 1118,
        "source": "manual"
      }
    },
    {
      "type": "Feature",
      "geometry": {
        "type": "Point",
        "coordinates": [
          75.371374,
          13.401063
        ]
      },
      "properties": {
        "stop_id": "C1435-jayapura",
        "stop_name": "JAYAPURA",
        "city_name": "JAYAPURA",
        "city_id": 1435,
        "source": "manual"
      }
    },
    {
      "type": "Feature",
      "geometry": {
        "type": "Point",
        "coordinates": [
          75.249212,
          13.420567
        ]
      },
      "properties": {
        "stop_id": "C1466-sringeri-bus-stand",
        "stop_name": "SRINGERI BUS STAND",
        "city_name": "SRINGERI",
        "city_id": 1466,
        "source": "manual"
      }
    },
    {
      "type": "Feature",
      "geometry": {
        "type": "Point",
        "coordinates": [
          75.46463,
          13.350574
        ]
      },
      "properties": {
        "stop_id": "C1985-balehonnur-bus-stand",
        "stop_name": "BALEHONNUR BUS STAND",
        "city_name": "BALEHONNUR",
        "city_id": 1985,
        "source": "manual"
      }
    },
    {
      "type": "Feature",
      "geometry": {
        "type": "Point",
        "coordinates": [
          75.369034,
          13.537628
        ]
      },
      "properties": {
        "stop_id": "C2149-koppa",
        "stop_name": "KOPPA",
        "city_name": "KOPPA",
        "city_id": 2149,
        "source": "manual"
      }
    },
    {
      "type": "Feature",
      "geometry": {
        "type": "Point",
        "coordinates": [
          77.487547,
          12.913659
        ]
      },
      "properties": {
        "stop_id": "C368-kengeri-ttmc-bus-stand",
        "stop_name": "KENGERI TTMC BUS STAND",
        "city_name": "BENGALURU",
        "city_id": 368,
        "source": "manual"
      }
    },
    {
      "type": "Feature",
      "geometry": {
        "type": "Point",
        "coordinates": [
          77.543643,
          12.953425
        ]
      },
      "properties": {
        "stop_id": "C368-mysore-road-satellite-bs",
        "stop_name": "MYSORE ROAD SATELLITE BS  7760990530",
        "city_name": "BENGALURU",
        "city_id": 368,
        "source": "manual"
      }
    },
    {
      "type": "Feature",
      "geometry": {
        "type": "Point",
        "coordinates": [
          77.517567,
          12.936269
        ]
      },
      "properties": {
        "stop_id": "C368-rajarajeshwarinagar-arch-nr-gopalan-mall",
        "stop_name": "RAJARAJESHWARINAGAR ARCH NR GOPALAN MALL",
        "city_name": "BENGALURU",
        "city_id": 368,
        "source": "manual"
      }
    },
    {
      "type": "Feature",
      "geometry": {
        "type": "Point",
        "coordinates": [
          76.29454,
          12.309126
        ]
      },
      "properties": {
        "stop_id": "C894-hunsur",
        "stop_name": "HUNSUR",
        "city_name": "HUNSUR",
        "city_id": 894,
        "source": "manual"
      }
    },
    {
      "type": "Feature",
      "geometry": {
        "type": "Point",
        "coordinates": [
          76.083024,
          11.613486
        ]
      },
      "properties": {
        "stop_id": "C2652-kalpetta-old-bs-near-post-office",
        "stop_name": "KALPETTA OLD BS NEAR POST OFFICE",
        "city_name": "KALPETTA",
        "city_id": 2652,
        "source": "manual"
      }
    },
    {
      "type": "Feature",
      "geometry": {
        "type": "Point",
        "coordinates": [
          75.782554,
          11.259399
        ]
      },
      "properties": {
        "stop_id": "C2667-kozhikode-calicut-ksrtc-bus-stand",
        "stop_name": "KOZHIKODE CALICUT KSRTC BUS STAND",
        "city_name": "KOZHIKODE",
        "city_id": 2667,
        "source": "manual"
      }
    },
    {
      "type": "Feature",
      "geometry": {
        "type": "Point",
        "coordinates": [
          76.000353,
          11.794939
        ]
      },
      "properties": {
        "stop_id": "C2693-mananthawadi-bus-stand",
        "stop_name": "MANANTHAWADI BUS STAND",
        "city_name": "MANANTHAWADI",
        "city_id": 2693,
        "source": "manual"
      }
    },
    {
      "type": "Feature",
      "geometry": {
        "type": "Point",
        "coordinates": [
          75.936313,
          11.414182
        ]
      },
      "properties": {
        "stop_id": "C2763-tamarasseri-infront-of-police-station",
        "stop_name": "TAMARASSERI INFRONT OF POLICE STATION",
        "city_name": "TAMARASSERI",
        "city_id": 2763,
        "source": "manual"
      }
    },
    {
      "type": "Feature",
      "geometry": {
        "type": "Point",
        "coordinates": [
          75.926102,
          12.184503
        ]
      },
      "properties": {
        "stop_id": "C3110-gonikoppalu",
        "stop_name": "GONIKOPPALU",
        "city_name": "GONIKOPPALU",
        "city_id": 3110,
        "source": "manual"
      }
    },
    {
      "type": "Feature",
      "geometry": {
        "type": "Point",
        "coordinates": [
          76.660655,
          12.350047
        ]
      },
      "properties": {
        "stop_id": "C296-columbia-asia-hospital-signal",
        "stop_name": "COLUMBIA ASIA HOSPITAL SIGNAL 7760990821",
        "city_name": "MYSURU",
        "city_id": 296,
        "source": "manual"
      }
    },
    {
      "type": "Feature",
      "geometry": {
        "type": "Point",
        "coordinates": [
          76.693183,
          12.333123
        ]
      },
      "properties": {
        "stop_id": "C296-sathagalli-bus-stand",
        "stop_name": "SATHAGALLI BUS STAND 7760990821",
        "city_name": "MYSURU",
        "city_id": 296,
        "source": "manual"
      }
    },
    {
      "type": "Feature",
      "geometry": {
        "type": "Point",
        "coordinates": [
          76.932063,
          12.545969
        ]
      },
      "properties": {
        "stop_id": "C585-mandya-amaravathi-hotel-bypass",
        "stop_name": "MANDYA AMARAVATHI HOTEL BYPASS",
        "city_name": "MANDYA",
        "city_id": 585,
        "source": "manual"
      }
    },
    {
      "type": "Feature",
      "geometry": {
        "type": "Point",
        "coordinates": [
          77.694589,
          13.008425
        ]
      },
      "properties": {
        "stop_id": "C368-k-r-puram-ganesh-temple",
        "stop_name": "K.R PURAM GANESH TEMPLE 7760990956",
        "city_name": "BENGALURU",
        "city_id": 368,
        "source": "manual"
      }
    },
    {
      "type": "Feature",
      "geometry": {
        "type": "Point",
        "coordinates": [
          77.57384,
          12.976782
        ]
      },
      "properties": {
        "stop_id": "C368-kempegowda-bs-terminal-1",
        "stop_name": "KEMPEGOWDA BS TERMINAL 1",
        "city_name": "BENGALURU",
        "city_id": 368,
        "source": "manual"
      }
    },
    {
      "type": "Feature",
      "geometry": {
        "type": "Point",
        "coordinates": [
          77.685233,
          13.005486
        ]
      },
      "properties": {
        "stop_id": "C368-iti-maingate-bmtc-bs-ph-no",
        "stop_name": "ITI MAINGATE BMTC BS PH NO. 7760990956",
        "city_name": "BENGALURU",
        "city_id": 368,
        "source": "manual"
      }
    },
    {
      "type": "Feature",
      "geometry": {
        "type": "Point",
        "coordinates": [
          77.645072,
          12.985916
        ]
      },
      "properties": {
        "stop_id": "C368-swami-vivekananda-road-metro-station",
        "stop_name": "SWAMI VIVEKANANDA ROAD METRO STATION",
        "city_name": "BENGALURU",
        "city_id": 368,
        "source": "manual"
      }
    },
    {
      "type": "Feature",
      "geometry": {
        "type": "Point",
        "coordinates": [
          77.620076,
          12.975242
        ]
      },
      "properties": {
        "stop_id": "C368-begum-mahal",
        "stop_name": "BEGUM MAHAL",
        "city_name": "BENGALURU",
        "city_id": 368,
        "source": "manual"
      }
    },
    {
      "type": "Feature",
      "geometry": {
        "type": "Point",
        "coordinates": [
          79.425808,
          13.629939
        ]
      },
      "properties": {
        "stop_id": "C389-tirupathi-bus-stand",
        "stop_name": "TIRUPATHI BUS STAND ",
        "city_name": "TIRUPATHI",
        "city_id": 389,
        "source": "manual"
      }
    },
    {
      "type": "Feature",
      "geometry": {
        "type": "Point",
        "coordinates": [
          75.568065,
          13.928988
        ]
      },
      "properties": {
        "stop_id": "C1342-shivamogga-bus-stand",
        "stop_name": "SHIVAMOGGA BUS STAND",
        "city_name": "SHIVAMOGGA",
        "city_id": 1342,
        "source": "manual"
      }
    },
    {
      "type": "Feature",
      "geometry": {
        "type": "Point",
        "coordinates": [
          75.696215,
          13.843079
        ]
      },
      "properties": {
        "stop_id": "C1376-bhadravathi",
        "stop_name": "BHADRAVATHI",
        "city_name": "BHADRAVATHI",
        "city_id": 1376,
        "source": "manual"
      }
    },
    {
      "type": "Feature",
      "geometry": {
        "type": "Point",
        "coordinates": [
          77.592764,
          12.954352
        ]
      },
      "properties": {
        "stop_id": "C368-shanthi-nagar-bus-stand-double-road",
        "stop_name": "SHANTHI NAGAR BUS STAND  DOUBLE ROAD",
        "city_name": "BENGALURU",
        "city_id": 368,
        "source": "manual"
      }
    },
    {
      "type": "Feature",
      "geometry": {
        "type": "Point",
        "coordinates": [
          76.746311,
          14.718549
        ]
      },
      "properties": {
        "stop_id": "C368-molakalmur-bus-stand",
        "stop_name": "MOLAKALMUR BUS STAND",
        "city_name": "MOLAKALMUR",
        "city_id": 368,
        "source": "manual"
      }
    },
    {
      "type": "Feature",
      "geometry": {
        "type": "Point",
        "coordinates": [
          75.782554,
          11.259399
        ]
      },
      "properties": {
        "stop_id": "C2667-kozhikode-b-s-calicut",
        "stop_name": "KOZHIKODE B S CALICUT",
        "city_name": "KOZHIKODE",
        "city_id": 2667,
        "source": "manual"
      }
    },
    {
      "type": "Feature",
      "geometry": {
        "type": "Point",
        "coordinates": [
          74.841706,
          12.885278
        ]
      },
      "properties": {
        "stop_id": "C30-mangaluru-bus-station",
        "stop_name": "MANGALURU BUS STATION",
        "city_name": "MANGALURU",
        "city_id": 30,
        "source": "manual"
      }
    },
    {
      "type": "Feature",
      "geometry": {
        "type": "Point",
        "coordinates": [
          74.842414,
          12.868812
        ]
      },
      "properties": {
        "stop_id": "C30-jyothi-circle",
        "stop_name": "JYOTHI CIRCLE",
        "city_name": "MANGALURU",
        "city_id": 30,
        "source": "manual"
      }
    },
    {
      "type": "Feature",
      "geometry": {
        "type": "Point",
        "coordinates": [
          74.859748,
          12.818864
        ]
      },
      "properties": {
        "stop_id": "C30-thokkottu-bus-stop",
        "stop_name": "THOKKOTTU BUS STOP",
        "city_name": "MANGALURU",
        "city_id": 30,
        "source": "manual"
      }
    },
    {
      "type": "Feature",
      "geometry": {
        "type": "Point",
        "coordinates": [
          74.86606,
          12.869615
        ]
      },
      "properties": {
        "stop_id": "C30-pumpwel-nh-48-bus-stop",
        "stop_name": "PUMPWEL NH 48 BUS STOP 9480815319",
        "city_name": "MANGALURU",
        "city_id": 30,
        "source": "manual"
      }
    },
    {
      "type": "Feature",
      "geometry": {
        "type": "Point",
        "coordinates": [
          74.860003,
          12.864648
        ]
      },
      "properties": {
        "stop_id": "C30-kankanady",
        "stop_name": "KANKANADY",
        "city_name": "MANGALURU",
        "city_id": 30,
        "source": "manual"
      }
    },
    {
      "type": "Feature",
      "geometry": {
        "type": "Point",
        "coordinates": [
          74.988092,
          12.502567
        ]
      },
      "properties": {
        "stop_id": "C2656-ksg-new-b-stand",
        "stop_name": "KSG NEW B. STAND",
        "city_name": "KASARGOD",
        "city_id": 2656,
        "source": "manual"
      }
    },
    {
      "type": "Feature",
      "geometry": {
        "type": "Point",
        "coordinates": [
          75.096989,
          12.305697
        ]
      },
      "properties": {
        "stop_id": "C2647-kanhangad",
        "stop_name": "KANHANGAD",
        "city_name": "KANHANGAD",
        "city_id": 2647,
        "source": "manual"
      }
    },
    {
      "type": "Feature",
      "geometry": {
        "type": "Point",
        "coordinates": [
          75.214898,
          12.10817
        ]
      },
      "properties": {
        "stop_id": "C2744-payyanur",
        "stop_name": "PAYYANUR",
        "city_name": "PAYYANUR",
        "city_id": 2744,
        "source": "manual"
      }
    },
    {
      "type": "Feature",
      "geometry": {
        "type": "Point",
        "coordinates": [
          75.37449,
          11.875369
        ]
      },
      "properties": {
        "stop_id": "C2582-cannanore-ksrtc-bus-stand",
        "stop_name": "CANNANORE KSRTC BUS STAND",
        "city_name": "KANNUR",
        "city_id": 2582,
        "source": "manual"
      }
    },
    {
      "type": "Feature",
      "geometry": {
        "type": "Point",
        "coordinates": [
          76.210462,
          10.517845
        ]
      },
      "properties": {
        "stop_id": "C2774-thrissur-bus-stand",
        "stop_name": "THRISSUR BUS STAND",
        "city_name": "THRISSUR",
        "city_id": 2774,
        "source": "manual"
      }
    },
    {
      "type": "Feature",
      "geometry": {
        "type": "Point",
        "coordinates": [
          76.356087,
          10.106819
        ]
      },
      "properties": {
        "stop_id": "C2574-alwayee",
        "stop_name": "ALWAYEE",
        "city_name": "ALWAYEE",
        "city_id": 2574,
        "source": "manual"
      }
    },
    {
      "type": "Feature",
      "geometry": {
        "type": "Point",
        "coordinates": [
          76.28877,
          9.977868
        ]
      },
      "properties": {
        "stop_id": "C2596-ernakulam-ksrtc-bus-stand",
        "stop_name": "ERNAKULAM KSRTC BUS STAND",
        "city_name": "ERNAKULAM",
        "city_id": 2596,
        "source": "manual"
      }
    },
    {
      "type": "Feature",
      "geometry": {
        "type": "Point",
        "coordinates": [
          74.896702,
          12.80709
        ]
      },
      "properties": {
        "stop_id": "C30-deralakatte",
        "stop_name": "DERALAKATTE   9844515003",
        "city_name": "MANGALURU",
        "city_id": 30,
        "source": "manual"
      }
    },
    {
      "type": "Feature",
      "geometry": {
        "type": "Point",
        "coordinates": [
          74.880361,
          12.816203
        ]
      },
      "properties": {
        "stop_id": "C30-yenpoya-hospital",
        "stop_name": "YENPOYA HOSPITAL ",
        "city_name": "MANGALURU",
        "city_id": 30,
        "source": "manual"
      }
    },
    {
      "type": "Feature",
      "geometry": {
        "type": "Point",
        "coordinates": [
          74.79985,
          12.990319
        ]
      },
      "properties": {
        "stop_id": "C1586-surathkal",
        "stop_name": "SURATHKAL",
        "city_name": "SURATHKAL",
        "city_id": 1586,
        "source": "manual"
      }
    },
    {
      "type": "Feature",
      "geometry": {
        "type": "Point",
        "coordinates": [
          74.787423,
          13.090817
        ]
      },
      "properties": {
        "stop_id": "C2750-mulki-bus-stand",
        "stop_name": "MULKI BUS STAND",
        "city_name": "MULKI",
        "city_id": 2750,
        "source": "manual"
      }
    },
    {
      "type": "Feature",
      "geometry": {
        "type": "Point",
        "coordinates": [
          74.784108,
          13.347344
        ]
      },
      "properties": {
        "stop_id": "C2075-udupi-dr-v-s-acharya-bus-station",
        "stop_name": "UDUPI DR V S ACHARYA BUS STATION 9663266400",
        "city_name": "UDUPI",
        "city_id": 2075,
        "source": "manual"
      }
    },
    {
      "type": "Feature",
      "geometry": {
        "type": "Point",
        "coordinates": [
          74.786652,
          13.351612
        ]
      },
      "properties": {
        "stop_id": "C49-manipal-bus-stand",
        "stop_name": "MANIPAL BUS STAND",
        "city_name": "MANIPAL",
        "city_id": 49,
        "source": "manual"
      }
    },
    {
      "type": "Feature",
      "geometry": {
        "type": "Point",
        "coordinates": [
          74.74439,
          13.436506
        ]
      },
      "properties": {
        "stop_id": "C2008-brahmavara",
        "stop_name": "BRAHMAVARA",
        "city_name": "BRAHMAVARA",
        "city_id": 2008,
        "source": "manual"
      }
    },
    {
      "type": "Feature",
      "geometry": {
        "type": "Point",
        "coordinates": [
          74.689542,
          13.636024
        ]
      },
      "properties": {
        "stop_id": "C2336-kundapura-bus-stand",
        "stop_name": "KUNDAPURA BUS STAND 9663266009",
        "city_name": "KUNDAPURA",
        "city_id": 2336,
        "source": "manual"
      }
    },
    {
      "type": "Feature",
      "geometry": {
        "type": "Point",
        "coordinates": [
          75.810142,
          14.514744
        ]
      },
      "properties": {
        "stop_id": "C569-harihar",
        "stop_name": "HARIHAR",
        "city_name": "HARIHAR",
        "city_id": 569,
        "source": "manual"
      }
    },
    {
      "type": "Feature",
      "geometry": {
        "type": "Point",
        "coordinates": [
          75.930646,
          14.46019
        ]
      },
      "properties": {
        "stop_id": "C563-davanagere-new-bus-stand",
        "stop_name": "DAVANAGERE NEW BUS STAND",
        "city_name": "DAVANAGERE",
        "city_id": 563,
        "source": "manual"
      }
    },
    {
      "type": "Feature",
      "geometry": {
        "type": "Point",
        "coordinates": [
          74.52024,
          15.861622
        ]
      },
      "properties": {
        "stop_id": "C450-belagavi-central-bus-stand",
        "stop_name": "BELAGAVI CENTRAL BUS STAND",
        "city_name": "BELAGAVI",
        "city_id": 450,
        "source": "manual"
      }
    },
    {
      "type": "Feature",
      "geometry": {
        "type": "Point",
        "coordinates": [
          75.020175,
          15.968549
        ]
      },
      "properties": {
        "stop_id": "C2403-yergatti",
        "stop_name": "YERGATTI",
        "city_name": "YARAGATTI",
        "city_id": 2403,
        "source": "manual"
      }
    },
    {
      "type": "Feature",
      "geometry": {
        "type": "Point",
        "coordinates": [
          76.81746,
          17.326233
        ]
      },
      "properties": {
        "stop_id": "C398-kalaburgi-central-bus-stand",
        "stop_name": "KALABURGI CENTRAL BUS STAND",
        "city_name": "KALABURAGI",
        "city_id": 398,
        "source": "manual"
      }
    },
    {
      "type": "Feature",
      "geometry": {
        "type": "Point",
        "coordinates": [
          76.233404,
          16.922047
        ]
      },
      "properties": {
        "stop_id": "C1064-sindagi",
        "stop_name": "SINDAGI",
        "city_name": "SINDAGI",
        "city_id": 1064,
        "source": "manual"
      }
    },
    {
      "type": "Feature",
      "geometry": {
        "type": "Point",
        "coordinates": [
          76.776164,
          17.017474
        ]
      },
      "properties": {
        "stop_id": "C1461-jewargi",
        "stop_name": "JEWARGI",
        "city_name": "JEWARGI",
        "city_id": 1461,
        "source": "manual"
      }
    },
    {
      "type": "Feature",
      "geometry": {
        "type": "Point",
        "coordinates": [
          75.28461,
          16.507564
        ]
      },
      "properties": {
        "stop_id": "C1347-jamakhandi-bus-stand",
        "stop_name": "JAMAKHANDI BUS STAND",
        "city_name": "JAMAKHANDI",
        "city_id": 1347,
        "source": "manual"
      }
    },
    {
      "type": "Feature",
      "geometry": {
        "type": "Point",
        "coordinates": [
          76.249315,
          16.999129
        ]
      },
      "properties": {
        "stop_id": "C1266-bableswar",
        "stop_name": "BABLESWAR",
        "city_name": "BABLESWAR",
        "city_id": 1266,
        "source": "manual"
      }
    },
    {
      "type": "Feature",
      "geometry": {
        "type": "Point",
        "coordinates": [
          75.715286,
          16.824968
        ]
      },
      "properties": {
        "stop_id": "C453-vijayapura-central-bus-stand",
        "stop_name": "VIJAYAPURA CENTRAL BUS STAND",
        "city_name": "VIJAYAPURA",
        "city_id": 453,
        "source": "manual"
      }
    },
    {
      "type": "Feature",
      "geometry": {
        "type": "Point",
        "coordinates": [
          75.802131,
          17.252871
        ]
      },
      "properties": {
        "stop_id": "C2566-zalki",
        "stop_name": "ZALKI",
        "city_name": "ZALKI",
        "city_id": 2566,
        "source": "manual"
      }
    },
    {
      "type": "Feature",
      "geometry": {
        "type": "Point",
        "coordinates": [
          75.898095,
          17.680805
        ]
      },
      "properties": {
        "stop_id": "C2950-sholapur-b-s",
        "stop_name": "SHOLAPUR B S",
        "city_name": "SHOLAPUR",
        "city_id": 2950,
        "source": "manual"
      }
    },
    {
      "type": "Feature",
      "geometry": {
        "type": "Point",
        "coordinates": [
          76.541104,
          15.078893
        ]
      },
      "properties": {
        "stop_id": "C1101-sandur-bus-stand",
        "stop_name": "SANDUR BUS STAND",
        "city_name": "SANDUR",
        "city_id": 1101,
        "source": "manual"
      }
    },
    {
      "type": "Feature",
      "geometry": {
        "type": "Point",
        "coordinates": [
          76.389318,
          15.275161
        ]
      },
      "properties": {
        "stop_id": "C576-hosapete-central-bus-stand",
        "stop_name": "HOSAPETE CENTRAL BUS STAND",
        "city_name": "HOSAPETE",
        "city_id": 576,
        "source": "manual"
      }
    },
    {
      "type": "Feature",
      "geometry": {
        "type": "Point",
        "coordinates": [
          76.358139,
          15.159983
        ]
      },
      "properties": {
        "stop_id": "C288-mariyammanahalli-bus-stand",
        "stop_name": "MARIYAMMANAHALLI BUS STAND",
        "city_name": "MARIYAMMANAHALLI",
        "city_id": 288,
        "source": "manual"
      }
    },
    {
      "type": "Feature",
      "geometry": {
        "type": "Point",
        "coordinates": [
          76.202773,
          15.044494
        ]
      },
      "properties": {
        "stop_id": "C126-hagaribommanahalli",
        "stop_name": "HAGARIBOMMANAHALLI",
        "city_name": "HAGARIBOMMANAHALLI",
        "city_id": 126,
        "source": "manual"
      }
    },
    {
      "type": "Feature",
      "geometry": {
        "type": "Point",
        "coordinates": [
          75.985678,
          14.785811
        ]
      },
      "properties": {
        "stop_id": "C1063-harapanahalli",
        "stop_name": "HARAPANAHALLI",
        "city_name": "HARAPANAHALLI",
        "city_id": 1063,
        "source": "manual"
      }
    },
    {
      "type": "Feature",
      "geometry": {
        "type": "Point",
        "coordinates": [
          74.799847,
          12.990261
        ]
      },
      "properties": {
        "stop_id": "C1586-surathkal-bus-stand",
        "stop_name": "SURATHKAL BUS STAND",
        "city_name": "SURATHKAL",
        "city_id": 1586,
        "source": "manual"
      }
    },
    {
      "type": "Feature",
      "geometry": {
        "type": "Point",
        "coordinates": [
          74.74727,
          13.34114
        ]
      },
      "properties": {
        "stop_id": "C2075-udupi-busstand",
        "stop_name": "UDUPI BUSSTAND ",
        "city_name": "UDUPI",
        "city_id": 2075,
        "source": "manual"
      }
    },
    {
      "type": "Feature",
      "geometry": {
        "type": "Point",
        "coordinates": [
          75.116529,
          15.349568
        ]
      },
      "properties": {
        "stop_id": "C132-hubballi-new-bus-stand",
        "stop_name": "HUBBALLI NEW BUS STAND",
        "city_name": "HUBBALLI",
        "city_id": 132,
        "source": "manual"
      }
    },
    {
      "type": "Feature",
      "geometry": {
        "type": "Point",
        "coordinates": [
          75.35397,
          15.555295
        ]
      },
      "properties": {
        "stop_id": "C565-navalgund",
        "stop_name": "NAVALGUND",
        "city_name": "NAVALGUND",
        "city_id": 565,
        "source": "manual"
      }
    },
    {
      "type": "Feature",
      "geometry": {
        "type": "Point",
        "coordinates": [
          75.387039,
          15.72049
        ]
      },
      "properties": {
        "stop_id": "C530-naragund",
        "stop_name": "NARAGUND",
        "city_name": "NARAGUND",
        "city_id": 530,
        "source": "manual"
      }
    },
    {
      "type": "Feature",
      "geometry": {
        "type": "Point",
        "coordinates": [
          75.612563,
          16.186134
        ]
      },
      "properties": {
        "stop_id": "C3035-gaddankeri-cross",
        "stop_name": "GADDANKERI CROSS",
        "city_name": "GADDANKERI CROSS",
        "city_id": 3035,
        "source": "manual"
      }
    },
    {
      "type": "Feature",
      "geometry": {
        "type": "Point",
        "coordinates": [
          76.070792,
          18.008662
        ]
      },
      "properties": {
        "stop_id": "C2993-tulajapur",
        "stop_name": "TULAJAPUR",
        "city_name": "TULAJAPUR",
        "city_id": 2993,
        "source": "manual"
      }
    },
    {
      "type": "Feature",
      "geometry": {
        "type": "Point",
        "coordinates": [
          76.691498,
          12.420797
        ]
      },
      "properties": {
        "stop_id": "C1436-srirangapattana-bus-stand",
        "stop_name": "SRIRANGAPATTANA BUS STAND",
        "city_name": "SRIRANGAPATNA",
        "city_id": 1436,
        "source": "manual"
      }
    },
    {
      "type": "Feature",
      "geometry": {
        "type": "Point",
        "coordinates": [
          77.797492,
          13.244866
        ]
      },
      "properties": {
        "stop_id": "C2723-channarayapatna",
        "stop_name": "CHANNARAYAPATNA",
        "city_name": "CHANNARAYAPATNA",
        "city_id": 2723,
        "source": "manual"
      }
    },
    {
      "type": "Feature",
      "geometry": {
        "type": "Point",
        "coordinates": [
          76.254238,
          13.316129
        ]
      },
      "properties": {
        "stop_id": "C1059-arasikere-bus-stand",
        "stop_name": "ARASIKERE BUS STAND ",
        "city_name": "ARASIKERE",
        "city_id": 1059,
        "source": "manual"
      }
    },
    {
      "type": "Feature",
      "geometry": {
        "type": "Point",
        "coordinates": [
          74.993657,
          15.469107
        ]
      },
      "properties": {
        "stop_id": "C567-dharwad-new-bus-stand",
        "stop_name": "DHARWAD NEW BUS STAND",
        "city_name": "DHARWAD",
        "city_id": 567,
        "source": "manual"
      }
    },
    {
      "type": "Feature",
      "geometry": {
        "type": "Point",
        "coordinates": [
          75.397772,
          14.788071
        ]
      },
      "properties": {
        "stop_id": "C579-haveri-new-bus-stand",
        "stop_name": "HAVERI  NEW BUS STAND",
        "city_name": "HAVERI",
        "city_id": 579,
        "source": "manual"
      }
    },
    {
      "type": "Feature",
      "geometry": {
        "type": "Point",
        "coordinates": [
          77.70437,
          13.017044
        ]
      },
      "properties": {
        "stop_id": "C368-tc-palya-bmtc-bus-stop",
        "stop_name": "TC PALYA BMTC BUS STOP",
        "city_name": "BENGALURU",
        "city_id": 368,
        "source": "manual"
      }
    },
    {
      "type": "Feature",
      "geometry": {
        "type": "Point",
        "coordinates": [
          75.29663,
          13.861545
        ]
      },
      "properties": {
        "stop_id": "C438-hosakoppa-bus-stand",
        "stop_name": "HOSAKOPPA BUS STAND",
        "city_name": "HOSAKOPPA",
        "city_id": 438,
        "source": "manual"
      }
    },
    {
      "type": "Feature",
      "geometry": {
        "type": "Point",
        "coordinates": [
          75.771689,
          13.317974
        ]
      },
      "properties": {
        "stop_id": "C555-chikkamagaluru-bus-stand",
        "stop_name": "CHIKKAMAGALURU BUS STAND",
        "city_name": "CHIKKAMAGALURU",
        "city_id": 555,
        "source": "manual"
      }
    },
    {
      "type": "Feature",
      "geometry": {
        "type": "Point",
        "coordinates": [
          75.281104,
          12.98986
        ]
      },
      "properties": {
        "stop_id": "C1821-belthangadi-b-s",
        "stop_name": "BELTHANGADI B S",
        "city_name": "BELTHANGADI",
        "city_id": 1821,
        "source": "manual"
      }
    },
    {
      "type": "Feature",
      "geometry": {
        "type": "Point",
        "coordinates": [
          75.329371,
          12.995431
        ]
      },
      "properties": {
        "stop_id": "C2106-ujire",
        "stop_name": "UJIRE",
        "city_name": "UJIRE",
        "city_id": 2106,
        "source": "manual"
      }
    },
    {
      "type": "Feature",
      "geometry": {
        "type": "Point",
        "coordinates": [
          74.995725,
          13.068259
        ]
      },
      "properties": {
        "stop_id": "C2622-mudabidre",
        "stop_name": "MUDABIDRE",
        "city_name": "MUDABIDRE",
        "city_id": 2622,
        "source": "manual"
      }
    },
    {
      "type": "Feature",
      "geometry": {
        "type": "Point",
        "coordinates": [
          75.385149,
          12.956543
        ]
      },
      "properties": {
        "stop_id": "C3091-dharmastala-bus-stand",
        "stop_name": "DHARMASTALA BUS STAND",
        "city_name": "DHARMASTALA",
        "city_id": 3091,
        "source": "manual"
      }
    },
    {
      "type": "Feature",
      "geometry": {
        "type": "Point",
        "coordinates": [
          77.131842,
          13.327925
        ]
      },
      "properties": {
        "stop_id": "C368-tumkur-batawadi-circle-fly-over",
        "stop_name": "TUMKUR BATAWADI CIRCLE  FLY OVER",
        "city_name": "BENGALURU",
        "city_id": 368,
        "source": "manual"
      }
    },
    {
      "type": "Feature",
      "geometry": {
        "type": "Point",
        "coordinates": [
          77.493211,
          13.050196
        ]
      },
      "properties": {
        "stop_id": "C368-parle-g-toll",
        "stop_name": "PARLE G TOLL",
        "city_name": "BENGALURU",
        "city_id": 368,
        "source": "manual"
      }
    },
    {
      "type": "Feature",
      "geometry": {
        "type": "Point",
        "coordinates": [
          77.507707,
          13.045198
        ]
      },
      "properties": {
        "stop_id": "C368-8th-mile-junction",
        "stop_name": "8TH MILE JUNCTION",
        "city_name": "BENGALURU",
        "city_id": 368,
        "source": "manual"
      }
    },
    {
      "type": "Feature",
      "geometry": {
        "type": "Point",
        "coordinates": [
          73.837358,
          15.495323
        ]
      },
      "properties": {
        "stop_id": "C442-kadamba-panaji-bus-stand",
        "stop_name": "KADAMBA PANAJI BUS STAND",
        "city_name": "PANAJI GOA",
        "city_id": 442,
        "source": "manual"
      }
    },
    {
      "type": "Feature",
      "geometry": {
        "type": "Point",
        "coordinates": [
          74.004071,
          15.400719
        ]
      },
      "properties": {
        "stop_id": "C479-ponda-bus-stand",
        "stop_name": "PONDA BUS STAND",
        "city_name": "PONDA",
        "city_id": 479,
        "source": "manual"
      }
    },
    {
      "type": "Feature",
      "geometry": {
        "type": "Point",
        "coordinates": [
          76.014841,
          15.614083
        ]
      },
      "properties": {
        "stop_id": "C2417-yelburga",
        "stop_name": "YELBURGA",
        "city_name": "YELBURGA",
        "city_id": 2417,
        "source": "manual"
      }
    },
    {
      "type": "Feature",
      "geometry": {
        "type": "Point",
        "coordinates": [
          75.993981,
          15.489709
        ]
      },
      "properties": {
        "stop_id": "C1836-kukanoor-bus-stand",
        "stop_name": "KUKANOOR BUS STAND",
        "city_name": "KUKANOOR",
        "city_id": 1836,
        "source": "manual"
      }
    },
    {
      "type": "Feature",
      "geometry": {
        "type": "Point",
        "coordinates": [
          76.148938,
          15.351864
        ]
      },
      "properties": {
        "stop_id": "C583-koppal-central-bus-stand",
        "stop_name": "KOPPAL CENTRAL BUS STAND",
        "city_name": "KOPPAL",
        "city_id": 583,
        "source": "manual"
      }
    },
    {
      "type": "Feature",
      "geometry": {
        "type": "Point",
        "coordinates": [
          76.2475,
          15.350813
        ]
      },
      "properties": {
        "stop_id": "C3167-ginagera",
        "stop_name": "GINAGERA",
        "city_name": "GINAGERA",
        "city_id": 3167,
        "source": "manual"
      }
    },
    {
      "type": "Feature",
      "geometry": {
        "type": "Point",
        "coordinates": [
          77.572976,
          12.977364
        ]
      },
      "properties": {
        "stop_id": "C368-kempegowda-bs-majestic",
        "stop_name": "KEMPEGOWDA BS MAJESTIC",
        "city_name": "BENGALURU",
        "city_id": 368,
        "source": "manual"
      }
    },
    {
      "type": "Feature",
      "geometry": {
        "type": "Point",
        "coordinates": [
          77.131843,
          13.327919
        ]
      },
      "properties": {
        "stop_id": "C607-batawadi-tumakuru-bypass",
        "stop_name": "BATAWADI TUMAKURU BYPASS",
        "city_name": "TUMAKURU",
        "city_id": 607,
        "source": "manual"
      }
    },
    {
      "type": "Feature",
      "geometry": {
        "type": "Point",
        "coordinates": [
          75.993981,
          15.489709
        ]
      },
      "properties": {
        "stop_id": "C1939-kukanoor-bus-stand",
        "stop_name": "KUKANOOR BUS STAND",
        "city_name": "KUKANOOR",
        "city_id": 1939,
        "source": "manual"
      }
    },
    {
      "type": "Feature",
      "geometry": {
        "type": "Point",
        "coordinates": [
          76.256596,
          11.662605
        ]
      },
      "properties": {
        "stop_id": "C2751-sultanbathery",
        "stop_name": "SULTANBATHERY",
        "city_name": "SULTANBATHERY",
        "city_id": 2751,
        "source": "manual"
      }
    },
    {
      "type": "Feature",
      "geometry": {
        "type": "Point",
        "coordinates": [
          75.62199,
          16.346517
        ]
      },
      "properties": {
        "stop_id": "C1769-bilagi-bus-stand",
        "stop_name": "BILAGI BUS STAND",
        "city_name": "BILAGI",
        "city_id": 1769,
        "source": "manual"
      }
    },
    {
      "type": "Feature",
      "geometry": {
        "type": "Point",
        "coordinates": [
          75.702372,
          16.184027
        ]
      },
      "properties": {
        "stop_id": "C448-bagalkot-bus-stand",
        "stop_name": "BAGALKOT BUS STAND",
        "city_name": "BAGALKOT",
        "city_id": 448,
        "source": "manual"
      }
    },
    {
      "type": "Feature",
      "geometry": {
        "type": "Point",
        "coordinates": [
          75.671308,
          16.158845
        ]
      },
      "properties": {
        "stop_id": "C448-navanagar-bus-stand",
        "stop_name": "NAVANAGAR BUS STAND",
        "city_name": "BAGALKOT",
        "city_id": 448,
        "source": "manual"
      }
    },
    {
      "type": "Feature",
      "geometry": {
        "type": "Point",
        "coordinates": [
          75.660553,
          16.181832
        ]
      },
      "properties": {
        "stop_id": "C448-vidyagiri",
        "stop_name": "VIDYAGIRI",
        "city_name": "BAGALKOT",
        "city_id": 448,
        "source": "manual"
      }
    },
    {
      "type": "Feature",
      "geometry": {
        "type": "Point",
        "coordinates": [
          75.94335,
          16.057232
        ]
      },
      "properties": {
        "stop_id": "C962-amingad-bus-stand",
        "stop_name": "AMINGAD BUS STAND",
        "city_name": "AMINGAD",
        "city_id": 962,
        "source": "manual"
      }
    },
    {
      "type": "Feature",
      "geometry": {
        "type": "Point",
        "coordinates": [
          76.05985,
          16.058748
        ]
      },
      "properties": {
        "stop_id": "C864-hunagund-bus-stand",
        "stop_name": "HUNAGUND BUS STAND",
        "city_name": "HUNAGUND",
        "city_id": 864,
        "source": "manual"
      }
    },
    {
      "type": "Feature",
      "geometry": {
        "type": "Point",
        "coordinates": [
          76.112671,
          15.965963
        ]
      },
      "properties": {
        "stop_id": "C1245-ilkal-bus-stand",
        "stop_name": "ILKAL BUS STAND",
        "city_name": "ILKAL",
        "city_id": 1245,
        "source": "manual"
      }
    },
    {
      "type": "Feature",
      "geometry": {
        "type": "Point",
        "coordinates": [
          76.193045,
          15.751294
        ]
      },
      "properties": {
        "stop_id": "C2297-kustagi-bus-stand",
        "stop_name": "KUSTAGI BUS STAND",
        "city_name": "KUSTAGI",
        "city_id": 2297,
        "source": "manual"
      }
    },
    {
      "type": "Feature",
      "geometry": {
        "type": "Point",
        "coordinates": [
          74.529123,
          15.87286
        ]
      },
      "properties": {
        "stop_id": "C450-jayalakshmi-tr-mahanteshnagar",
        "stop_name": "JAYALAKSHMI TR MAHANTESHNAGAR",
        "city_name": "BELAGAVI",
        "city_id": 450,
        "source": "manual"
      }
    },
    {
      "type": "Feature",
      "geometry": {
        "type": "Point",
        "coordinates": [
          74.515812,
          15.878333
        ]
      },
      "properties": {
        "stop_id": "C450-ramadev-hotel",
        "stop_name": "RAMADEV HOTEL 7760991635",
        "city_name": "BELAGAVI",
        "city_id": 450,
        "source": "manual"
      }
    },
    {
      "type": "Feature",
      "geometry": {
        "type": "Point",
        "coordinates": [
          76.840291,
          16.704405
        ]
      },
      "properties": {
        "stop_id": "C1210-shahapur-bs",
        "stop_name": "SHAHAPUR BS",
        "city_name": "SHAHAPUR",
        "city_id": 1210,
        "source": "manual"
      }
    },
    {
      "type": "Feature",
      "geometry": {
        "type": "Point",
        "coordinates": [
          75.367835,
          16.161943
        ]
      },
      "properties": {
        "stop_id": "C2511-lokapur-bus-stand",
        "stop_name": "LOKAPUR BUS STAND",
        "city_name": "LOKAPUR",
        "city_id": 2511,
        "source": "manual"
      }
    },
    {
      "type": "Feature",
      "geometry": {
        "type": "Point",
        "coordinates": [
          75.281332,
          16.337297
        ]
      },
      "properties": {
        "stop_id": "C1852-mudhol-bus-stand",
        "stop_name": "MUDHOL BUS STAND",
        "city_name": "MUDHOL",
        "city_id": 1852,
        "source": "manual"
      }
    },
    {
      "type": "Feature",
      "geometry": {
        "type": "Point",
        "coordinates": [
          75.281332,
          16.337297
        ]
      },
      "properties": {
        "stop_id": "C2437-mudhol-bus-stand",
        "stop_name": "MUDHOL BUS STAND",
        "city_name": "MUDHOL",
        "city_id": 2437,
        "source": "manual"
      }
    },
    {
      "type": "Feature",
      "geometry": {
        "type": "Point",
        "coordinates": [
          76.580017,
          18.400414
        ]
      },
      "properties": {
        "stop_id": "C2535-latur-bus-stand",
        "stop_name": "LATUR BUS STAND",
        "city_name": "LATUR B S",
        "city_id": 2535,
        "source": "manual"
      }
    },
    {
      "type": "Feature",
      "geometry": {
        "type": "Point",
        "coordinates": [
          76.396287,
          14.226554
        ]
      },
      "properties": {
        "stop_id": "C2325-chitradurga-bus-stand",
        "stop_name": "CHITRADURGA BUS STAND",
        "city_name": "CHITRADURGA",
        "city_id": 2325,
        "source": "manual"
      }
    },
    {
      "type": "Feature",
      "geometry": {
        "type": "Point",
        "coordinates": [
          76.619949,
          13.941598
        ]
      },
      "properties": {
        "stop_id": "C1201-hiriyur-bus-stand",
        "stop_name": "HIRIYUR BUS STAND",
        "city_name": "HIRIYUR",
        "city_id": 1201,
        "source": "manual"
      }
    },
    {
      "type": "Feature",
      "geometry": {
        "type": "Point",
        "coordinates": [
          77.098855,
          13.342802
        ]
      },
      "properties": {
        "stop_id": "C607-tumakuru-bus-stand",
        "stop_name": "TUMAKURU BUS STAND",
        "city_name": "TUMAKURU",
        "city_id": 607,
        "source": "manual"
      }
    },
    {
      "type": "Feature",
      "geometry": {
        "type": "Point",
        "coordinates": [
          74.857699,
          12.8044
        ]
      },
      "properties": {
        "stop_id": "C4885-yenpoya",
        "stop_name": "YENPOYA",
        "city_name": "YENPOYA",
        "city_id": 4885,
        "source": "manual"
      }
    },
    {
      "type": "Feature",
      "geometry": {
        "type": "Point",
        "coordinates": [
          75.643499,
          14.234058
        ]
      },
      "properties": {
        "stop_id": "C881-honnali-bus-station",
        "stop_name": "HONNALI BUS STATION",
        "city_name": "HONNALI",
        "city_id": 881,
        "source": "manual"
      }
    },
    {
      "type": "Feature",
      "geometry": {
        "type": "Point",
        "coordinates": [
          74.77199,
          13.140942
        ]
      },
      "properties": {
        "stop_id": "C629-padubidre-bus-stand",
        "stop_name": "PADUBIDRE BUS STAND",
        "city_name": "PADUBIDRE",
        "city_id": 629,
        "source": "manual"
      }
    },
    {
      "type": "Feature",
      "geometry": {
        "type": "Point",
        "coordinates": [
          74.84204,
          12.875994
        ]
      },
      "properties": {
        "stop_id": "C30-pvs-bus-stop",
        "stop_name": "PVS BUS STOP 9480815319",
        "city_name": "MANGALURU",
        "city_id": 30,
        "source": "manual"
      }
    },
    {
      "type": "Feature",
      "geometry": {
        "type": "Point",
        "coordinates": [
          74.885704,
          12.87147
        ]
      },
      "properties": {
        "stop_id": "C30-padeel-bus-stand",
        "stop_name": "PADEEL BUS STAND",
        "city_name": "MANGALURU",
        "city_id": 30,
        "source": "manual"
      }
    },
    {
      "type": "Feature",
      "geometry": {
        "type": "Point",
        "coordinates": [
          75.030652,
          12.882431
        ]
      },
      "properties": {
        "stop_id": "C1299-b-c-road-bus-stand",
        "stop_name": "B C ROAD BUS STAND",
        "city_name": "B C ROAD",
        "city_id": 1299,
        "source": "manual"
      }
    },
    {
      "type": "Feature",
      "geometry": {
        "type": "Point",
        "coordinates": [
          75.204668,
          12.76144
        ]
      },
      "properties": {
        "stop_id": "C592-puttur-bus-stand",
        "stop_name": "PUTTUR BUS STAND",
        "city_name": "PUTTUR",
        "city_id": 592,
        "source": "manual"
      }
    },
    {
      "type": "Feature",
      "geometry": {
        "type": "Point",
        "coordinates": [
          75.737851,
          12.423393
        ]
      },
      "properties": {
        "stop_id": "C99-madikeri-bus-stand",
        "stop_name": "MADIKERI BUS STAND",
        "city_name": "MERCARA MADIKERI",
        "city_id": 99,
        "source": "manual"
      }
    },
    {
      "type": "Feature",
      "geometry": {
        "type": "Point",
        "coordinates": [
          76.889646,
          12.527969
        ]
      },
      "properties": {
        "stop_id": "C585-mandya-bus-stand",
        "stop_name": "MANDYA BUS STAND",
        "city_name": "MANDYA",
        "city_id": 585,
        "source": "manual"
      }
    },
    {
      "type": "Feature",
      "geometry": {
        "type": "Point",
        "coordinates": [
          76.048146,
          13.048197
        ]
      },
      "properties": {
        "stop_id": "C2410-kuppalli",
        "stop_name": "KUPPALLI",
        "city_name": "KUPPALLI",
        "city_id": 2410,
        "source": "manual"
      }
    },
    {
      "type": "Feature",
      "geometry": {
        "type": "Point",
        "coordinates": [
          75.249646,
          13.690407
        ]
      },
      "properties": {
        "stop_id": "C1932-tirthahalli-bus-stand",
        "stop_name": "TIRTHAHALLI BUS STAND",
        "city_name": "TIRTHAHALLI",
        "city_id": 1932,
        "source": "manual"
      }
    },
    {
      "type": "Feature",
      "geometry": {
        "type": "Point",
        "coordinates": [
          77.592775,
          12.954385
        ]
      },
      "properties": {
        "stop_id": "C368-shanthinagar-bs-double-road",
        "stop_name": "SHANTHINAGAR BS DOUBLE  ROAD",
        "city_name": "BENGALURU",
        "city_id": 368,
        "source": "manual"
      }
    },
    {
      "type": "Feature",
      "geometry": {
        "type": "Point",
        "coordinates": [
          75.096067,
          13.508687
        ]
      },
      "properties": {
        "stop_id": "C681-agumbe-bus-stand",
        "stop_name": "AGUMBE BUS STAND",
        "city_name": "AGUMBE",
        "city_id": 681,
        "source": "manual"
      }
    },
    {
      "type": "Feature",
      "geometry": {
        "type": "Point",
        "coordinates": [
          76.784954,
          16.533524
        ]
      },
      "properties": {
        "stop_id": "C1499-surapura-bypass-venkatappa-nayak-chowk",
        "stop_name": "SURAPURA BYPASS VENKATAPPA NAYAK CHOWK 7760992463",
        "city_name": "SURAPURA",
        "city_id": 1499,
        "source": "manual"
      }
    },
    {
      "type": "Feature",
      "geometry": {
        "type": "Point",
        "coordinates": [
          75.006908,
          15.455554
        ]
      },
      "properties": {
        "stop_id": "C567-court-circle-ganesh-travels",
        "stop_name": "COURT CIRCLE GANESH  TRAVELS  9343100646",
        "city_name": "DHARWAD",
        "city_id": 567,
        "source": "manual"
      }
    },
    {
      "type": "Feature",
      "geometry": {
        "type": "Point",
        "coordinates": [
          75.024812,
          15.432879
        ]
      },
      "properties": {
        "stop_id": "C567-sdm-college-pickup-point",
        "stop_name": "SDM COLLEGE PICKUP POINT 7760991682",
        "city_name": "DHARWAD",
        "city_id": 567,
        "source": "manual"
      }
    },
    {
      "type": "Feature",
      "geometry": {
        "type": "Point",
        "coordinates": [
          75.082523,
          15.397078
        ]
      },
      "properties": {
        "stop_id": "C132-navanagar-pickup-point",
        "stop_name": "NAVANAGAR PICKUP POINT 7760991682",
        "city_name": "HUBBALLI",
        "city_id": 132,
        "source": "manual"
      }
    },
    {
      "type": "Feature",
      "geometry": {
        "type": "Point",
        "coordinates": [
          75.127487,
          15.355875
        ]
      },
      "properties": {
        "stop_id": "C132-hosur-bus-terminal",
        "stop_name": "HOSUR BUS TERMINAL",
        "city_name": "HUBBALLI",
        "city_id": 132,
        "source": "manual"
      }
    },
    {
      "type": "Feature",
      "geometry": {
        "type": "Point",
        "coordinates": [
          75.636325,
          15.41763
        ]
      },
      "properties": {
        "stop_id": "C570-gdg-new-bus-stand",
        "stop_name": "GDG NEW BUS STAND",
        "city_name": "GADAG",
        "city_id": 570,
        "source": "manual"
      }
    },
    {
      "type": "Feature",
      "geometry": {
        "type": "Point",
        "coordinates": [
          77.285919,
          15.619017
        ]
      },
      "properties": {
        "stop_id": "C4-adoni-apsrtc-bus-stand",
        "stop_name": "ADONI APSRTC BUS STAND",
        "city_name": "ADONI",
        "city_id": 4,
        "source": "manual"
      }
    },
    {
      "type": "Feature",
      "geometry": {
        "type": "Point",
        "coordinates": [
          78.027834,
          15.824065
        ]
      },
      "properties": {
        "stop_id": "C189-kurnool-bus-stand",
        "stop_name": "KURNOOL BUS STAND",
        "city_name": "KURNOOL",
        "city_id": 189,
        "source": "manual"
      }
    },
    {
      "type": "Feature",
      "geometry": {
        "type": "Point",
        "coordinates": [
          74.998637,
          13.212863
        ]
      },
      "properties": {
        "stop_id": "C2208-karkala",
        "stop_name": "KARKALA",
        "city_name": "KARKALA",
        "city_id": 2208,
        "source": "manual"
      }
    },
    {
      "type": "Feature",
      "geometry": {
        "type": "Point",
        "coordinates": [
          75.281105,
          12.989859
        ]
      },
      "properties": {
        "stop_id": "C1821-belthangadi-bus-stand",
        "stop_name": "BELTHANGADI BUS STAND",
        "city_name": "BELTHANGADI",
        "city_id": 1821,
        "source": "manual"
      }
    },
    {
      "type": "Feature",
      "geometry": {
        "type": "Point",
        "coordinates": [
          75.613858,
          12.665902
        ]
      },
      "properties": {
        "stop_id": "C1849-kukkesubramanya-bus-stand",
        "stop_name": "KUKKESUBRAMANYA BUS STAND",
        "city_name": "KUKKESUBRAMANYA",
        "city_id": 1849,
        "source": "manual"
      }
    },
    {
      "type": "Feature",
      "geometry": {
        "type": "Point",
        "coordinates": [
          75.613858,
          12.665902
        ]
      },
      "properties": {
        "stop_id": "C2106-kukkesubramanya-bus-stand",
        "stop_name": "KUKKESUBRAMANYA BUS STAND",
        "city_name": "KUKKESUBRAMANYA",
        "city_id": 2106,
        "source": "manual"
      }
    },
    {
      "type": "Feature",
      "geometry": {
        "type": "Point",
        "coordinates": [
          74.882041,
          12.812054
        ]
      },
      "properties": {
        "stop_id": "C4885-yenepoya-hospital",
        "stop_name": "YENEPOYA HOSPITAL",
        "city_name": "YENPOYA",
        "city_id": 4885,
        "source": "manual"
      }
    },
    {
      "type": "Feature",
      "geometry": {
        "type": "Point",
        "coordinates": [
          77.571898,
          12.976818
        ]
      },
      "properties": {
        "stop_id": "C368-kempegowda-bs-terminal-2",
        "stop_name": "KEMPEGOWDA BS TERMINAL 2",
        "city_name": "BENGALURU",
        "city_id": 368,
        "source": "manual"
      }
    },
    {
      "type": "Feature",
      "geometry": {
        "type": "Point",
        "coordinates": [
          78.373281,
          17.247328
        ]
      },
      "properties": {
        "stop_id": "C111-near-hyderabad-airport-orr-exit-toll-gate-opp-to-jama-masjid-thondpally",
        "stop_name": "NEAR HYDERABAD AIRPORT ORR EXIT TOLL GATE OPP TO JAMA MASJID THONDPALLY",
        "city_name": "HYDERABAD",
        "city_id": 111,
        "source": "manual"
      }
    },
    {
      "type": "Feature",
      "geometry": {
        "type": "Point",
        "coordinates": [
          75.421912,
          13.551677
        ]
      },
      "properties": {
        "stop_id": "C2723-kuduregundi-bus-stand",
        "stop_name": "KUDUREGUNDI BUS STAND",
        "city_name": "KUDUREGUNDI",
        "city_id": 2723,
        "source": "manual"
      }
    },
    {
      "type": "Feature",
      "geometry": {
        "type": "Point",
        "coordinates": [
          75.512299,
          13.611632
        ]
      },
      "properties": {
        "stop_id": "C534-narasimharaja-pura",
        "stop_name": "NARASIMHARAJA PURA",
        "city_name": "NARASIMHARAJA PURA",
        "city_id": 534,
        "source": "manual"
      }
    },
    {
      "type": "Feature",
      "geometry": {
        "type": "Point",
        "coordinates": [
          75.212544,
          13.583995
        ]
      },
      "properties": {
        "stop_id": "C1990-kammaradi-bus-stand",
        "stop_name": "KAMMARADI BUS STAND",
        "city_name": "KAMMARDI",
        "city_id": 1990,
        "source": "manual"
      }
    },
    {
      "type": "Feature",
      "geometry": {
        "type": "Point",
        "coordinates": [
          75.569574,
          13.766632
        ]
      },
      "properties": {
        "stop_id": "C2044-umlebile-bus-stand",
        "stop_name": "UMLEBILE BUS STAND",
        "city_name": "UMLEBILE",
        "city_id": 2044,
        "source": "manual"
      }
    },
    {
      "type": "Feature",
      "geometry": {
        "type": "Point",
        "coordinates": [
          75.65701,
          13.701443
        ]
      },
      "properties": {
        "stop_id": "C2516-lakkavally",
        "stop_name": "LAKKAVALLY",
        "city_name": "LAKKAVALLY",
        "city_id": 2516,
        "source": "manual"
      }
    },
    {
      "type": "Feature",
      "geometry": {
        "type": "Point",
        "coordinates": [
          75.319623,
          13.517009
        ]
      },
      "properties": {
        "stop_id": "C5285-sigadalu-main-road",
        "stop_name": "SIGADALU MAIN ROAD",
        "city_name": "SIGADALU",
        "city_id": 5285,
        "source": "manual"
      }
    },
    {
      "type": "Feature",
      "geometry": {
        "type": "Point",
        "coordinates": [
          75.2702913,
          13.5759793
        ]
      },
      "properties": {
        "stop_id": "C5286-karangi-main-road",
        "stop_name": "KARANGI MAIN ROAD",
        "city_name": "KARANGI",
        "city_id": 5286,
        "source": "manual"
      }
    },
    {
      "type": "Feature",
      "geometry": {
        "type": "Point",
        "coordinates": [
          75.268718,
          13.557991
        ]
      },
      "properties": {
        "stop_id": "C5288-bhandigadi-post-office",
        "stop_name": "BHANDIGADI POST OFFICE",
        "city_name": "BHANDIGADI ",
        "city_id": 5288,
        "source": "manual"
      }
    },
    {
      "type": "Feature",
      "geometry": {
        "type": "Point",
        "coordinates": [
          75.24114,
          13.575598
        ]
      },
      "properties": {
        "stop_id": "C5289-hosuru-main-road",
        "stop_name": "HOSURU MAIN ROAD",
        "city_name": "HOSURU KOPPA",
        "city_id": 5289,
        "source": "manual"
      }
    },
    {
      "type": "Feature",
      "geometry": {
        "type": "Point",
        "coordinates": [
          75.227009,
          13.586871
        ]
      },
      "properties": {
        "stop_id": "C5291-chavalamane-ayyappa-temple",
        "stop_name": "CHAVALAMANE AYYAPPA TEMPLE",
        "city_name": "CHAVALMANE",
        "city_id": 5291,
        "source": "manual"
      }
    },
    {
      "type": "Feature",
      "geometry": {
        "type": "Point",
        "coordinates": [
          75.236099,
          13.577817
        ]
      },
      "properties": {
        "stop_id": "C5292-halmathuru-grameena-bank",
        "stop_name": "HALMATHURU GRAMEENA BANK",
        "city_name": "HALMATHUR",
        "city_id": 5292,
        "source": "manual"
      }
    },
    {
      "type": "Feature",
      "geometry": {
        "type": "Point",
        "coordinates": [
          75.001659,
          13.717651
        ]
      },
      "properties": {
        "stop_id": "C5294-kadathur-check-post",
        "stop_name": "KADATHUR CHECK POST",
        "city_name": "KADATHUR",
        "city_id": 5294,
        "source": "manual"
      }
    },
    {
      "type": "Feature",
      "geometry": {
        "type": "Point",
        "coordinates": [
          74.792892,
          13.012049
        ]
      },
      "properties": {
        "stop_id": "C1586-suratkal-nitk",
        "stop_name": "SURATKAL NITK",
        "city_name": "SURATHKAL",
        "city_id": 1586,
        "source": "manual"
      }
    },
    {
      "type": "Feature",
      "geometry": {
        "type": "Point",
        "coordinates": [
          75.393419,
          12.557177
        ]
      },
      "properties": {
        "stop_id": "C1330-sullya",
        "stop_name": "SULLYA",
        "city_name": "SULLYA",
        "city_id": 1330,
        "source": "manual"
      }
    },
    {
      "type": "Feature",
      "geometry": {
        "type": "Point",
        "coordinates": [
          75.960206,
          12.456746
        ]
      },
      "properties": {
        "stop_id": "C2278-kushal-nagar-bus-stand",
        "stop_name": "KUSHAL NAGAR BUS STAND",
        "city_name": "KUSHAL NAGAR",
        "city_id": 2278,
        "source": "manual"
      }
    },
    {
      "type": "Feature",
      "geometry": {
        "type": "Point",
        "coordinates": [
          74.520251,
          15.861647
        ]
      },
      "properties": {
        "stop_id": "C450-belagavi",
        "stop_name": "BELAGAVI",
        "city_name": "BELAGAVI",
        "city_id": 450,
        "source": "manual"
      }
    },
    {
      "type": "Feature",
      "geometry": {
        "type": "Point",
        "coordinates": [
          74.577737,
          16.426096
        ]
      },
      "properties": {
        "stop_id": "C551-chikkodi-bus-stand",
        "stop_name": "CHIKKODI BUS STAND",
        "city_name": "CHIKKODI",
        "city_id": 551,
        "source": "manual"
      }
    },
    {
      "type": "Feature",
      "geometry": {
        "type": "Point",
        "coordinates": [
          74.603722,
          16.231699
        ]
      },
      "properties": {
        "stop_id": "C743-hukkeri",
        "stop_name": "HUKKERI",
        "city_name": "HUKKERI",
        "city_id": 743,
        "source": "manual"
      }
    },
    {
      "type": "Feature",
      "geometry": {
        "type": "Point",
        "coordinates": [
          74.894536,
          16.670587
        ]
      },
      "properties": {
        "stop_id": "C976-ainapura",
        "stop_name": "AINAPURA",
        "city_name": "AINAPURA",
        "city_id": 976,
        "source": "manual"
      }
    },
    {
      "type": "Feature",
      "geometry": {
        "type": "Point",
        "coordinates": [
          75.064871,
          16.722168
        ]
      },
      "properties": {
        "stop_id": "C1138-athani-bus-stand",
        "stop_name": "ATHANI BUS STAND",
        "city_name": "ATHANI",
        "city_id": 1138,
        "source": "manual"
      }
    },
    {
      "type": "Feature",
      "geometry": {
        "type": "Point",
        "coordinates": [
          77.573685,
          12.916947
        ]
      },
      "properties": {
        "stop_id": "C368-banashankari-ttmc-bs",
        "stop_name": "BANASHANKARI TTMC BS 26716577",
        "city_name": "BENGALURU",
        "city_id": 368,
        "source": "manual"
      }
    },
    {
      "type": "Feature",
      "geometry": {
        "type": "Point",
        "coordinates": [
          77.56905,
          12.937888
        ]
      },
      "properties": {
        "stop_id": "C368-n-r-colony-bmtc-bus-stand",
        "stop_name": "N.R. COLONY BMTC BUS STAND",
        "city_name": "BENGALURU",
        "city_id": 368,
        "source": "manual"
      }
    },
    {
      "type": "Feature",
      "geometry": {
        "type": "Point",
        "coordinates": [
          75.253114,
          12.985119
        ]
      },
      "properties": {
        "stop_id": "C50-guruvayanakere",
        "stop_name": "GURUVAYANAKERE",
        "city_name": "GURUVAYANAKERE",
        "city_id": 50,
        "source": "manual"
      }
    },
    {
      "type": "Feature",
      "geometry": {
        "type": "Point",
        "coordinates": [
          75.186166,
          12.950479
        ]
      },
      "properties": {
        "stop_id": "C222-madanthiyar",
        "stop_name": "MADANTHIYAR",
        "city_name": "MADANTHIYAR",
        "city_id": 222,
        "source": "manual"
      }
    },
    {
      "type": "Feature",
      "geometry": {
        "type": "Point",
        "coordinates": [
          75.456831,
          14.373242
        ]
      },
      "properties": {
        "stop_id": "C458-masur-bus-stand",
        "stop_name": "MASUR BUS STAND",
        "city_name": "MASUR",
        "city_id": 458,
        "source": "manual"
      }
    },
    {
      "type": "Feature",
      "geometry": {
        "type": "Point",
        "coordinates": [
          75.393367,
          14.45557
        ]
      },
      "properties": {
        "stop_id": "C749-hirekerur",
        "stop_name": "HIREKERUR",
        "city_name": "HIREKERUR",
        "city_id": 749,
        "source": "manual"
      }
    },
    {
      "type": "Feature",
      "geometry": {
        "type": "Point",
        "coordinates": [
          75.63402,
          14.616046
        ]
      },
      "properties": {
        "stop_id": "C931-ranebennur-bus-stand",
        "stop_name": "RANEBENNUR BUS STAND",
        "city_name": "RANEBENNUR",
        "city_id": 931,
        "source": "manual"
      }
    },
    {
      "type": "Feature",
      "geometry": {
        "type": "Point",
        "coordinates": [
          75.511224,
          14.425607
        ]
      },
      "properties": {
        "stop_id": "C989-rattihalli-bus-stand",
        "stop_name": "RATTIHALLI BUS STAND",
        "city_name": "RATTIHALLI",
        "city_id": 989,
        "source": "manual"
      }
    },
    {
      "type": "Feature",
      "geometry": {
        "type": "Point",
        "coordinates": [
          75.032652,
          13.824658
        ]
      },
      "properties": {
        "stop_id": "C377-nagara-bus-stand",
        "stop_name": "NAGARA BUS STAND",
        "city_name": "NAGARA",
        "city_id": 377,
        "source": "manual"
      }
    },
    {
      "type": "Feature",
      "geometry": {
        "type": "Point",
        "coordinates": [
          74.910957,
          13.921036
        ]
      },
      "properties": {
        "stop_id": "C439-nittur-kou-bus-stand",
        "stop_name": "NITTUR KOU BUS STAND",
        "city_name": "NITTUR KOLLUR",
        "city_id": 439,
        "source": "manual"
      }
    },
    {
      "type": "Feature",
      "geometry": {
        "type": "Point",
        "coordinates": [
          74.813782,
          13.863591
        ]
      },
      "properties": {
        "stop_id": "C529-kollur",
        "stop_name": "KOLLUR",
        "city_name": "KOLLUR",
        "city_id": 529,
        "source": "manual"
      }
    },
    {
      "type": "Feature",
      "geometry": {
        "type": "Point",
        "coordinates": [
          75.065588,
          13.916727
        ]
      },
      "properties": {
        "stop_id": "C868-hosanagara",
        "stop_name": "HOSANAGARA",
        "city_name": "HOSANAGARA",
        "city_id": 868,
        "source": "manual"
      }
    },
    {
      "type": "Feature",
      "geometry": {
        "type": "Point",
        "coordinates": [
          75.259077,
          13.991872
        ]
      },
      "properties": {
        "stop_id": "C981-rippanpet",
        "stop_name": "RIPPANPET",
        "city_name": "RIPPANPET",
        "city_id": 981,
        "source": "manual"
      }
    },
    {
      "type": "Feature",
      "geometry": {
        "type": "Point",
        "coordinates": [
          75.43719,
          14.010982
        ]
      },
      "properties": {
        "stop_id": "C1192-ayanoor-bus-stand",
        "stop_name": "AYANOOR BUS STAND",
        "city_name": "AYANOOR",
        "city_id": 1192,
        "source": "manual"
      }
    },
    {
      "type": "Feature",
      "geometry": {
        "type": "Point",
        "coordinates": [
          75.248711,
          13.545416
        ]
      },
      "properties": {
        "stop_id": "C1420-sampekatte",
        "stop_name": "SAMPEKATTE",
        "city_name": "SAMPEKATTE",
        "city_id": 1420,
        "source": "manual"
      }
    },
    {
      "type": "Feature",
      "geometry": {
        "type": "Point",
        "coordinates": [
          74.628267,
          13.875725
        ]
      },
      "properties": {
        "stop_id": "C1624-byndoor",
        "stop_name": "BYNDOOR",
        "city_name": "BYNDOOR",
        "city_id": 1624,
        "source": "manual"
      }
    },
    {
      "type": "Feature",
      "geometry": {
        "type": "Point",
        "coordinates": [
          76.531967,
          15.423149
        ]
      },
      "properties": {
        "stop_id": "C57-gangavathi-bus-stand",
        "stop_name": "GANGAVATHI BUS STAND",
        "city_name": "GANGAVATHI",
        "city_id": 57,
        "source": "manual"
      }
    },
    {
      "type": "Feature",
      "geometry": {
        "type": "Point",
        "coordinates": [
          77.049118,
          15.997245
        ]
      },
      "properties": {
        "stop_id": "C52-manvi-bus-stand",
        "stop_name": "MANVI BUS STAND",
        "city_name": "MANVI",
        "city_id": 52,
        "source": "manual"
      }
    },
    {
      "type": "Feature",
      "geometry": {
        "type": "Point",
        "coordinates": [
          77.346143,
          16.201633
        ]
      },
      "properties": {
        "stop_id": "C596-raichur-bus-stand",
        "stop_name": "RAICHUR BUS STAND",
        "city_name": "RAICHUR",
        "city_id": 596,
        "source": "manual"
      }
    },
    {
      "type": "Feature",
      "geometry": {
        "type": "Point",
        "coordinates": [
          76.756469,
          15.769862
        ]
      },
      "properties": {
        "stop_id": "C1365-sindhanoor",
        "stop_name": "SINDHANOOR",
        "city_name": "SINDHANUR",
        "city_id": 1365,
        "source": "manual"
      }
    },
    {
      "type": "Feature",
      "geometry": {
        "type": "Point",
        "coordinates": [
          74.835476,
          14.615681
        ]
      },
      "properties": {
        "stop_id": "C604-sirsi-old-bus-stand",
        "stop_name": "SIRSI OLD BUS STAND",
        "city_name": "SIRSI",
        "city_id": 604,
        "source": "manual"
      }
    },
    {
      "type": "Feature",
      "geometry": {
        "type": "Point",
        "coordinates": [
          74.822452,
          14.622287
        ]
      },
      "properties": {
        "stop_id": "C604-sirsi-new-bus-stand",
        "stop_name": "SIRSI NEW BUS STAND",
        "city_name": "SIRSI",
        "city_id": 604,
        "source": "manual"
      }
    },
    {
      "type": "Feature",
      "geometry": {
        "type": "Point",
        "coordinates": [
          75.012754,
          14.538672
        ]
      },
      "properties": {
        "stop_id": "C2191-banvasi-bus-stand",
        "stop_name": "BANVASI BUS STAND",
        "city_name": "BANAVASI",
        "city_id": 2191,
        "source": "manual"
      }
    },
    {
      "type": "Feature",
      "geometry": {
        "type": "Point",
        "coordinates": [
          75.093844,
          14.380563
        ]
      },
      "properties": {
        "stop_id": "C1452-soraba-bus-stand",
        "stop_name": "SORABA BUS STAND",
        "city_name": "SORABA",
        "city_id": 1452,
        "source": "manual"
      }
    },
    {
      "type": "Feature",
      "geometry": {
        "type": "Point",
        "coordinates": [
          75.248254,
          14.381586
        ]
      },
      "properties": {
        "stop_id": "C1481-shiralakoppa",
        "stop_name": "SHIRALAKOPPA",
        "city_name": "SHIRALAKOPPA P",
        "city_id": 1481,
        "source": "manual"
      }
    },
    {
      "type": "Feature",
      "geometry": {
        "type": "Point",
        "coordinates": [
          74.817947,
          13.578727
        ]
      },
      "properties": {
        "stop_id": "C1318-bidakalakatte",
        "stop_name": "BIDAKALAKATTE",
        "city_name": "BIDKALKATTE",
        "city_id": 1318,
        "source": "manual"
      }
    },
    {
      "type": "Feature",
      "geometry": {
        "type": "Point",
        "coordinates": [
          75.356119,
          14.268007
        ]
      },
      "properties": {
        "stop_id": "C1195-shikaripura-bus-stand",
        "stop_name": "SHIKARIPURA BUS STAND",
        "city_name": "SHIKARIPUR",
        "city_id": 1195,
        "source": "manual"
      }
    },
    {
      "type": "Feature",
      "geometry": {
        "type": "Point",
        "coordinates": [
          76.797459,
          10.812611
        ]
      },
      "properties": {
        "stop_id": "C2715-walayar-toll-exit",
        "stop_name": "WALAYAR TOLL EXIT",
        "city_name": "PALAKKAD",
        "city_id": 2715,
        "source": "manual"
      }
    },
    {
      "type": "Feature",
      "geometry": {
        "type": "Point",
        "coordinates": [
          75.386698,
          12.556186
        ]
      },
      "properties": {
        "stop_id": "C1330-kvg-campus",
        "stop_name": "KVG CAMPUS",
        "city_name": "SULLYA",
        "city_id": 1330,
        "source": "manual"
      }
    },
    {
      "type": "Feature",
      "geometry": {
        "type": "Point",
        "coordinates": [
          76.902313,
          13.739724
        ]
      },
      "properties": {
        "stop_id": "C1449-sira-bus-stand",
        "stop_name": "SIRA BUS STAND",
        "city_name": "SIRA",
        "city_id": 1449,
        "source": "manual"
      }
    },
    {
      "type": "Feature",
      "geometry": {
        "type": "Point",
        "coordinates": [
          76.652285,
          14.315229
        ]
      },
      "properties": {
        "stop_id": "C2561-challakere-bus-stand",
        "stop_name": "CHALLAKERE BUS STAND",
        "city_name": "CHALLAKERE",
        "city_id": 2561,
        "source": "manual"
      }
    },
    {
      "type": "Feature",
      "geometry": {
        "type": "Point",
        "coordinates": [
          76.782254,
          14.881234
        ]
      },
      "properties": {
        "stop_id": "C921-rampur-bus-stand",
        "stop_name": "RAMPUR BUS STAND",
        "city_name": "RAMPUR",
        "city_id": 921,
        "source": "manual"
      }
    },
    {
      "type": "Feature",
      "geometry": {
        "type": "Point",
        "coordinates": [
          76.832637,
          15.343481
        ]
      },
      "properties": {
        "stop_id": "C1687-kurgodu-bus-stand",
        "stop_name": "KURGODU BUS STAND",
        "city_name": "KURGODU",
        "city_id": 1687,
        "source": "manual"
      }
    },
    {
      "type": "Feature",
      "geometry": {
        "type": "Point",
        "coordinates": [
          76.604286,
          15.405824
        ]
      },
      "properties": {
        "stop_id": "C1988-kampli",
        "stop_name": "KAMPLI",
        "city_name": "KAMPLI",
        "city_id": 1988,
        "source": "manual"
      }
    },
    {
      "type": "Feature",
      "geometry": {
        "type": "Point",
        "coordinates": [
          75.208053,
          13.861929
        ]
      },
      "properties": {
        "stop_id": "C2134-humcha-bus-stand",
        "stop_name": "HUMCHA BUS STAND",
        "city_name": "HUMCHA",
        "city_id": 2134,
        "source": "manual"
      }
    },
    {
      "type": "Feature",
      "geometry": {
        "type": "Point",
        "coordinates": [
          75.246228,
          13.811421
        ]
      },
      "properties": {
        "stop_id": "C2035-konanduru-bus-stand",
        "stop_name": "KONANDURU BUS STAND",
        "city_name": "KONANDOR",
        "city_id": 2035,
        "source": "manual"
      }
    },
    {
      "type": "Feature",
      "geometry": {
        "type": "Point",
        "coordinates": [
          77.58536,
          13.026191
        ]
      },
      "properties": {
        "stop_id": "C368-ganganagar-cbi-bmtc-bs-opp",
        "stop_name": "GANGANAGAR-CBI BMTC BS OPP",
        "city_name": "BENGALURU",
        "city_id": 368,
        "source": "manual"
      }
    },
    {
      "type": "Feature",
      "geometry": {
        "type": "Point",
        "coordinates": [
          77.708697,
          13.199192
        ]
      },
      "properties": {
        "stop_id": "C1598-kempegowda-intl-airport-terminal-1",
        "stop_name": "KEMPEGOWDA INTL AIRPORT TERMINAL-1",
        "city_name": "KEMPEGOWDA INTL AIRPORT",
        "city_id": 1598,
        "source": "manual"
      }
    },
    {
      "type": "Feature",
      "geometry": {
        "type": "Point",
        "coordinates": [
          75.885656,
          15.207137
        ]
      },
      "properties": {
        "stop_id": "C116-mundaragi",
        "stop_name": "MUNDARAGI",
        "city_name": "MUNDARAGI",
        "city_id": 116,
        "source": "manual"
      }
    },
    {
      "type": "Feature",
      "geometry": {
        "type": "Point",
        "coordinates": [
          75.933379,
          15.017626
        ]
      },
      "properties": {
        "stop_id": "C176-huvina-hadagali",
        "stop_name": "HUVINA HADAGALI",
        "city_name": "HUVINA HADAGALI",
        "city_id": 176,
        "source": "manual"
      }
    },
    {
      "type": "Feature",
      "geometry": {
        "type": "Point",
        "coordinates": [
          74.770579,
          14.337616
        ]
      },
      "properties": {
        "stop_id": "C1273-itagi",
        "stop_name": "ITAGI",
        "city_name": "ITAGI",
        "city_id": 1273,
        "source": "manual"
      }
    },
    {
      "type": "Feature",
      "geometry": {
        "type": "Point",
        "coordinates": [
          77.47069,
          12.90456
        ]
      },
      "properties": {
        "stop_id": "C368-nice-rd-entry-opp-vishwa-vokkaligara-mata",
        "stop_name": "NICE RD ENTRY OPP VISHWA VOKKALIGARA MATA",
        "city_name": "BENGALURU",
        "city_id": 368,
        "source": "manual"
      }
    },
    {
      "type": "Feature",
      "geometry": {
        "type": "Point",
        "coordinates": [
          75.888984,
          12.726706
        ]
      },
      "properties": {
        "stop_id": "C1547-shanivarasanthe-bus-stand",
        "stop_name": "SHANIVARASANTHE BUS STAND",
        "city_name": "SHANIVARASANTHE",
        "city_id": 1547,
        "source": "manual"
      }
    },
    {
      "type": "Feature",
      "geometry": {
        "type": "Point",
        "coordinates": [
          75.613856,
          12.665902
        ]
      },
      "properties": {
        "stop_id": "C1849-kukkesubramanya",
        "stop_name": "KUKKESUBRAMANYA",
        "city_name": "KUKKESUBRAMANYA",
        "city_id": 1849,
        "source": "manual"
      }
    },
    {
      "type": "Feature",
      "geometry": {
        "type": "Point",
        "coordinates": [
          75.693097,
          12.718118
        ]
      },
      "properties": {
        "stop_id": "C2059-bisle",
        "stop_name": "BISLE",
        "city_name": "BISLE",
        "city_id": 2059,
        "source": "manual"
      }
    },
    {
      "type": "Feature",
      "geometry": {
        "type": "Point",
        "coordinates": [
          76.183945,
          14.042338
        ]
      },
      "properties": {
        "stop_id": "C920-holalkere-bus-station",
        "stop_name": "HOLALKERE BUS STATION",
        "city_name": "HOLALKERE",
        "city_id": 920,
        "source": "manual"
      }
    },
    {
      "type": "Feature",
      "geometry": {
        "type": "Point",
        "coordinates": [
          75.92923,
          14.021564
        ]
      },
      "properties": {
        "stop_id": "C2399-channagiri-bus-stand",
        "stop_name": "CHANNAGIRI  BUS STAND",
        "city_name": "CHANNAGIRI",
        "city_id": 2399,
        "source": "manual"
      }
    },
    {
      "type": "Feature",
      "geometry": {
        "type": "Point",
        "coordinates": [
          77.591695,
          13.042925
        ]
      },
      "properties": {
        "stop_id": "C368-hebbal-bmtc-bus-stop",
        "stop_name": "HEBBAL BMTC BUS STOP",
        "city_name": "BENGALURU",
        "city_id": 368,
        "source": "manual"
      }
    },
    {
      "type": "Feature",
      "geometry": {
        "type": "Point",
        "coordinates": [
          77.592863,
          13.049582
        ]
      },
      "properties": {
        "stop_id": "C368-opp-esteem-mall-ynk-road",
        "stop_name": "OPP ESTEEM MALL YNK ROAD",
        "city_name": "BENGALURU",
        "city_id": 368,
        "source": "manual"
      }
    },
    {
      "type": "Feature",
      "geometry": {
        "type": "Point",
        "coordinates": [
          77.757159,
          17.275155
        ]
      },
      "properties": {
        "stop_id": "C55-dornal",
        "stop_name": "DORNAL",
        "city_name": "DORNAL",
        "city_id": 55,
        "source": "manual"
      }
    },
    {
      "type": "Feature",
      "geometry": {
        "type": "Point",
        "coordinates": [
          78.260981,
          15.855908
        ]
      },
      "properties": {
        "stop_id": "C250-nandikottur",
        "stop_name": "NANDIKOTTUR",
        "city_name": "NANDIKOTTUR",
        "city_id": 250,
        "source": "manual"
      }
    },
    {
      "type": "Feature",
      "geometry": {
        "type": "Point",
        "coordinates": [
          79.07388,
          15.944082
        ]
      },
      "properties": {
        "stop_id": "C380-s-p-colony",
        "stop_name": "S.P.COLONY",
        "city_name": "S.P.COLONY",
        "city_id": 380,
        "source": "manual"
      }
    },
    {
      "type": "Feature",
      "geometry": {
        "type": "Point",
        "coordinates": [
          78.875131,
          16.07375
        ]
      },
      "properties": {
        "stop_id": "C383-shrishail-bus-stand",
        "stop_name": "SHRISHAIL BUS STAND",
        "city_name": "SRISAILAM",
        "city_id": 383,
        "source": "manual"
      }
    },
    {
      "type": "Feature",
      "geometry": {
        "type": "Point",
        "coordinates": [
          78.582716,
          15.877515
        ]
      },
      "properties": {
        "stop_id": "C1133-atmakur-bus-stand",
        "stop_name": "ATMAKUR BUS STAND",
        "city_name": "ATMAKUR",
        "city_id": 1133,
        "source": "manual"
      }
    },
    {
      "type": "Feature",
      "geometry": {
        "type": "Point",
        "coordinates": [
          77.560673,
          12.935384
        ]
      },
      "properties": {
        "stop_id": "C368-vidyapeeta",
        "stop_name": "VIDYAPEETA",
        "city_name": "BENGALURU",
        "city_id": 368,
        "source": "manual"
      }
    },
    {
      "type": "Feature",
      "geometry": {
        "type": "Point",
        "coordinates": [
          77.553653,
          12.923876
        ]
      },
      "properties": {
        "stop_id": "C368-katriguppe-bmtc-bs-near-katriguppe",
        "stop_name": "KATRIGUPPE BMTC BS NEAR KATRIGUPPE",
        "city_name": "BENGALURU",
        "city_id": 368,
        "source": "manual"
      }
    },
    {
      "type": "Feature",
      "geometry": {
        "type": "Point",
        "coordinates": [
          77.562132,
          12.960151
        ]
      },
      "properties": {
        "stop_id": "C368-chamarajpete",
        "stop_name": "CHAMARAJPETE",
        "city_name": "BENGALURU",
        "city_id": 368,
        "source": "manual"
      }
    },
    {
      "type": "Feature",
      "geometry": {
        "type": "Point",
        "coordinates": [
          77.567601,
          12.948851
        ]
      },
      "properties": {
        "stop_id": "C368-ramakrishna-ashrama",
        "stop_name": "RAMAKRISHNA ASHRAMA",
        "city_name": "BENGALURU",
        "city_id": 368,
        "source": "manual"
      }
    },
    {
      "type": "Feature",
      "geometry": {
        "type": "Point",
        "coordinates": [
          74.864908,
          13.351507
        ]
      },
      "properties": {
        "stop_id": "C447-hiriyadka-bus-stand",
        "stop_name": "HIRIYADKA BUS STAND",
        "city_name": "HIRIYADKA",
        "city_id": 447,
        "source": "manual"
      }
    },
    {
      "type": "Feature",
      "geometry": {
        "type": "Point",
        "coordinates": [
          76.262864,
          12.56292
        ]
      },
      "properties": {
        "stop_id": "C1308-saligrama",
        "stop_name": "SALIGRAMA",
        "city_name": "SALIGRAMA",
        "city_id": 1308,
        "source": "manual"
      }
    },
    {
      "type": "Feature",
      "geometry": {
        "type": "Point",
        "coordinates": [
          76.049191,
          12.627816
        ]
      },
      "properties": {
        "stop_id": "C2056-konanur",
        "stop_name": "KONANUR",
        "city_name": "KONANUR",
        "city_id": 2056,
        "source": "manual"
      }
    },
    {
      "type": "Feature",
      "geometry": {
        "type": "Point",
        "coordinates": [
          77.625137,
          12.940754
        ]
      },
      "properties": {
        "stop_id": "C368-koramangala-ttmc-bus",
        "stop_name": "KORAMANGALA TTMC BUS",
        "city_name": "BENGALURU",
        "city_id": 368,
        "source": "manual"
      }
    },
    {
      "type": "Feature",
      "geometry": {
        "type": "Point",
        "coordinates": [
          76.099425,
          12.337427
        ]
      },
      "properties": {
        "stop_id": "C784-piriyapatna-bus-stand",
        "stop_name": "PIRIYAPATNA BUS STAND",
        "city_name": "PIRIYAPATNA",
        "city_id": 784,
        "source": "manual"
      }
    },
    {
      "type": "Feature",
      "geometry": {
        "type": "Point",
        "coordinates": [
          75.83059,
          12.452685
        ]
      },
      "properties": {
        "stop_id": "C1619-suntikoppa",
        "stop_name": "SUNTIKOPPA",
        "city_name": "SUNTIKOPPA",
        "city_id": 1619,
        "source": "manual"
      }
    },
    {
      "type": "Feature",
      "geometry": {
        "type": "Point",
        "coordinates": [
          75.996264,
          12.429642
        ]
      },
      "properties": {
        "stop_id": "C2219-bylukuppe",
        "stop_name": "BYLUKUPPE",
        "city_name": "BYLUKUPPE",
        "city_id": 2219,
        "source": "manual"
      }
    },
    {
      "type": "Feature",
      "geometry": {
        "type": "Point",
        "coordinates": [
          77.600718,
          13.104362
        ]
      },
      "properties": {
        "stop_id": "C368-kogilu-cross-gokul-hotel",
        "stop_name": "KOGILU CROSS GOKUL HOTEL ",
        "city_name": "BENGALURU",
        "city_id": 368,
        "source": "manual"
      }
    },
    {
      "type": "Feature",
      "geometry": {
        "type": "Point",
        "coordinates": [
          77.58816,
          13.099396
        ]
      },
      "properties": {
        "stop_id": "C368-yelahanka-coffee-day-mahindra",
        "stop_name": "YELAHANKA COFFEE DAY MAHINDRA",
        "city_name": "BENGALURU",
        "city_id": 368,
        "source": "manual"
      }
    },
    {
      "type": "Feature",
      "geometry": {
        "type": "Point",
        "coordinates": [
          77.599997,
          14.68527
        ]
      },
      "properties": {
        "stop_id": "C15-anantapur-bus-stand",
        "stop_name": "ANANTAPUR BUS STAND",
        "city_name": "ANANTAPUR",
        "city_id": 15,
        "source": "manual"
      }
    },
    {
      "type": "Feature",
      "geometry": {
        "type": "Point",
        "coordinates": [
          77.424878,
          15.939002
        ]
      },
      "properties": {
        "stop_id": "C233-mantralaya-bus-stand",
        "stop_name": "MANTRALAYA BUS STAND",
        "city_name": "MANTRALAYA",
        "city_id": 233,
        "source": "manual"
      }
    },
    {
      "type": "Feature",
      "geometry": {
        "type": "Point",
        "coordinates": [
          75.641918,
          13.133334
        ]
      },
      "properties": {
        "stop_id": "C2458-mudigere-bus-stand",
        "stop_name": "MUDIGERE BUS STAND",
        "city_name": "MUDIGERE",
        "city_id": 2458,
        "source": "manual"
      }
    },
    {
      "type": "Feature",
      "geometry": {
        "type": "Point",
        "coordinates": [
          75.974618,
          13.596394
        ]
      },
      "properties": {
        "stop_id": "C2016-birur",
        "stop_name": "BIRUR",
        "city_name": "BIRUR",
        "city_id": 2016,
        "source": "manual"
      }
    },
    {
      "type": "Feature",
      "geometry": {
        "type": "Point",
        "coordinates": [
          74.744384,
          13.436523
        ]
      },
      "properties": {
        "stop_id": "C2008-brahmavara-bus-stand",
        "stop_name": "BRAHMAVARA BUS STAND",
        "city_name": "BRAHMAVARA",
        "city_id": 2008,
        "source": "manual"
      }
    },
    {
      "type": "Feature",
      "geometry": {
        "type": "Point",
        "coordinates": [
          74.747895,
          13.343661
        ]
      },
      "properties": {
        "stop_id": "C2075-udupi-city-bus-station",
        "stop_name": "UDUPI CITY BUS STATION",
        "city_name": "UDUPI",
        "city_id": 2075,
        "source": "manual"
      }
    },
    {
      "type": "Feature",
      "geometry": {
        "type": "Point",
        "coordinates": [
          74.787411,
          13.090831
        ]
      },
      "properties": {
        "stop_id": "C2750-mulki",
        "stop_name": "MULKI",
        "city_name": "MULKI",
        "city_id": 2750,
        "source": "manual"
      }
    },
    {
      "type": "Feature",
      "geometry": {
        "type": "Point",
        "coordinates": [
          77.519614,
          12.936716
        ]
      },
      "properties": {
        "stop_id": "C368-rr-nagar-metro-station",
        "stop_name": "RR NAGAR METRO STATION",
        "city_name": "BENGALURU",
        "city_id": 368,
        "source": "manual"
      }
    },
    {
      "type": "Feature",
      "geometry": {
        "type": "Point",
        "coordinates": [
          74.489708,
          14.095077
        ]
      },
      "properties": {
        "stop_id": "C110-murdeshwar-bus-stand",
        "stop_name": "MURDESHWAR BUS STAND",
        "city_name": "MURDESHWARA",
        "city_id": 110,
        "source": "manual"
      }
    },
    {
      "type": "Feature",
      "geometry": {
        "type": "Point",
        "coordinates": [
          74.549868,
          13.994235
        ]
      },
      "properties": {
        "stop_id": "C1696-bhatkal",
        "stop_name": "BHATKAL",
        "city_name": "BHATKAL",
        "city_id": 1696,
        "source": "manual"
      }
    },
    {
      "type": "Feature",
      "geometry": {
        "type": "Point",
        "coordinates": [
          77.562079,
          12.982545
        ]
      },
      "properties": {
        "stop_id": "C368-sujatha-opp-to-lulu-mall",
        "stop_name": "SUJATHA OPP TO LULU MALL",
        "city_name": "BENGALURU",
        "city_id": 368,
        "source": "manual"
      }
    },
    {
      "type": "Feature",
      "geometry": {
        "type": "Point",
        "coordinates": [
          74.319171,
          14.546156
        ]
      },
      "properties": {
        "stop_id": "C2938-gokarna-bus-stand",
        "stop_name": "GOKARNA BUS STAND ",
        "city_name": "GOKARNA",
        "city_id": 2938,
        "source": "manual"
      }
    },
    {
      "type": "Feature",
      "geometry": {
        "type": "Point",
        "coordinates": [
          74.698424,
          13.589801
        ]
      },
      "properties": {
        "stop_id": "C2354-koteswara-bus-stop",
        "stop_name": "KOTESWARA BUS STOP",
        "city_name": "KOTESWARA",
        "city_id": 2354,
        "source": "manual"
      }
    },
    {
      "type": "Feature",
      "geometry": {
        "type": "Point",
        "coordinates": [
          74.74773,
          13.230575
        ]
      },
      "properties": {
        "stop_id": "C2075-kaup-new-marigudi-bus-stand",
        "stop_name": "KAUP NEW MARIGUDI BUS STAND",
        "city_name": "UDUPI",
        "city_id": 2075,
        "source": "manual"
      }
    },
    {
      "type": "Feature",
      "geometry": {
        "type": "Point",
        "coordinates": [
          77.58617,
          12.929034
        ]
      },
      "properties": {
        "stop_id": "C368-jayanagar-4th-blk-bmtc-b-s-ph",
        "stop_name": "JAYANAGAR 4TH BLK BMTC B S PH 26651044",
        "city_name": "BENGALURU",
        "city_id": 368,
        "source": "manual"
      }
    },
    {
      "type": "Feature",
      "geometry": {
        "type": "Point",
        "coordinates": [
          75.042864,
          13.967573
        ]
      },
      "properties": {
        "stop_id": "C275-kapaduru",
        "stop_name": "KAPADURU",
        "city_name": "KAPADURU",
        "city_id": 275,
        "source": "manual"
      }
    },
    {
      "type": "Feature",
      "geometry": {
        "type": "Point",
        "coordinates": [
          74.877321,
          14.06412
        ]
      },
      "properties": {
        "stop_id": "C1268-sigandur-bus-stand",
        "stop_name": "SIGANDUR BUS STAND",
        "city_name": "SIGANDUR",
        "city_id": 1268,
        "source": "manual"
      }
    },
    {
      "type": "Feature",
      "geometry": {
        "type": "Point",
        "coordinates": [
          74.877292,
          14.063889
        ]
      },
      "properties": {
        "stop_id": "C1268-sigandur",
        "stop_name": "SIGANDUR",
        "city_name": "SIGANDUR",
        "city_id": 1268,
        "source": "manual"
      }
    },
    {
      "type": "Feature",
      "geometry": {
        "type": "Point",
        "coordinates": [
          75.42287,
          12.678893
        ]
      },
      "properties": {
        "stop_id": "C543-ninthikallu",
        "stop_name": "NINTHIKALLU",
        "city_name": "NINTHIKALLU",
        "city_id": 543,
        "source": "manual"
      }
    },
    {
      "type": "Feature",
      "geometry": {
        "type": "Point",
        "coordinates": [
          75.476189,
          12.676467
        ]
      },
      "properties": {
        "stop_id": "C660-panja-bus-stand",
        "stop_name": "PANJA BUS STAND",
        "city_name": "PANJA",
        "city_id": 660,
        "source": "manual"
      }
    },
    {
      "type": "Feature",
      "geometry": {
        "type": "Point",
        "coordinates": [
          75.366405,
          12.71786
        ]
      },
      "properties": {
        "stop_id": "C2487-kaneyur",
        "stop_name": "KANEYUR",
        "city_name": "KANEYUR",
        "city_id": 2487,
        "source": "manual"
      }
    },
    {
      "type": "Feature",
      "geometry": {
        "type": "Point",
        "coordinates": [
          75.370666,
          12.665738
        ]
      },
      "properties": {
        "stop_id": "C2002-bellare-bus-stand",
        "stop_name": "BELLARE BUS STAND",
        "city_name": "BELLARE SULLIA",
        "city_id": 2002,
        "source": "manual"
      }
    },
    {
      "type": "Feature",
      "geometry": {
        "type": "Point",
        "coordinates": [
          74.706034,
          13.524276
        ]
      },
      "properties": {
        "stop_id": "C2336-kota",
        "stop_name": "KOTA",
        "city_name": "KUNDAPURA",
        "city_id": 2336,
        "source": "manual"
      }
    },
    {
      "type": "Feature",
      "geometry": {
        "type": "Point",
        "coordinates": [
          74.71372,
          13.470243
        ]
      },
      "properties": {
        "stop_id": "C2336-sasthan",
        "stop_name": "SASTHAN",
        "city_name": "KUNDAPURA",
        "city_id": 2336,
        "source": "manual"
      }
    },
    {
      "type": "Feature",
      "geometry": {
        "type": "Point",
        "coordinates": [
          74.78665,
          13.351597
        ]
      },
      "properties": {
        "stop_id": "C2075-manipal-bus-stand",
        "stop_name": "MANIPAL BUS STAND",
        "city_name": "UDUPI",
        "city_id": 2075,
        "source": "manual"
      }
    },
    {
      "type": "Feature",
      "geometry": {
        "type": "Point",
        "coordinates": [
          75.030636,
          12.882439
        ]
      },
      "properties": {
        "stop_id": "C1299-b-c-road",
        "stop_name": "B C ROAD",
        "city_name": "B C ROAD",
        "city_id": 1299,
        "source": "manual"
      }
    },
    {
      "type": "Feature",
      "geometry": {
        "type": "Point",
        "coordinates": [
          75.464905,
          12.743311
        ]
      },
      "properties": {
        "stop_id": "C1557-kadaba",
        "stop_name": "KADABA",
        "city_name": "KADABA",
        "city_id": 1557,
        "source": "manual"
      }
    },
    {
      "type": "Feature",
      "geometry": {
        "type": "Point",
        "coordinates": [
          75.248862,
          12.839823
        ]
      },
      "properties": {
        "stop_id": "C2140-uppinangadi-bus-stand",
        "stop_name": "UPPINANGADI BUS STAND",
        "city_name": "UPPINANGADI",
        "city_id": 2140,
        "source": "manual"
      }
    },
    {
      "type": "Feature",
      "geometry": {
        "type": "Point",
        "coordinates": [
          76.658414,
          12.312689
        ]
      },
      "properties": {
        "stop_id": "C296-mysuru",
        "stop_name": "MYSURU",
        "city_name": "MYSURU",
        "city_id": 296,
        "source": "manual"
      }
    },
    {
      "type": "Feature",
      "geometry": {
        "type": "Point",
        "coordinates": [
          74.713124,
          14.964393
        ]
      },
      "properties": {
        "stop_id": "C2437-yellapur",
        "stop_name": "YELLAPUR",
        "city_name": "YELLAPUR",
        "city_id": 2437,
        "source": "manual"
      }
    },
    {
      "type": "Feature",
      "geometry": {
        "type": "Point",
        "coordinates": [
          74.772094,
          13.140896
        ]
      },
      "properties": {
        "stop_id": "C2075-padubidre",
        "stop_name": "PADUBIDRE",
        "city_name": "UDUPI",
        "city_id": 2075,
        "source": "manual"
      }
    },
    {
      "type": "Feature",
      "geometry": {
        "type": "Point",
        "coordinates": [
          74.746193,
          13.283498
        ]
      },
      "properties": {
        "stop_id": "C2075-katapady-bus-stop",
        "stop_name": "KATAPADY BUS  STOP  9480815386",
        "city_name": "UDUPI",
        "city_id": 2075,
        "source": "manual"
      }
    },
    {
      "type": "Feature",
      "geometry": {
        "type": "Point",
        "coordinates": [
          74.739451,
          13.324034
        ]
      },
      "properties": {
        "stop_id": "C2075-kinnimulki-bus-stop",
        "stop_name": "KINNIMULKI BUS  STOP  9480815386",
        "city_name": "UDUPI",
        "city_id": 2075,
        "source": "manual"
      }
    },
    {
      "type": "Feature",
      "geometry": {
        "type": "Point",
        "coordinates": [
          74.864406,
          12.777729
        ]
      },
      "properties": {
        "stop_id": "C2075-uchila-bus-stop",
        "stop_name": "UCHILA BUS STOP",
        "city_name": "UDUPI",
        "city_id": 2075,
        "source": "manual"
      }
    },
    {
      "type": "Feature",
      "geometry": {
        "type": "Point",
        "coordinates": [
          74.742452,
          13.30387
        ]
      },
      "properties": {
        "stop_id": "C2075-udyavara-balaipade-bus-stand",
        "stop_name": "UDYAVARA BALAIPADE BUS STAND",
        "city_name": "UDUPI",
        "city_id": 2075,
        "source": "manual"
      }
    },
    {
      "type": "Feature",
      "geometry": {
        "type": "Point",
        "coordinates": [
          74.772066,
          13.141018
        ]
      },
      "properties": {
        "stop_id": "C629-padubidre",
        "stop_name": "PADUBIDRE",
        "city_name": "PADUBIDRE",
        "city_id": 629,
        "source": "manual"
      }
    },
    {
      "type": "Feature",
      "geometry": {
        "type": "Point",
        "coordinates": [
          77.572984,
          12.977371
        ]
      },
      "properties": {
        "stop_id": "C368-bengaluru",
        "stop_name": "BENGALURU",
        "city_name": "BENGALURU",
        "city_id": 368,
        "source": "manual"
      }
    },
    {
      "type": "Feature",
      "geometry": {
        "type": "Point",
        "coordinates": [
          77.592792,
          12.954429
        ]
      },
      "properties": {
        "stop_id": "C368-shanthinagar-bmtc-bs-opp-hotel-vishnubhavan",
        "stop_name": "SHANTHINAGAR BMTC BS OPP  HOTEL VISHNUBHAVAN",
        "city_name": "BENGALURU",
        "city_id": 368,
        "source": "manual"
      }
    },
    {
      "type": "Feature",
      "geometry": {
        "type": "Point",
        "coordinates": [
          75.611613,
          13.770592
        ]
      },
      "properties": {
        "stop_id": "C1671-bhadra-project-bus-stand",
        "stop_name": "BHADRA PROJECT BUS STAND",
        "city_name": "BHADRA PROJECT",
        "city_id": 1671,
        "source": "manual"
      }
    },
    {
      "type": "Feature",
      "geometry": {
        "type": "Point",
        "coordinates": [
          77.124395,
          17.771988
        ]
      },
      "properties": {
        "stop_id": "C119-humnabad-bus-stand",
        "stop_name": "HUMNABAD BUS STAND",
        "city_name": "HUMNABAD",
        "city_id": 119,
        "source": "manual"
      }
    },
    {
      "type": "Feature",
      "geometry": {
        "type": "Point",
        "coordinates": [
          76.793226,
          17.293907
        ]
      },
      "properties": {
        "stop_id": "C398-neharu-gunj",
        "stop_name": "NEHARU GUNJ",
        "city_name": "KALABURAGI",
        "city_id": 398,
        "source": "manual"
      }
    },
    {
      "type": "Feature",
      "geometry": {
        "type": "Point",
        "coordinates": [
          77.507455,
          17.921717
        ]
      },
      "properties": {
        "stop_id": "C423-bidar-central-bus-stand",
        "stop_name": "BIDAR CENTRAL BUS STAND",
        "city_name": "BIDAR",
        "city_id": 423,
        "source": "manual"
      }
    },
    {
      "type": "Feature",
      "geometry": {
        "type": "Point",
        "coordinates": [
          76.927716,
          15.14637
        ]
      },
      "properties": {
        "stop_id": "C458-ballary-old-bus-stand",
        "stop_name": "BALLARY OLD BUS STAND",
        "city_name": "BALLARI",
        "city_id": 458,
        "source": "manual"
      }
    },
    {
      "type": "Feature",
      "geometry": {
        "type": "Point",
        "coordinates": [
          76.930192,
          15.152097
        ]
      },
      "properties": {
        "stop_id": "C458-ballari-durga-temple",
        "stop_name": "BALLARI DURGA TEMPLE",
        "city_name": "BALLARI",
        "city_id": 458,
        "source": "manual"
      }
    },
    {
      "type": "Feature",
      "geometry": {
        "type": "Point",
        "coordinates": [
          75.474112,
          15.123737
        ]
      },
      "properties": {
        "stop_id": "C336-laxmeshwar-bus-stand",
        "stop_name": "LAXMESHWAR BUS STAND",
        "city_name": "LAXMESHWAR",
        "city_id": 336,
        "source": "manual"
      }
    },
    {
      "type": "Feature",
      "geometry": {
        "type": "Point",
        "coordinates": [
          75.339706,
          14.975024
        ]
      },
      "properties": {
        "stop_id": "C1381-savanur-b-s",
        "stop_name": "SAVANUR B S",
        "city_name": "SAVANUR",
        "city_id": 1381,
        "source": "manual"
      }
    },
    {
      "type": "Feature",
      "geometry": {
        "type": "Point",
        "coordinates": [
          75.644608,
          15.444641
        ]
      },
      "properties": {
        "stop_id": "C2100-betageri",
        "stop_name": "BETAGERI",
        "city_name": "BETAGERI",
        "city_id": 2100,
        "source": "manual"
      }
    },
    {
      "type": "Feature",
      "geometry": {
        "type": "Point",
        "coordinates": [
          77.634735,
          12.916307
        ]
      },
      "properties": {
        "stop_id": "C368-hsr-layout-bda-complex-ph-no",
        "stop_name": "HSR LAYOUT BDA COMPLEX PH NO.  9945235435",
        "city_name": "BENGALURU",
        "city_id": 368,
        "source": "manual"
      }
    },
    {
      "type": "Feature",
      "geometry": {
        "type": "Point",
        "coordinates": [
          73.816215,
          18.614962
        ]
      },
      "properties": {
        "stop_id": "C2932-pimpri-b-s",
        "stop_name": "PIMPRI B S",
        "city_name": "PIMPRI",
        "city_id": 2932,
        "source": "manual"
      }
    },
    {
      "type": "Feature",
      "geometry": {
        "type": "Point",
        "coordinates": [
          73.859731,
          18.499901
        ]
      },
      "properties": {
        "stop_id": "C2934-swargate-bus-stand",
        "stop_name": "SWARGATE BUS STAND",
        "city_name": "PUNE",
        "city_id": 2934,
        "source": "manual"
      }
    },
    {
      "type": "Feature",
      "geometry": {
        "type": "Point",
        "coordinates": [
          74.243274,
          16.703342
        ]
      },
      "properties": {
        "stop_id": "C2870-kolhapur",
        "stop_name": "KOLHAPUR",
        "city_name": "KOLHAPUR",
        "city_id": 2870,
        "source": "manual"
      }
    },
    {
      "type": "Feature",
      "geometry": {
        "type": "Point",
        "coordinates": [
          75.248862,
          12.839823
        ]
      },
      "properties": {
        "stop_id": "C2140-uppinangadi",
        "stop_name": "UPPINANGADI",
        "city_name": "UPPINANGADI",
        "city_id": 2140,
        "source": "manual"
      }
    },
    {
      "type": "Feature",
      "geometry": {
        "type": "Point",
        "coordinates": [
          74.485333,
          16.259182
        ]
      },
      "properties": {
        "stop_id": "C1375-sankeshwar-bus-stand",
        "stop_name": "SANKESHWAR BUS STAND",
        "city_name": "SANKESHWAR",
        "city_id": 1375,
        "source": "manual"
      }
    },
    {
      "type": "Feature",
      "geometry": {
        "type": "Point",
        "coordinates": [
          74.384237,
          16.40204
        ]
      },
      "properties": {
        "stop_id": "C519-nippani-bus-stand",
        "stop_name": "NIPPANI BUS STAND",
        "city_name": "NIPPANI",
        "city_id": 519,
        "source": "manual"
      }
    },
    {
      "type": "Feature",
      "geometry": {
        "type": "Point",
        "coordinates": [
          75.204652,
          12.761442
        ]
      },
      "properties": {
        "stop_id": "C592-puttur",
        "stop_name": "PUTTUR",
        "city_name": "PUTTUR",
        "city_id": 592,
        "source": "manual"
      }
    },
    {
      "type": "Feature",
      "geometry": {
        "type": "Point",
        "coordinates": [
          75.102896,
          12.75988
        ]
      },
      "properties": {
        "stop_id": "C2289-vitla",
        "stop_name": "VITLA",
        "city_name": "VITLA",
        "city_id": 2289,
        "source": "manual"
      }
    },
    {
      "type": "Feature",
      "geometry": {
        "type": "Point",
        "coordinates": [
          77.112041,
          14.545149
        ]
      },
      "properties": {
        "stop_id": "C184-kalyanadurga-bus-stand",
        "stop_name": "KALYANADURGA BUS STAND",
        "city_name": "KALYANADURGA",
        "city_id": 184,
        "source": "manual"
      }
    },
    {
      "type": "Feature",
      "geometry": {
        "type": "Point",
        "coordinates": [
          77.283474,
          14.097774
        ]
      },
      "properties": {
        "stop_id": "C833-pavagada-bus-station",
        "stop_name": "PAVAGADA BUS STATION",
        "city_name": "PAVAGADA",
        "city_id": 833,
        "source": "manual"
      }
    },
    {
      "type": "Feature",
      "geometry": {
        "type": "Point",
        "coordinates": [
          77.605432,
          12.936627
        ]
      },
      "properties": {
        "stop_id": "C368-kmf-opp-christ-college",
        "stop_name": "KMF OPP CHRIST COLLEGE",
        "city_name": "BENGALURU",
        "city_id": 368,
        "source": "manual"
      }
    },
    {
      "type": "Feature",
      "geometry": {
        "type": "Point",
        "coordinates": [
          77.634617,
          12.982292
        ]
      },
      "properties": {
        "stop_id": "C368-indiranagar-bmtc-bus-depot",
        "stop_name": "INDIRANAGAR BMTC BUS DEPOT",
        "city_name": "BENGALURU",
        "city_id": 368,
        "source": "manual"
      }
    },
    {
      "type": "Feature",
      "geometry": {
        "type": "Point",
        "coordinates": [
          77.657653,
          12.965794
        ]
      },
      "properties": {
        "stop_id": "C368-jeevan-bheema-nagar-bmtc-b-s",
        "stop_name": "JEEVAN BHEEMA NAGAR BMTC B S",
        "city_name": "BENGALURU",
        "city_id": 368,
        "source": "manual"
      }
    },
    {
      "type": "Feature",
      "geometry": {
        "type": "Point",
        "coordinates": [
          75.5492,
          16.017423
        ]
      },
      "properties": {
        "stop_id": "C1639-kerur",
        "stop_name": "KERUR",
        "city_name": "KERUR",
        "city_id": 1639,
        "source": "manual"
      }
    },
    {
      "type": "Feature",
      "geometry": {
        "type": "Point",
        "coordinates": [
          75.49354,
          15.859824
        ]
      },
      "properties": {
        "stop_id": "C2125-konnur",
        "stop_name": "KONNUR",
        "city_name": "KONNUR",
        "city_id": 2125,
        "source": "manual"
      }
    },
    {
      "type": "Feature",
      "geometry": {
        "type": "Point",
        "coordinates": [
          74.863063,
          13.579034
        ]
      },
      "properties": {
        "stop_id": "C113-halady",
        "stop_name": "HALADY",
        "city_name": "HALADY",
        "city_id": 113,
        "source": "manual"
      }
    },
    {
      "type": "Feature",
      "geometry": {
        "type": "Point",
        "coordinates": [
          74.771694,
          13.511471
        ]
      },
      "properties": {
        "stop_id": "C1044-saibarakatte",
        "stop_name": "SAIBARAKATTE",
        "city_name": "SAIBARAKATTE",
        "city_id": 1044,
        "source": "manual"
      }
    },
    {
      "type": "Feature",
      "geometry": {
        "type": "Point",
        "coordinates": [
          74.911323,
          13.663312
        ]
      },
      "properties": {
        "stop_id": "C1061-siddapurcdp",
        "stop_name": "SIDDAPURCDP",
        "city_name": "SIDDAPURCDP",
        "city_id": 1061,
        "source": "manual"
      }
    },
    {
      "type": "Feature",
      "geometry": {
        "type": "Point",
        "coordinates": [
          74.860174,
          13.605849
        ]
      },
      "properties": {
        "stop_id": "C1686-shankarnarayana",
        "stop_name": "SHANKARNARAYANA",
        "city_name": "SHANKARNARAYANA ",
        "city_id": 1686,
        "source": "manual"
      }
    },
    {
      "type": "Feature",
      "geometry": {
        "type": "Point",
        "coordinates": [
          74.753645,
          13.467502
        ]
      },
      "properties": {
        "stop_id": "C2006-barkur-bus-stand",
        "stop_name": "BARKUR BUS STAND",
        "city_name": "BARKUR",
        "city_id": 2006,
        "source": "manual"
      }
    },
    {
      "type": "Feature",
      "geometry": {
        "type": "Point",
        "coordinates": [
          77.559591,
          12.91704
        ]
      },
      "properties": {
        "stop_id": "C368-padmanabnagar",
        "stop_name": "PADMANABNAGAR",
        "city_name": "BENGALURU",
        "city_id": 368,
        "source": "manual"
      }
    },
    {
      "type": "Feature",
      "geometry": {
        "type": "Point",
        "coordinates": [
          77.559156,
          12.921859
        ]
      },
      "properties": {
        "stop_id": "C368-devegowda-petrol-bunk",
        "stop_name": "DEVEGOWDA PETROL BUNK",
        "city_name": "BENGALURU",
        "city_id": 368,
        "source": "manual"
      }
    },
    {
      "type": "Feature",
      "geometry": {
        "type": "Point",
        "coordinates": [
          75.121288,
          15.367664
        ]
      },
      "properties": {
        "stop_id": "C132-bvb-college-main-gate",
        "stop_name": "BVB COLLEGE MAIN GATE",
        "city_name": "HUBBALLI",
        "city_id": 132,
        "source": "manual"
      }
    },
    {
      "type": "Feature",
      "geometry": {
        "type": "Point",
        "coordinates": [
          75.007507,
          15.458458
        ]
      },
      "properties": {
        "stop_id": "C567-jubilee-circle-pickup-point",
        "stop_name": "JUBILEE CIRCLE PICKUP POINT",
        "city_name": "DHARWAD",
        "city_id": 567,
        "source": "manual"
      }
    },
    {
      "type": "Feature",
      "geometry": {
        "type": "Point",
        "coordinates": [
          73.85971,
          18.499906
        ]
      },
      "properties": {
        "stop_id": "C2934-pune",
        "stop_name": "PUNE",
        "city_name": "PUNE",
        "city_id": 2934,
        "source": "manual"
      }
    },
    {
      "type": "Feature",
      "geometry": {
        "type": "Point",
        "coordinates": [
          74.741261,
          19.092903
        ]
      },
      "properties": {
        "stop_id": "C2826-ahmed-nagar",
        "stop_name": "AHMED NAGAR",
        "city_name": "AHMED NAGAR",
        "city_id": 2826,
        "source": "manual"
      }
    },
    {
      "type": "Feature",
      "geometry": {
        "type": "Point",
        "coordinates": [
          73.936328,
          18.562845
        ]
      },
      "properties": {
        "stop_id": "C2840-chandanagar-bs",
        "stop_name": "CHANDANAGAR BS",
        "city_name": "CHANDANAGAR",
        "city_id": 2840,
        "source": "manual"
      }
    },
    {
      "type": "Feature",
      "geometry": {
        "type": "Point",
        "coordinates": [
          74.476686,
          19.763043
        ]
      },
      "properties": {
        "stop_id": "C2967-shirdi-bus-stand",
        "stop_name": "SHIRDI BUS STAND",
        "city_name": "SHIRDI ",
        "city_id": 2967,
        "source": "manual"
      }
    },
    {
      "type": "Feature",
      "geometry": {
        "type": "Point",
        "coordinates": [
          77.580059,
          12.93715
        ]
      },
      "properties": {
        "stop_id": "C368-south-end-circle",
        "stop_name": "SOUTH END CIRCLE",
        "city_name": "BENGALURU",
        "city_id": 368,
        "source": "manual"
      }
    },
    {
      "type": "Feature",
      "geometry": {
        "type": "Point",
        "coordinates": [
          77.10415,
          12.153723
        ]
      },
      "properties": {
        "stop_id": "C1889-kollegala-bus-stand",
        "stop_name": "KOLLEGALA BUS STAND",
        "city_name": "KOLLEGALA",
        "city_id": 1889,
        "source": "manual"
      }
    },
    {
      "type": "Feature",
      "geometry": {
        "type": "Point",
        "coordinates": [
          76.658841,
          15.605971
        ]
      },
      "properties": {
        "stop_id": "C280-karatagi",
        "stop_name": "KARATAGI",
        "city_name": "KARATAGI",
        "city_id": 280,
        "source": "manual"
      }
    },
    {
      "type": "Feature",
      "geometry": {
        "type": "Point",
        "coordinates": [
          76.634615,
          15.53139
        ]
      },
      "properties": {
        "stop_id": "C1111-siddapura",
        "stop_name": "SIDDAPURA",
        "city_name": "SIDDAPURA GVT",
        "city_id": 1111,
        "source": "manual"
      }
    },
    {
      "type": "Feature",
      "geometry": {
        "type": "Point",
        "coordinates": [
          76.60282,
          15.50001
        ]
      },
      "properties": {
        "stop_id": "C1489-sriramanagar-bs",
        "stop_name": "SRIRAMANAGAR BS",
        "city_name": "SRIRAMANAGAR",
        "city_id": 1489,
        "source": "manual"
      }
    },
    {
      "type": "Feature",
      "geometry": {
        "type": "Point",
        "coordinates": [
          76.474412,
          15.30773
        ]
      },
      "properties": {
        "stop_id": "C1976-kamalapur",
        "stop_name": "KAMALAPUR",
        "city_name": "KAMALAPUR",
        "city_id": 1976,
        "source": "manual"
      }
    },
    {
      "type": "Feature",
      "geometry": {
        "type": "Point",
        "coordinates": [
          76.010108,
          13.549335
        ]
      },
      "properties": {
        "stop_id": "C1588-kadur-bus-stand",
        "stop_name": "KADUR BUS STAND",
        "city_name": "KADUR",
        "city_id": 1588,
        "source": "manual"
      }
    },
    {
      "type": "Feature",
      "geometry": {
        "type": "Point",
        "coordinates": [
          74.7716,
          13.51145
        ]
      },
      "properties": {
        "stop_id": "C2008-sahebrakatte",
        "stop_name": "SAHEBRAKATTE",
        "city_name": "BRAHMAVARA",
        "city_id": 2008,
        "source": "manual"
      }
    },
    {
      "type": "Feature",
      "geometry": {
        "type": "Point",
        "coordinates": [
          74.817875,
          13.578593
        ]
      },
      "properties": {
        "stop_id": "C2008-bidkalkatte",
        "stop_name": "BIDKALKATTE",
        "city_name": "BRAHMAVARA",
        "city_id": 2008,
        "source": "manual"
      }
    },
    {
      "type": "Feature",
      "geometry": {
        "type": "Point",
        "coordinates": [
          74.89419,
          14.345475
        ]
      },
      "properties": {
        "stop_id": "C1098-siddapursrs",
        "stop_name": "SIDDAPURSRS",
        "city_name": "SIDDAPURSRS",
        "city_id": 1098,
        "source": "manual"
      }
    },
    {
      "type": "Feature",
      "geometry": {
        "type": "Point",
        "coordinates": [
          74.775784,
          14.446313
        ]
      },
      "properties": {
        "stop_id": "C3151-golimakki",
        "stop_name": "GOLIMAKKI",
        "city_name": "GOLIMAKKI",
        "city_id": 3151,
        "source": "manual"
      }
    },
    {
      "type": "Feature",
      "geometry": {
        "type": "Point",
        "coordinates": [
          75.650642,
          13.242498
        ]
      },
      "properties": {
        "stop_id": "C862-aldur-bus-stand",
        "stop_name": "ALDUR BUS STAND",
        "city_name": "ALDUR",
        "city_id": 862,
        "source": "manual"
      }
    },
    {
      "type": "Feature",
      "geometry": {
        "type": "Point",
        "coordinates": [
          75.403826,
          12.836735
        ]
      },
      "properties": {
        "stop_id": "C488-nellyadi",
        "stop_name": "NELLYADI",
        "city_name": "NELLYADI",
        "city_id": 488,
        "source": "manual"
      }
    },
    {
      "type": "Feature",
      "geometry": {
        "type": "Point",
        "coordinates": [
          75.403926,
          12.836746
        ]
      },
      "properties": {
        "stop_id": "C488-nellyadi-bus-stand",
        "stop_name": "NELLYADI BUS STAND",
        "city_name": "NELLYADI",
        "city_id": 488,
        "source": "manual"
      }
    },
    {
      "type": "Feature",
      "geometry": {
        "type": "Point",
        "coordinates": [
          75.070944,
          12.844413
        ]
      },
      "properties": {
        "stop_id": "C526-kalladaka-bus-stand",
        "stop_name": "KALLADAKA BUS STAND",
        "city_name": "KALLADAKA",
        "city_id": 526,
        "source": "manual"
      }
    },
    {
      "type": "Feature",
      "geometry": {
        "type": "Point",
        "coordinates": [
          75.103194,
          12.759674
        ]
      },
      "properties": {
        "stop_id": "C2289-vitla-bus-stand",
        "stop_name": "VITLA BUS STAND",
        "city_name": "VITLA",
        "city_id": 2289,
        "source": "manual"
      }
    },
    {
      "type": "Feature",
      "geometry": {
        "type": "Point",
        "coordinates": [
          77.550822,
          12.924894
        ]
      },
      "properties": {
        "stop_id": "C368-kathriguppe-near-bigbazar",
        "stop_name": "KATHRIGUPPE NEAR BIGBAZAR",
        "city_name": "BENGALURU",
        "city_id": 368,
        "source": "manual"
      }
    },
    {
      "type": "Feature",
      "geometry": {
        "type": "Point",
        "coordinates": [
          77.397629,
          13.09717
        ]
      },
      "properties": {
        "stop_id": "C368-arasinakunte-anjaneya-temple",
        "stop_name": "ARASINAKUNTE ANJANEYA TEMPLE",
        "city_name": "BENGALURU",
        "city_id": 368,
        "source": "manual"
      }
    },
    {
      "type": "Feature",
      "geometry": {
        "type": "Point",
        "coordinates": [
          75.8183561,
          13.7062309
        ]
      },
      "properties": {
        "stop_id": "C1917-tarikere",
        "stop_name": "TARIKERE",
        "city_name": "TARIKERE",
        "city_id": 1917,
        "source": "default"
      }
    },
    {
      "type": "Feature",
      "geometry": {
        "type": "Point",
        "coordinates": [
          75.646137,
          15.08158
        ]
      },
      "properties": {
        "stop_id": "C1442-bellatti",
        "stop_name": "BELLATTI",
        "city_name": "BELLATTI",
        "city_id": 1442,
        "source": "manual"
      }
    },
    {
      "type": "Feature",
      "geometry": {
        "type": "Point",
        "coordinates": [
          75.5792,
          15.234576
        ]
      },
      "properties": {
        "stop_id": "C1462-shirahatti",
        "stop_name": "SHIRAHATTI",
        "city_name": "SHIRAHATTI",
        "city_id": 1462,
        "source": "manual"
      }
    },
    {
      "type": "Feature",
      "geometry": {
        "type": "Point",
        "coordinates": [
          75.630622,
          14.839839
        ]
      },
      "properties": {
        "stop_id": "C3223-guttal",
        "stop_name": "GUTTAL",
        "city_name": "GUTTAL",
        "city_id": 3223,
        "source": "manual"
      }
    },
    {
      "type": "Feature",
      "geometry": {
        "type": "Point",
        "coordinates": [
          76.061752,
          12.762959
        ]
      },
      "properties": {
        "stop_id": "C1032-arakalgudu-bus-stand",
        "stop_name": "ARAKALGUDU BUS STAND",
        "city_name": "ARAKALGUDU",
        "city_id": 1032,
        "source": "manual"
      }
    },
    {
      "type": "Feature",
      "geometry": {
        "type": "Point",
        "coordinates": [
          75.7139,
          15.3173
        ]
      },
      "properties": {
        "stop_id": "C1547-shanivarasanthe",
        "stop_name": "SHANIVARASANTHE",
        "city_name": "SHANIVARASANTHE",
        "city_id": 1547,
        "source": "default"
      }
    },
    {
      "type": "Feature",
      "geometry": {
        "type": "Point",
        "coordinates": [
          76.598468,
          12.332861
        ]
      },
      "properties": {
        "stop_id": "C296-hinkal",
        "stop_name": "HINKAL",
        "city_name": "MYSURU",
        "city_id": 296,
        "source": "manual"
      }
    },
    {
      "type": "Feature",
      "geometry": {
        "type": "Point",
        "coordinates": [
          76.453004,
          12.335946
        ]
      },
      "properties": {
        "stop_id": "C296-bilikere",
        "stop_name": "BILIKERE",
        "city_name": "MYSURU",
        "city_id": 296,
        "source": "manual"
      }
    },
    {
      "type": "Feature",
      "geometry": {
        "type": "Point",
        "coordinates": [
          76.612835,
          12.324266
        ]
      },
      "properties": {
        "stop_id": "C296-aishwarya-petrol-bunk",
        "stop_name": "AISHWARYA PETROL BUNK",
        "city_name": "MYSURU",
        "city_id": 296,
        "source": "manual"
      }
    },
    {
      "type": "Feature",
      "geometry": {
        "type": "Point",
        "coordinates": [
          76.624381,
          12.318027
        ]
      },
      "properties": {
        "stop_id": "C296-b-m-hospital",
        "stop_name": "B M HOSPITAL",
        "city_name": "MYSURU",
        "city_id": 296,
        "source": "manual"
      }
    },
    {
      "type": "Feature",
      "geometry": {
        "type": "Point",
        "coordinates": [
          76.29454,
          12.309126
        ]
      },
      "properties": {
        "stop_id": "C296-mys-hunsur-bus-stand",
        "stop_name": "MYS) HUNSUR BUS STAND",
        "city_name": "MYSURU",
        "city_id": 296,
        "source": "manual"
      }
    },
    {
      "type": "Feature",
      "geometry": {
        "type": "Point",
        "coordinates": [
          76.643226,
          12.302608
        ]
      },
      "properties": {
        "stop_id": "C296-rama-swamy-circle",
        "stop_name": "RAMA SWAMY CIRCLE",
        "city_name": "MYSURU",
        "city_id": 296,
        "source": "manual"
      }
    },
    {
      "type": "Feature",
      "geometry": {
        "type": "Point",
        "coordinates": [
          76.583911,
          12.341194
        ]
      },
      "properties": {
        "stop_id": "C296-hootagalli",
        "stop_name": "HOOTAGALLI",
        "city_name": "MYSURU",
        "city_id": 296,
        "source": "manual"
      }
    },
    {
      "type": "Feature",
      "geometry": {
        "type": "Point",
        "coordinates": [
          72.970638,
          19.195134
        ]
      },
      "properties": {
        "stop_id": "C3007-vandana-bus-station",
        "stop_name": "VANDANA BUS STATION",
        "city_name": "THANE",
        "city_id": 3007,
        "source": "manual"
      }
    },
    {
      "type": "Feature",
      "geometry": {
        "type": "Point",
        "coordinates": [
          76.658663,
          12.312132
        ]
      },
      "properties": {
        "stop_id": "C296-m-b-s-bus-stop",
        "stop_name": "M B S BUS STOP",
        "city_name": "MYSURU",
        "city_id": 296,
        "source": "manual"
      }
    },
    {
      "type": "Feature",
      "geometry": {
        "type": "Point",
        "coordinates": [
          75.935711,
          16.355343
        ]
      },
      "properties": {
        "stop_id": "C344-nidagundi",
        "stop_name": "NIDAGUNDI",
        "city_name": "NIDAGUNDI",
        "city_id": 344,
        "source": "manual"
      }
    },
    {
      "type": "Feature",
      "geometry": {
        "type": "Point",
        "coordinates": [
          75.9553764,
          17.1744599
        ]
      },
      "properties": {
        "stop_id": "C549-indi",
        "stop_name": "INDI",
        "city_name": "INDI",
        "city_id": 549,
        "source": "default"
      }
    },
    {
      "type": "Feature",
      "geometry": {
        "type": "Point",
        "coordinates": [
          75.165251,
          12.54856
        ]
      },
      "properties": {
        "stop_id": "C2706-muleriya",
        "stop_name": "MULERIYA",
        "city_name": "MULERIYA",
        "city_id": 2706,
        "source": "manual"
      }
    },
    {
      "type": "Feature",
      "geometry": {
        "type": "Point",
        "coordinates": [
          74.993745,
          12.506372
        ]
      },
      "properties": {
        "stop_id": "C2656-kasargod",
        "stop_name": "KASARGOD",
        "city_name": "KASARGOD",
        "city_id": 2656,
        "source": "manual"
      }
    },
    {
      "type": "Feature",
      "geometry": {
        "type": "Point",
        "coordinates": [
          77.569678,
          12.955626
        ]
      },
      "properties": {
        "stop_id": "C368-shankarmutt-chamrajpete",
        "stop_name": "SHANKARMUTT CHAMRAJPETE",
        "city_name": "BENGALURU",
        "city_id": 368,
        "source": "manual"
      }
    },
    {
      "type": "Feature",
      "geometry": {
        "type": "Point",
        "coordinates": [
          77.615213,
          12.92975
        ]
      },
      "properties": {
        "stop_id": "C368-st-johns-hospital-bmtc-bus-stand",
        "stop_name": "ST JOHNS HOSPITAL BMTC BUS STAND",
        "city_name": "BENGALURU",
        "city_id": 368,
        "source": "manual"
      }
    },
    {
      "type": "Feature",
      "geometry": {
        "type": "Point",
        "coordinates": [
          77.703075,
          12.802788
        ]
      },
      "properties": {
        "stop_id": "C368-corporation-bank-chandapura",
        "stop_name": "CORPORATION BANK CHANDAPURA",
        "city_name": "BENGALURU",
        "city_id": 368,
        "source": "manual"
      }
    },
    {
      "type": "Feature",
      "geometry": {
        "type": "Point",
        "coordinates": [
          77.67204,
          12.84681
        ]
      },
      "properties": {
        "stop_id": "C368-electronic-city-bmtc-depot",
        "stop_name": "ELECTRONIC CITY BMTC DEPOT",
        "city_name": "BENGALURU",
        "city_id": 368,
        "source": "manual"
      }
    },
    {
      "type": "Feature",
      "geometry": {
        "type": "Point",
        "coordinates": [
          77.828232,
          12.735544
        ]
      },
      "properties": {
        "stop_id": "C368-opp-hosur-b-s-axis-bank",
        "stop_name": "OPP HOSUR B.S AXIS BANK",
        "city_name": "BENGALURU",
        "city_id": 368,
        "source": "manual"
      }
    },
    {
      "type": "Feature",
      "geometry": {
        "type": "Point",
        "coordinates": [
          77.679117,
          12.836381
        ]
      },
      "properties": {
        "stop_id": "C368-huskur-gate-bmtc-stop",
        "stop_name": "HUSKUR GATE BMTC STOP",
        "city_name": "BENGALURU",
        "city_id": 368,
        "source": "manual"
      }
    },
    {
      "type": "Feature",
      "geometry": {
        "type": "Point",
        "coordinates": [
          77.777236,
          12.776709
        ]
      },
      "properties": {
        "stop_id": "C368-attibele-toll-plaza",
        "stop_name": "ATTIBELE TOLL PLAZA",
        "city_name": "BENGALURU",
        "city_id": 368,
        "source": "manual"
      }
    },
    {
      "type": "Feature",
      "geometry": {
        "type": "Point",
        "coordinates": [
          77.695846,
          12.809978
        ]
      },
      "properties": {
        "stop_id": "C368-bommasandra-narayana-hrudayalaya",
        "stop_name": "BOMMASANDRA NARAYANA HRUDAYALAYA",
        "city_name": "BENGALURU",
        "city_id": 368,
        "source": "manual"
      }
    },
    {
      "type": "Feature",
      "geometry": {
        "type": "Point",
        "coordinates": [
          77.620696,
          12.920358
        ]
      },
      "properties": {
        "stop_id": "C368-madiwala-bmtc-bus-stop",
        "stop_name": "MADIWALA BMTC BUS STOP",
        "city_name": "BENGALURU",
        "city_id": 368,
        "source": "manual"
      }
    },
    {
      "type": "Feature",
      "geometry": {
        "type": "Point",
        "coordinates": [
          77.626014,
          12.911769
        ]
      },
      "properties": {
        "stop_id": "C368-roopena-agrahara-bmtc-bus-stand",
        "stop_name": "ROOPENA AGRAHARA BMTC BUS STAND",
        "city_name": "BENGALURU",
        "city_id": 368,
        "source": "manual"
      }
    },
    {
      "type": "Feature",
      "geometry": {
        "type": "Point",
        "coordinates": [
          79.700638,
          11.396879
        ]
      },
      "properties": {
        "stop_id": "C3082-chidambaram-bus-stand",
        "stop_name": "CHIDAMBARAM BUS STAND",
        "city_name": "CHIDAMBARAM",
        "city_id": 3082,
        "source": "manual"
      }
    },
    {
      "type": "Feature",
      "geometry": {
        "type": "Point",
        "coordinates": [
          79.464705,
          11.540262
        ]
      },
      "properties": {
        "stop_id": "C3248-neyveli-central-bus-stand",
        "stop_name": "NEYVELI CENTRAL BUS STAND",
        "city_name": "NEYVELI",
        "city_id": 3248,
        "source": "manual"
      }
    },
    {
      "type": "Feature",
      "geometry": {
        "type": "Point",
        "coordinates": [
          79.203341,
          11.969112
        ]
      },
      "properties": {
        "stop_id": "C3256-thirukoilur-bus-stand",
        "stop_name": "THIRUKOILUR BUS STAND",
        "city_name": "THIRUKOILUR",
        "city_id": 3256,
        "source": "manual"
      }
    },
    {
      "type": "Feature",
      "geometry": {
        "type": "Point",
        "coordinates": [
          79.54961,
          11.766443
        ]
      },
      "properties": {
        "stop_id": "C3286-panrutti-arch",
        "stop_name": "PANRUTTI ARCH",
        "city_name": "PANRUTTI",
        "city_id": 3286,
        "source": "manual"
      }
    },
    {
      "type": "Feature",
      "geometry": {
        "type": "Point",
        "coordinates": [
          74.942112,
          12.969757
        ]
      },
      "properties": {
        "stop_id": "C30-ganjimutt-nisha-travels",
        "stop_name": "GANJIMUTT NISHA TRAVELS",
        "city_name": "MANGALURU",
        "city_id": 30,
        "source": "manual"
      }
    },
    {
      "type": "Feature",
      "geometry": {
        "type": "Point",
        "coordinates": [
          76.644524,
          12.311004
        ]
      },
      "properties": {
        "stop_id": "C296-metropol-circle",
        "stop_name": "METROPOL CIRCLE",
        "city_name": "MYSURU",
        "city_id": 296,
        "source": "manual"
      }
    },
    {
      "type": "Feature",
      "geometry": {
        "type": "Point",
        "coordinates": [
          76.284902,
          13.801114
        ]
      },
      "properties": {
        "stop_id": "C1077-hosadurga-bus-stand",
        "stop_name": "HOSADURGA BUS STAND",
        "city_name": "HOSADURGA",
        "city_id": 1077,
        "source": "manual"
      }
    },
    {
      "type": "Feature",
      "geometry": {
        "type": "Point",
        "coordinates": [
          77.584157,
          12.999577
        ]
      },
      "properties": {
        "stop_id": "C368-guttahalli-bmtc-bus-stop",
        "stop_name": "GUTTAHALLI BMTC BUS STOP",
        "city_name": "BENGALURU",
        "city_id": 368,
        "source": "manual"
      }
    },
    {
      "type": "Feature",
      "geometry": {
        "type": "Point",
        "coordinates": [
          77.649618,
          13.193358
        ]
      },
      "properties": {
        "stop_id": "C368-bengaluru-airport-toll-plaza-hyderabad-highway",
        "stop_name": "BENGALURU AIRPORT TOLL PLAZA, HYDERABAD HIGHWAY",
        "city_name": "BENGALURU",
        "city_id": 368,
        "source": "manual"
      }
    },
    {
      "type": "Feature",
      "geometry": {
        "type": "Point",
        "coordinates": [
          78.38132,
          17.451675
        ]
      },
      "properties": {
        "stop_id": "C107-hitech-city-hyderabad",
        "stop_name": "HITECH CITY HYDERABAD",
        "city_name": "HITECH CITY HYDERABAD",
        "city_id": 107,
        "source": "manual"
      }
    },
    {
      "type": "Feature",
      "geometry": {
        "type": "Point",
        "coordinates": [
          78.48171,
          17.378484
        ]
      },
      "properties": {
        "stop_id": "C111-hyderabad",
        "stop_name": "HYDERABAD",
        "city_name": "HYDERABAD",
        "city_id": 111,
        "source": "manual"
      }
    },
    {
      "type": "Feature",
      "geometry": {
        "type": "Point",
        "coordinates": [
          78.460947,
          17.405624
        ]
      },
      "properties": {
        "stop_id": "C111-lakde-ka-pool",
        "stop_name": "LAKDE KA POOL",
        "city_name": "HYDERABAD",
        "city_id": 111,
        "source": "manual"
      }
    },
    {
      "type": "Feature",
      "geometry": {
        "type": "Point",
        "coordinates": [
          78.440321,
          17.394711
        ]
      },
      "properties": {
        "stop_id": "C111-mehndi-patanam-city-bus-stand",
        "stop_name": "MEHNDI PATANAM CITY BUS STAND",
        "city_name": "HYDERABAD",
        "city_id": 111,
        "source": "manual"
      }
    },
    {
      "type": "Feature",
      "geometry": {
        "type": "Point",
        "coordinates": [
          78.381098,
          17.451595
        ]
      },
      "properties": {
        "stop_id": "C111-hitech-city-opp-shilpa-ramam-park",
        "stop_name": "HITECH CITY OPP SHILPA RAMAM  PARK",
        "city_name": "HYDERABAD",
        "city_id": 111,
        "source": "manual"
      }
    },
    {
      "type": "Feature",
      "geometry": {
        "type": "Point",
        "coordinates": [
          77.571353,
          12.97507
        ]
      },
      "properties": {
        "stop_id": "C368-kempegowda-bs-terminal3",
        "stop_name": "KEMPEGOWDA BS TERMINAL3",
        "city_name": "BENGALURU",
        "city_id": 368,
        "source": "manual"
      }
    },
    {
      "type": "Feature",
      "geometry": {
        "type": "Point",
        "coordinates": [
          77.784383,
          13.070668
        ]
      },
      "properties": {
        "stop_id": "C368-hosakote-opp-new-bmtc-busstand",
        "stop_name": "HOSAKOTE OPP NEW BMTC BUSSTAND",
        "city_name": "BENGALURU",
        "city_id": 368,
        "source": "manual"
      }
    },
    {
      "type": "Feature",
      "geometry": {
        "type": "Point",
        "coordinates": [
          78.113981,
          13.126095
        ]
      },
      "properties": {
        "stop_id": "C368-kondarajanahalli-kolar-bypass",
        "stop_name": "KONDARAJANAHALLI KOLAR BYPASS",
        "city_name": "BENGALURU",
        "city_id": 368,
        "source": "manual"
      }
    },
    {
      "type": "Feature",
      "geometry": {
        "type": "Point",
        "coordinates": [
          78.172819,
          13.133329
        ]
      },
      "properties": {
        "stop_id": "C368-r-l-jalappa-medical-college-kolar-bypass",
        "stop_name": "R L JALAPPA MEDICAL COLLEGE KOLAR BYPASS",
        "city_name": "BENGALURU",
        "city_id": 368,
        "source": "manual"
      }
    },
    {
      "type": "Feature",
      "geometry": {
        "type": "Point",
        "coordinates": [
          79.105997,
          13.219506
        ]
      },
      "properties": {
        "stop_id": "C41-chittoor-bus-stand",
        "stop_name": "CHITTOOR BUS STAND",
        "city_name": "CHITTOOR",
        "city_id": 41,
        "source": "manual"
      }
    },
    {
      "type": "Feature",
      "geometry": {
        "type": "Point",
        "coordinates": [
          79.552004,
          13.440944
        ]
      },
      "properties": {
        "stop_id": "C65-eslapuram-puttur-ap",
        "stop_name": "ESLAPURAM PUTTUR AP",
        "city_name": "ESLAPURAM PUTTUR AP",
        "city_id": 65,
        "source": "manual"
      }
    },
    {
      "type": "Feature",
      "geometry": {
        "type": "Point",
        "coordinates": [
          79.43765,
          13.3395
        ]
      },
      "properties": {
        "stop_id": "C314-pallipatti-bus-stand",
        "stop_name": "PALLIPATTI BUS STAND",
        "city_name": "PALLIPATTI",
        "city_id": 314,
        "source": "manual"
      }
    },
    {
      "type": "Feature",
      "geometry": {
        "type": "Point",
        "coordinates": [
          78.744438,
          13.202053
        ]
      },
      "properties": {
        "stop_id": "C325-palamaneru-bus-stand",
        "stop_name": "PALAMANERU BUS STAND",
        "city_name": "PALAMANERU",
        "city_id": 325,
        "source": "manual"
      }
    },
    {
      "type": "Feature",
      "geometry": {
        "type": "Point",
        "coordinates": [
          79.552214,
          13.438142
        ]
      },
      "properties": {
        "stop_id": "C338-puttur-andhra-pradesh",
        "stop_name": "PUTTUR ANDHRA PRADESH",
        "city_name": "PUTTUR ANDHRA PRADESH",
        "city_id": 338,
        "source": "manual"
      }
    },
    {
      "type": "Feature",
      "geometry": {
        "type": "Point",
        "coordinates": [
          76.954901,
          16.276638
        ]
      },
      "properties": {
        "stop_id": "C818-arakera",
        "stop_name": "ARAKERA",
        "city_name": "ARAKERA AKA",
        "city_id": 818,
        "source": "manual"
      }
    },
    {
      "type": "Feature",
      "geometry": {
        "type": "Point",
        "coordinates": [
          77.028397,
          16.17529
        ]
      },
      "properties": {
        "stop_id": "C1519-sirwara",
        "stop_name": "SIRWARA",
        "city_name": "SIRWARA",
        "city_id": 1519,
        "source": "manual"
      }
    },
    {
      "type": "Feature",
      "geometry": {
        "type": "Point",
        "coordinates": [
          76.929735,
          16.423543
        ]
      },
      "properties": {
        "stop_id": "C2829-devadurga",
        "stop_name": "DEVADURGA",
        "city_name": "DEVADURGA",
        "city_id": 2829,
        "source": "manual"
      }
    },
    {
      "type": "Feature",
      "geometry": {
        "type": "Point",
        "coordinates": [
          75.199544,
          12.76253
        ]
      },
      "properties": {
        "stop_id": "C592-bolwaru-anjaneya-temple",
        "stop_name": "BOLWARU ANJANEYA TEMPLE",
        "city_name": "PUTTUR",
        "city_id": 592,
        "source": "manual"
      }
    },
    {
      "type": "Feature",
      "geometry": {
        "type": "Point",
        "coordinates": [
          78.388111,
          17.262704
        ]
      },
      "properties": {
        "stop_id": "C111-shamshaabad-bus-stand",
        "stop_name": "SHAMSHAABAD BUS STAND",
        "city_name": "HYDERABAD",
        "city_id": 111,
        "source": "manual"
      }
    },
    {
      "type": "Feature",
      "geometry": {
        "type": "Point",
        "coordinates": [
          78.485106,
          17.378141
        ]
      },
      "properties": {
        "stop_id": "C111-hyderabad-mgbs",
        "stop_name": "HYDERABAD MGBS",
        "city_name": "HYDERABAD",
        "city_id": 111,
        "source": "manual"
      }
    },
    {
      "type": "Feature",
      "geometry": {
        "type": "Point",
        "coordinates": [
          78.498252,
          17.447767
        ]
      },
      "properties": {
        "stop_id": "C362-secunderabad-jubliee-bus-stand",
        "stop_name": "SECUNDERABAD JUBLIEE BUS STAND",
        "city_name": "SECUNDERABAD",
        "city_id": 362,
        "source": "manual"
      }
    },
    {
      "type": "Feature",
      "geometry": {
        "type": "Point",
        "coordinates": [
          76.52715,
          16.156772
        ]
      },
      "properties": {
        "stop_id": "C2502-lingasugur-b-s",
        "stop_name": "LINGASUGUR B.S.",
        "city_name": "LINGASUGUR",
        "city_id": 2502,
        "source": "manual"
      }
    },
    {
      "type": "Feature",
      "geometry": {
        "type": "Point",
        "coordinates": [
          78.156195,
          9.943858
        ]
      },
      "properties": {
        "stop_id": "C3231-mattuthavani-bus-stand",
        "stop_name": "MATTUTHAVANI BUS STAND",
        "city_name": "MADURAI",
        "city_id": 3231,
        "source": "manual"
      }
    },
    {
      "type": "Feature",
      "geometry": {
        "type": "Point",
        "coordinates": [
          77.979718,
          10.360952
        ]
      },
      "properties": {
        "stop_id": "C3109-dindgal-setc-bus-stand",
        "stop_name": "DINDGAL SETC BUS STAND",
        "city_name": "DINDIGAL",
        "city_id": 3109,
        "source": "manual"
      }
    },
    {
      "type": "Feature",
      "geometry": {
        "type": "Point",
        "coordinates": [
          77.606179,
          12.936525
        ]
      },
      "properties": {
        "stop_id": "C368-kmf-christ-college-ph",
        "stop_name": "KMF CHRIST COLLEGE PH",
        "city_name": "BENGALURU",
        "city_id": 368,
        "source": "manual"
      }
    },
    {
      "type": "Feature",
      "geometry": {
        "type": "Point",
        "coordinates": [
          79.837576,
          10.91571
        ]
      },
      "properties": {
        "stop_id": "C3143-karaikal",
        "stop_name": "KARAIKAL",
        "city_name": "KARAIKAL",
        "city_id": 3143,
        "source": "manual"
      }
    },
    {
      "type": "Feature",
      "geometry": {
        "type": "Point",
        "coordinates": [
          79.744327,
          11.265904
        ]
      },
      "properties": {
        "stop_id": "C3212-sirkali",
        "stop_name": "SIRKALI",
        "city_name": "SIRKALI",
        "city_id": 3212,
        "source": "manual"
      }
    },
    {
      "type": "Feature",
      "geometry": {
        "type": "Point",
        "coordinates": [
          79.793038,
          10.926013
        ]
      },
      "properties": {
        "stop_id": "C3261-thirunallar-bus-stand",
        "stop_name": "THIRUNALLAR BUS STAND",
        "city_name": "THIRUNALLAR",
        "city_id": 3261,
        "source": "manual"
      }
    },
    {
      "type": "Feature",
      "geometry": {
        "type": "Point",
        "coordinates": [
          79.494564,
          11.939829
        ]
      },
      "properties": {
        "stop_id": "C3292-villupuram",
        "stop_name": "VILLUPURAM",
        "city_name": "VILLUPURAM",
        "city_id": 3292,
        "source": "manual"
      }
    },
    {
      "type": "Feature",
      "geometry": {
        "type": "Point",
        "coordinates": [
          74.822477,
          14.622248
        ]
      },
      "properties": {
        "stop_id": "C604-sirsi",
        "stop_name": "SIRSI",
        "city_name": "SIRSI",
        "city_id": 604,
        "source": "manual"
      }
    },
    {
      "type": "Feature",
      "geometry": {
        "type": "Point",
        "coordinates": [
          74.89419,
          14.345475
        ]
      },
      "properties": {
        "stop_id": "C1098-siddapur",
        "stop_name": "SIDDAPUR",
        "city_name": "SIDDAPURSRS",
        "city_id": 1098,
        "source": "default"
      }
    },
    {
      "type": "Feature",
      "geometry": {
        "type": "Point",
        "coordinates": [
          74.910349,
          14.215552
        ]
      },
      "properties": {
        "stop_id": "C1845-talguppa",
        "stop_name": "TALGUPPA",
        "city_name": "TALGUPPA",
        "city_id": 1845,
        "source": "manual"
      }
    },
    {
      "type": "Feature",
      "geometry": {
        "type": "Point",
        "coordinates": [
          75.568065,
          13.928988
        ]
      },
      "properties": {
        "stop_id": "C1342-shivamogga",
        "stop_name": "SHIVAMOGGA",
        "city_name": "SHIVAMOGGA",
        "city_id": 1342,
        "source": "manual"
      }
    },
    {
      "type": "Feature",
      "geometry": {
        "type": "Point",
        "coordinates": [
          76.388043,
          14.905029
        ]
      },
      "properties": {
        "stop_id": "C1575-kudalgi-bus-stand",
        "stop_name": "KUDALGI BUS STAND",
        "city_name": "KUDLAGI",
        "city_id": 1575,
        "source": "manual"
      }
    },
    {
      "type": "Feature",
      "geometry": {
        "type": "Point",
        "coordinates": [
          76.540163,
          13.584906
        ]
      },
      "properties": {
        "stop_id": "C252-huliyar-b-s",
        "stop_name": "HULIYAR B.S.",
        "city_name": "HULIYAR",
        "city_id": 252,
        "source": "manual"
      }
    },
    {
      "type": "Feature",
      "geometry": {
        "type": "Point",
        "coordinates": [
          76.66572,
          13.162666
        ]
      },
      "properties": {
        "stop_id": "C2017-turuvekere",
        "stop_name": "TURUVEKERE",
        "city_name": "TURUVEKERE",
        "city_id": 2017,
        "source": "manual"
      }
    },
    {
      "type": "Feature",
      "geometry": {
        "type": "Point",
        "coordinates": [
          75.485822,
          14.671984
        ]
      },
      "properties": {
        "stop_id": "C2214-byadagi-bus-stand",
        "stop_name": "BYADAGI BUS STAND",
        "city_name": "BYADAGI",
        "city_id": 2214,
        "source": "manual"
      }
    },
    {
      "type": "Feature",
      "geometry": {
        "type": "Point",
        "coordinates": [
          75.930644,
          14.460195
        ]
      },
      "properties": {
        "stop_id": "C563-davanagere",
        "stop_name": "DAVANAGERE",
        "city_name": "DAVANAGERE",
        "city_id": 563,
        "source": "manual"
      }
    },
    {
      "type": "Feature",
      "geometry": {
        "type": "Point",
        "coordinates": [
          80.196832,
          13.075256
        ]
      },
      "properties": {
        "stop_id": "C3086-koyambedu-bus-stand",
        "stop_name": "KOYAMBEDU BUS STAND",
        "city_name": "CHENNAI",
        "city_id": 3086,
        "source": "manual"
      }
    },
    {
      "type": "Feature",
      "geometry": {
        "type": "Point",
        "coordinates": [
          76.47486,
          13.261299
        ]
      },
      "properties": {
        "stop_id": "C1911-tiptur",
        "stop_name": "TIPTUR",
        "city_name": "TIPTUR",
        "city_id": 1911,
        "source": "manual"
      }
    },
    {
      "type": "Feature",
      "geometry": {
        "type": "Point",
        "coordinates": [
          76.489619,
          12.66552
        ]
      },
      "properties": {
        "stop_id": "C2183-k-r-pet",
        "stop_name": "K R PET",
        "city_name": "K R PET",
        "city_id": 2183,
        "source": "manual"
      }
    },
    {
      "type": "Feature",
      "geometry": {
        "type": "Point",
        "coordinates": [
          76.656882,
          12.261789
        ]
      },
      "properties": {
        "stop_id": "C296-bandipalya-ring-road-signal",
        "stop_name": "BANDIPALYA RING ROAD SIGNAL",
        "city_name": "MYSURU",
        "city_id": 296,
        "source": "manual"
      }
    },
    {
      "type": "Feature",
      "geometry": {
        "type": "Point",
        "coordinates": [
          74.66219,
          15.129642
        ]
      },
      "properties": {
        "stop_id": "C930-ambikanagar-bus-stand",
        "stop_name": "AMBIKANAGAR BUS STAND",
        "city_name": "AMBIKANAGAR",
        "city_id": 930,
        "source": "manual"
      }
    },
    {
      "type": "Feature",
      "geometry": {
        "type": "Point",
        "coordinates": [
          74.621802,
          15.247967
        ]
      },
      "properties": {
        "stop_id": "C2630-dandeli",
        "stop_name": "DANDELI",
        "city_name": "DANDELI",
        "city_id": 2630,
        "source": "manual"
      }
    },
    {
      "type": "Feature",
      "geometry": {
        "type": "Point",
        "coordinates": [
          74.744056,
          13.436523
        ]
      },
      "properties": {
        "stop_id": "C2336-bramhavara",
        "stop_name": "BRAMHAVARA",
        "city_name": "KUNDAPURA",
        "city_id": 2336,
        "source": "manual"
      }
    },
    {
      "type": "Feature",
      "geometry": {
        "type": "Point",
        "coordinates": [
          74.710172,
          13.496788
        ]
      },
      "properties": {
        "stop_id": "C2336-saligrama-b-s",
        "stop_name": "SALIGRAMA B.S.",
        "city_name": "KUNDAPURA",
        "city_id": 2336,
        "source": "manual"
      }
    },
    {
      "type": "Feature",
      "geometry": {
        "type": "Point",
        "coordinates": [
          75.964462,
          15.732203
        ]
      },
      "properties": {
        "stop_id": "C2794-gajendragada",
        "stop_name": "GAJENDRAGADA",
        "city_name": "GAJENDRAGADA",
        "city_id": 2794,
        "source": "manual"
      }
    },
    {
      "type": "Feature",
      "geometry": {
        "type": "Point",
        "coordinates": [
          76.130351,
          16.336623
        ]
      },
      "properties": {
        "stop_id": "C559-muddebihal-bus-stand",
        "stop_name": "MUDDEBIHAL BUS STAND",
        "city_name": "MUDDEBIHAL",
        "city_id": 559,
        "source": "manual"
      }
    },
    {
      "type": "Feature",
      "geometry": {
        "type": "Point",
        "coordinates": [
          76.311706,
          16.474468
        ]
      },
      "properties": {
        "stop_id": "C1850-talikot",
        "stop_name": "TALIKOT",
        "city_name": "TALIKOT",
        "city_id": 1850,
        "source": "manual"
      }
    },
    {
      "type": "Feature",
      "geometry": {
        "type": "Point",
        "coordinates": [
          77.132626,
          16.767869
        ]
      },
      "properties": {
        "stop_id": "C611-yadgir-central-bus-stand",
        "stop_name": "YADGIR CENTRAL BUS STAND",
        "city_name": "YADGIR",
        "city_id": 611,
        "source": "manual"
      }
    },
    {
      "type": "Feature",
      "geometry": {
        "type": "Point",
        "coordinates": [
          75.63296,
          15.429157
        ]
      },
      "properties": {
        "stop_id": "C570-gadag",
        "stop_name": "GADAG",
        "city_name": "GADAG",
        "city_id": 570,
        "source": "manual"
      }
    },
    {
      "type": "Feature",
      "geometry": {
        "type": "Point",
        "coordinates": [
          77.551976,
          12.911501
        ]
      },
      "properties": {
        "stop_id": "C2544-chikkalsandra-bengaluru",
        "stop_name": "CHIKKALSANDRA BENGALURU",
        "city_name": "CHIKKALSANDRA BENGALURU",
        "city_id": 2544,
        "source": "manual"
      }
    },
    {
      "type": "Feature",
      "geometry": {
        "type": "Point",
        "coordinates": [
          77.546876,
          12.918725
        ]
      },
      "properties": {
        "stop_id": "C2544-naidu-layout",
        "stop_name": "NAIDU LAYOUT",
        "city_name": "CHIKKALSANDRA BENGALURU",
        "city_id": 2544,
        "source": "manual"
      }
    },
    {
      "type": "Feature",
      "geometry": {
        "type": "Point",
        "coordinates": [
          77.5597,
          12.91854
        ]
      },
      "properties": {
        "stop_id": "C2544-padmanabhanagar-12b-busstop",
        "stop_name": "PADMANABHANAGAR 12B BUSSTOP",
        "city_name": "CHIKKALSANDRA BENGALURU",
        "city_id": 2544,
        "source": "manual"
      }
    },
    {
      "type": "Feature",
      "geometry": {
        "type": "Point",
        "coordinates": [
          77.550664,
          12.925073
        ]
      },
      "properties": {
        "stop_id": "C2544-kathriguppe-near-bigbazar",
        "stop_name": "KATHRIGUPPE NEAR BIGBAZAR",
        "city_name": "CHIKKALSANDRA BENGALURU",
        "city_id": 2544,
        "source": "manual"
      }
    },
    {
      "type": "Feature",
      "geometry": {
        "type": "Point",
        "coordinates": [
          79.267173,
          13.190916
        ]
      },
      "properties": {
        "stop_id": "C386-thugundrum-b-s",
        "stop_name": "THUGUNDRUM B.S",
        "city_name": "THUGUNDRUM",
        "city_id": 386,
        "source": "manual"
      }
    },
    {
      "type": "Feature",
      "geometry": {
        "type": "Point",
        "coordinates": [
          77.560714,
          12.935292
        ]
      },
      "properties": {
        "stop_id": "C2544-vidyapeeta-cirle",
        "stop_name": "VIDYAPEETA CIRLE",
        "city_name": "CHIKKALSANDRA BENGALURU",
        "city_id": 2544,
        "source": "manual"
      }
    },
    {
      "type": "Feature",
      "geometry": {
        "type": "Point",
        "coordinates": [
          77.668834,
          12.996575
        ]
      },
      "properties": {
        "stop_id": "C368-tin-factory-metro-station",
        "stop_name": "TIN FACTORY METRO STATION",
        "city_name": "BENGALURU",
        "city_id": 368,
        "source": "manual"
      }
    },
    {
      "type": "Feature",
      "geometry": {
        "type": "Point",
        "coordinates": [
          75.013272,
          14.695514
        ]
      },
      "properties": {
        "stop_id": "C2930-dasanakoppa",
        "stop_name": "DASANAKOPPA",
        "city_name": "DASANAKOPPA",
        "city_id": 2930,
        "source": "manual"
      }
    },
    {
      "type": "Feature",
      "geometry": {
        "type": "Point",
        "coordinates": [
          75.874128,
          11.303912
        ]
      },
      "properties": {
        "stop_id": "C2667-kichus-holidays-opp-iim",
        "stop_name": "KICHUS HOLIDAYS OPP IIM",
        "city_name": "KOZHIKODE",
        "city_id": 2667,
        "source": "manual"
      }
    },
    {
      "type": "Feature",
      "geometry": {
        "type": "Point",
        "coordinates": [
          75.936345,
          11.414184
        ]
      },
      "properties": {
        "stop_id": "C2667-front-police-stn-thamarasery",
        "stop_name": "FRONT POLICE STN THAMARASERY",
        "city_name": "KOZHIKODE",
        "city_id": 2667,
        "source": "manual"
      }
    },
    {
      "type": "Feature",
      "geometry": {
        "type": "Point",
        "coordinates": [
          79.444919,
          13.336281
        ]
      },
      "properties": {
        "stop_id": "C314-pallipatti-cross-ap-tn-check-post",
        "stop_name": "PALLIPATTI CROSS AP TN CHECK POST",
        "city_name": "PALLIPATTI",
        "city_id": 314,
        "source": "manual"
      }
    },
    {
      "type": "Feature",
      "geometry": {
        "type": "Point",
        "coordinates": [
          76.594461,
          15.0618
        ]
      },
      "properties": {
        "stop_id": "C2997-donimalai",
        "stop_name": "DONIMALAI",
        "city_name": "DONIMALAI",
        "city_id": 2997,
        "source": "manual"
      }
    },
    {
      "type": "Feature",
      "geometry": {
        "type": "Point",
        "coordinates": [
          75.804631,
          12.196813
        ]
      },
      "properties": {
        "stop_id": "C2276-virajpet",
        "stop_name": "VIRAJPET",
        "city_name": "VIRAJPET",
        "city_id": 2276,
        "source": "manual"
      }
    },
    {
      "type": "Feature",
      "geometry": {
        "type": "Point",
        "coordinates": [
          77.476491,
          12.907919
        ]
      },
      "properties": {
        "stop_id": "C368-kengeri-metro-station",
        "stop_name": "KENGERI METRO STATION",
        "city_name": "BENGALURU",
        "city_id": 368,
        "source": "manual"
      }
    },
    {
      "type": "Feature",
      "geometry": {
        "type": "Point",
        "coordinates": [
          75.678252,
          11.989504
        ]
      },
      "properties": {
        "stop_id": "C2634-iritti",
        "stop_name": "IRITTI",
        "city_name": "IRITTI",
        "city_id": 2634,
        "source": "manual"
      }
    },
    {
      "type": "Feature",
      "geometry": {
        "type": "Point",
        "coordinates": [
          75.572097,
          11.930762
        ]
      },
      "properties": {
        "stop_id": "C2700-mattanur",
        "stop_name": "MATTANUR",
        "city_name": "MATTANUR",
        "city_id": 2700,
        "source": "manual"
      }
    },
    {
      "type": "Feature",
      "geometry": {
        "type": "Point",
        "coordinates": [
          75.494223,
          11.749579
        ]
      },
      "properties": {
        "stop_id": "C2758-thalassery",
        "stop_name": "THALASSERY",
        "city_name": "THALASSERY",
        "city_id": 2758,
        "source": "manual"
      }
    },
    {
      "type": "Feature",
      "geometry": {
        "type": "Point",
        "coordinates": [
          76.757095,
          16.525781
        ]
      },
      "properties": {
        "stop_id": "C1499-surapura-b-s",
        "stop_name": "SURAPURA B.S",
        "city_name": "SURAPURA",
        "city_id": 1499,
        "source": "manual"
      }
    },
    {
      "type": "Feature",
      "geometry": {
        "type": "Point",
        "coordinates": [
          76.817455,
          17.326226
        ]
      },
      "properties": {
        "stop_id": "C398-kalaburagi",
        "stop_name": "KALABURAGI",
        "city_name": "KALABURAGI",
        "city_id": 398,
        "source": "manual"
      }
    },
    {
      "type": "Feature",
      "geometry": {
        "type": "Point",
        "coordinates": [
          76.223714,
          14.828831
        ]
      },
      "properties": {
        "stop_id": "C2134-kottur-bus-stand",
        "stop_name": "KOTTUR BUS STAND",
        "city_name": "KOTTUR",
        "city_id": 2134,
        "source": "manual"
      }
    },
    {
      "type": "Feature",
      "geometry": {
        "type": "Point",
        "coordinates": [
          76.286964,
          14.72257
        ]
      },
      "properties": {
        "stop_id": "C5168-ujjini",
        "stop_name": "UJJINI",
        "city_name": "UJJINI",
        "city_id": 5168,
        "source": "manual"
      }
    },
    {
      "type": "Feature",
      "geometry": {
        "type": "Point",
        "coordinates": [
          80.049945,
          15.505871
        ]
      },
      "properties": {
        "stop_id": "C309-ongole-bus-stand",
        "stop_name": "ONGOLE BUS STAND",
        "city_name": "ONGOLE",
        "city_id": 309,
        "source": "manual"
      }
    },
    {
      "type": "Feature",
      "geometry": {
        "type": "Point",
        "coordinates": [
          80.456761,
          16.297313
        ]
      },
      "properties": {
        "stop_id": "C95-guntur-bus-stand",
        "stop_name": "GUNTUR BUS STAND",
        "city_name": "GUNTUR",
        "city_id": 95,
        "source": "manual"
      }
    },
    {
      "type": "Feature",
      "geometry": {
        "type": "Point",
        "coordinates": [
          80.168338,
          16.098327
        ]
      },
      "properties": {
        "stop_id": "C34-chilakaluripeta-bus-stand",
        "stop_name": "CHILAKALURIPETA BUS STAND",
        "city_name": "CHILAKALURIPETA",
        "city_id": 34,
        "source": "manual"
      }
    },
    {
      "type": "Feature",
      "geometry": {
        "type": "Point",
        "coordinates": [
          80.031064,
          15.506513
        ]
      },
      "properties": {
        "stop_id": "C309-mungamuru-donka-junction-near-alluraiah-sweets",
        "stop_name": "MUNGAMURU DONKA JUNCTION NEAR ALLURAIAH SWEETS",
        "city_name": "ONGOLE",
        "city_id": 309,
        "source": "manual"
      }
    },
    {
      "type": "Feature",
      "geometry": {
        "type": "Point",
        "coordinates": [
          80.538868,
          16.390488
        ]
      },
      "properties": {
        "stop_id": "C392-kaza-toll-plaza-exit",
        "stop_name": "KAZA TOLL PLAZA EXIT",
        "city_name": "VIJAYAWADA",
        "city_id": 392,
        "source": "manual"
      }
    },
    {
      "type": "Feature",
      "geometry": {
        "type": "Point",
        "coordinates": [
          80.615206,
          16.507725
        ]
      },
      "properties": {
        "stop_id": "C392-vijayawada-bus-stand",
        "stop_name": "VIJAYAWADA BUS STAND",
        "city_name": "VIJAYAWADA",
        "city_id": 392,
        "source": "manual"
      }
    },
    {
      "type": "Feature",
      "geometry": {
        "type": "Point",
        "coordinates": [
          76.541432,
          12.360138
        ]
      },
      "properties": {
        "stop_id": "C296-ilavala-bus-stand",
        "stop_name": "ILAVALA BUS STAND",
        "city_name": "MYSURU",
        "city_id": 296,
        "source": "manual"
      }
    },
    {
      "type": "Feature",
      "geometry": {
        "type": "Point",
        "coordinates": [
          75.7139,
          15.3173
        ]
      },
      "properties": {
        "stop_id": "C2693-mananthawadi",
        "stop_name": "MANANTHAWADI",
        "city_name": "MANANTHAWADI",
        "city_id": 2693,
        "source": "default"
      }
    },
    {
      "type": "Feature",
      "geometry": {
        "type": "Point",
        "coordinates": [
          75.782554,
          11.259399
        ]
      },
      "properties": {
        "stop_id": "C2667-kozhikode",
        "stop_name": "KOZHIKODE",
        "city_name": "KOZHIKODE",
        "city_id": 2667,
        "source": "manual"
      }
    },
    {
      "type": "Feature",
      "geometry": {
        "type": "Point",
        "coordinates": [
          76.387097,
          10.191624
        ]
      },
      "properties": {
        "stop_id": "C2571-angamalee",
        "stop_name": "ANGAMALEE",
        "city_name": "ANGAMALY",
        "city_id": 2571,
        "source": "manual"
      }
    },
    {
      "type": "Feature",
      "geometry": {
        "type": "Point",
        "coordinates": [
          76.210573,
          10.517995
        ]
      },
      "properties": {
        "stop_id": "C2774-thrissur-ksrtc-bus-stand",
        "stop_name": "THRISSUR KSRTC BUS STAND",
        "city_name": "THRISSUR",
        "city_id": 2774,
        "source": "manual"
      }
    },
    {
      "type": "Feature",
      "geometry": {
        "type": "Point",
        "coordinates": [
          76.050999,
          11.968917
        ]
      },
      "properties": {
        "stop_id": "C327-kutta-bus-stand",
        "stop_name": "KUTTA BUS STAND",
        "city_name": "KUTTA",
        "city_id": 327,
        "source": "manual"
      }
    },
    {
      "type": "Feature",
      "geometry": {
        "type": "Point",
        "coordinates": [
          79.035167,
          13.275525
        ]
      },
      "properties": {
        "stop_id": "C142-kanipakam-b-s",
        "stop_name": "KANIPAKAM.B.S",
        "city_name": "KANIPAKAM",
        "city_id": 142,
        "source": "manual"
      }
    },
    {
      "type": "Feature",
      "geometry": {
        "type": "Point",
        "coordinates": [
          75.565086,
          11.829771
        ]
      },
      "properties": {
        "stop_id": "C2650-kutuparamba",
        "stop_name": "KUTUPARAMBA",
        "city_name": "KUTUPARAMBA",
        "city_id": 2650,
        "source": "manual"
      }
    },
    {
      "type": "Feature",
      "geometry": {
        "type": "Point",
        "coordinates": [
          79.989397,
          14.456813
        ]
      },
      "properties": {
        "stop_id": "C253-nellore-apsrtc-bus-stand",
        "stop_name": "NELLORE APSRTC BUS STAND",
        "city_name": "NELLORE",
        "city_id": 253,
        "source": "manual"
      }
    },
    {
      "type": "Feature",
      "geometry": {
        "type": "Point",
        "coordinates": [
          79.900942,
          13.906025
        ]
      },
      "properties": {
        "stop_id": "C247-naidupet-bus-stand",
        "stop_name": "NAIDUPET BUS STAND",
        "city_name": "NAIDUPET",
        "city_id": 247,
        "source": "manual"
      }
    },
    {
      "type": "Feature",
      "geometry": {
        "type": "Point",
        "coordinates": [
          79.707266,
          13.752356
        ]
      },
      "properties": {
        "stop_id": "C376-srikalahasti-bus-stand",
        "stop_name": "SRIKALAHASTI BUS STAND",
        "city_name": "SRIKALAHASTI",
        "city_id": 376,
        "source": "manual"
      }
    },
    {
      "type": "Feature",
      "geometry": {
        "type": "Point",
        "coordinates": [
          77.770917,
          13.05947
        ]
      },
      "properties": {
        "stop_id": "C368-hoskote-toll",
        "stop_name": "HOSKOTE TOLL",
        "city_name": "BENGALURU",
        "city_id": 368,
        "source": "manual"
      }
    },
    {
      "type": "Feature",
      "geometry": {
        "type": "Point",
        "coordinates": [
          77.626737,
          12.976524
        ]
      },
      "properties": {
        "stop_id": "C368-halasuru-metro-station",
        "stop_name": "HALASURU METRO STATION",
        "city_name": "BENGALURU",
        "city_id": 368,
        "source": "manual"
      }
    },
    {
      "type": "Feature",
      "geometry": {
        "type": "Point",
        "coordinates": [
          77.596788,
          12.964896
        ]
      },
      "properties": {
        "stop_id": "C368-richmond-circle",
        "stop_name": "RICHMOND CIRCLE",
        "city_name": "BENGALURU",
        "city_id": 368,
        "source": "manual"
      }
    },
    {
      "type": "Feature",
      "geometry": {
        "type": "Point",
        "coordinates": [
          77.58781,
          12.967373
        ]
      },
      "properties": {
        "stop_id": "C368-corporation-circle",
        "stop_name": "CORPORATION CIRCLE",
        "city_name": "BENGALURU",
        "city_id": 368,
        "source": "manual"
      }
    },
    {
      "type": "Feature",
      "geometry": {
        "type": "Point",
        "coordinates": [
          77.669632,
          12.996847
        ]
      },
      "properties": {
        "stop_id": "C368-tin-factory-phno",
        "stop_name": "TIN FACTORY PHNO",
        "city_name": "BENGALURU",
        "city_id": 368,
        "source": "manual"
      }
    },
    {
      "type": "Feature",
      "geometry": {
        "type": "Point",
        "coordinates": [
          77.3847,
          12.797108
        ]
      },
      "properties": {
        "stop_id": "C368-bidadi-bus-stop",
        "stop_name": "BIDADI BUS STOP",
        "city_name": "BENGALURU",
        "city_id": 368,
        "source": "manual"
      }
    },
    {
      "type": "Feature",
      "geometry": {
        "type": "Point",
        "coordinates": [
          75.168966,
          12.949726
        ]
      },
      "properties": {
        "stop_id": "C662-punjallakatte-bus-stand",
        "stop_name": "PUNJALLAKATTE BUS STAND",
        "city_name": "PUNJALLAKATTE",
        "city_id": 662,
        "source": "manual"
      }
    },
    {
      "type": "Feature",
      "geometry": {
        "type": "Point",
        "coordinates": [
          75.117483,
          15.767182
        ]
      },
      "properties": {
        "stop_id": "C1099-saundatti",
        "stop_name": "SAUNDATTI",
        "city_name": "SAUNDATTI",
        "city_id": 1099,
        "source": "manual"
      }
    },
    {
      "type": "Feature",
      "geometry": {
        "type": "Point",
        "coordinates": [
          74.820149,
          16.167595
        ]
      },
      "properties": {
        "stop_id": "C2542-gokak-bus-stand",
        "stop_name": "GOKAK BUS STAND",
        "city_name": "GOKAK",
        "city_id": 2542,
        "source": "manual"
      }
    },
    {
      "type": "Feature",
      "geometry": {
        "type": "Point",
        "coordinates": [
          75.119401,
          15.85155
        ]
      },
      "properties": {
        "stop_id": "C2791-munavalli-dam",
        "stop_name": "MUNAVALLI DAM",
        "city_name": "MUNAVALLI DAM",
        "city_id": 2791,
        "source": "manual"
      }
    },
    {
      "type": "Feature",
      "geometry": {
        "type": "Point",
        "coordinates": [
          77.675626,
          12.999922
        ]
      },
      "properties": {
        "stop_id": "C368-kr-pura-bmtc-bus-stop",
        "stop_name": "KR PURA BMTC BUS STOP",
        "city_name": "BENGALURU",
        "city_id": 368,
        "source": "manual"
      }
    },
    {
      "type": "Feature",
      "geometry": {
        "type": "Point",
        "coordinates": [
          78.650662,
          10.751949
        ]
      },
      "properties": {
        "stop_id": "C3266-trichy-panjapur-bus-stop",
        "stop_name": "TRICHY PANJAPUR BUS STOP",
        "city_name": "TRICHY",
        "city_id": 3266,
        "source": "manual"
      }
    },
    {
      "type": "Feature",
      "geometry": {
        "type": "Point",
        "coordinates": [
          78.693634,
          10.831442
        ]
      },
      "properties": {
        "stop_id": "C3266-trichy-chathiram-bs-opp-lalitha-jewellery",
        "stop_name": "TRICHY CHATHIRAM BS OPP LALITHA JEWELLERY",
        "city_name": "TRICHY",
        "city_id": 3266,
        "source": "manual"
      }
    },
    {
      "type": "Feature",
      "geometry": {
        "type": "Point",
        "coordinates": [
          79.112314,
          10.750097
        ]
      },
      "properties": {
        "stop_id": "C3263-tanjavoor-new-bus-stand",
        "stop_name": "TANJAVOOR NEW BUS STAND",
        "city_name": "TANJAVOOR",
        "city_id": 3263,
        "source": "manual"
      }
    },
    {
      "type": "Feature",
      "geometry": {
        "type": "Point",
        "coordinates": [
          79.382086,
          10.960411
        ]
      },
      "properties": {
        "stop_id": "C3145-kumbakonam",
        "stop_name": "KUMBAKONAM",
        "city_name": "KUMBAKONAM",
        "city_id": 3145,
        "source": "manual"
      }
    },
    {
      "type": "Feature",
      "geometry": {
        "type": "Point",
        "coordinates": [
          80.187308,
          13.729865
        ]
      },
      "properties": {
        "stop_id": "C374-sriharikota-bus-stand",
        "stop_name": "SRIHARIKOTA BUS STAND",
        "city_name": "SRIHARIKOTA",
        "city_id": 374,
        "source": "manual"
      }
    },
    {
      "type": "Feature",
      "geometry": {
        "type": "Point",
        "coordinates": [
          80.01463,
          13.698878
        ]
      },
      "properties": {
        "stop_id": "C385-sulurpete-bus-stand",
        "stop_name": "SULURPETE BUS STAND",
        "city_name": "SULURPETE",
        "city_id": 385,
        "source": "manual"
      }
    },
    {
      "type": "Feature",
      "geometry": {
        "type": "Point",
        "coordinates": [
          75.152898,
          14.563983
        ]
      },
      "properties": {
        "stop_id": "C982-anwatti-bus-stand",
        "stop_name": "ANWATTI BUS STAND",
        "city_name": "ANWATTI",
        "city_id": 982,
        "source": "manual"
      }
    },
    {
      "type": "Feature",
      "geometry": {
        "type": "Point",
        "coordinates": [
          75.7139,
          15.3173
        ]
      },
      "properties": {
        "stop_id": "C1195-shikaripur",
        "stop_name": "SHIKARIPUR",
        "city_name": "SHIKARIPUR",
        "city_id": 1195,
        "source": "default"
      }
    },
    {
      "type": "Feature",
      "geometry": {
        "type": "Point",
        "coordinates": [
          79.102159,
          10.731105
        ]
      },
      "properties": {
        "stop_id": "C3263-national-institute-of-technology",
        "stop_name": "NATIONAL INSTITUTE OF TECHNOLOGY",
        "city_name": "TANJAVOOR",
        "city_id": 3263,
        "source": "manual"
      }
    },
    {
      "type": "Feature",
      "geometry": {
        "type": "Point",
        "coordinates": [
          79.018331,
          10.730133
        ]
      },
      "properties": {
        "stop_id": "C3263-sastra-engineering-college",
        "stop_name": "SASTRA ENGINEERING COLLEGE",
        "city_name": "TANJAVOOR",
        "city_id": 3263,
        "source": "manual"
      }
    },
    {
      "type": "Feature",
      "geometry": {
        "type": "Point",
        "coordinates": [
          78.168077,
          11.21996
        ]
      },
      "properties": {
        "stop_id": "C3266-namakkal-bus-stand",
        "stop_name": "NAMAKKAL BUS STAND",
        "city_name": "TRICHY",
        "city_id": 3266,
        "source": "manual"
      }
    },
    {
      "type": "Feature",
      "geometry": {
        "type": "Point",
        "coordinates": [
          75.116508,
          15.349546
        ]
      },
      "properties": {
        "stop_id": "C132-hubballi",
        "stop_name": "HUBBALLI",
        "city_name": "HUBBALLI",
        "city_id": 132,
        "source": "manual"
      }
    },
    {
      "type": "Feature",
      "geometry": {
        "type": "Point",
        "coordinates": [
          74.515974,
          15.878971
        ]
      },
      "properties": {
        "stop_id": "C450-opp-shri-sagar-nehru-ngr",
        "stop_name": "OPP SHRI SAGAR NEHRU NGR",
        "city_name": "BELAGAVI",
        "city_id": 450,
        "source": "manual"
      }
    },
    {
      "type": "Feature",
      "geometry": {
        "type": "Point",
        "coordinates": [
          74.384237,
          16.40204
        ]
      },
      "properties": {
        "stop_id": "C519-nippani",
        "stop_name": "NIPPANI",
        "city_name": "NIPPANI",
        "city_id": 519,
        "source": "manual"
      }
    },
    {
      "type": "Feature",
      "geometry": {
        "type": "Point",
        "coordinates": [
          74.5778,
          16.426066
        ]
      },
      "properties": {
        "stop_id": "C551-chikkodi",
        "stop_name": "CHIKKODI",
        "city_name": "CHIKKODI",
        "city_id": 551,
        "source": "manual"
      }
    },
    {
      "type": "Feature",
      "geometry": {
        "type": "Point",
        "coordinates": [
          74.993657,
          15.469109
        ]
      },
      "properties": {
        "stop_id": "C567-dharwad",
        "stop_name": "DHARWAD",
        "city_name": "DHARWAD",
        "city_id": 567,
        "source": "manual"
      }
    },
    {
      "type": "Feature",
      "geometry": {
        "type": "Point",
        "coordinates": [
          75.7139,
          15.3173
        ]
      },
      "properties": {
        "stop_id": "C1375-sankeshwar",
        "stop_name": "SANKESHWAR",
        "city_name": "SANKESHWAR",
        "city_id": 1375,
        "source": "default"
      }
    },
    {
      "type": "Feature",
      "geometry": {
        "type": "Point",
        "coordinates": [
          75.7139,
          15.3173
        ]
      },
      "properties": {
        "stop_id": "C2337-kottigehar",
        "stop_name": "KOTTIGEHAR",
        "city_name": "KOTTIGEHAR",
        "city_id": 2337,
        "source": "default"
      }
    },
    {
      "type": "Feature",
      "geometry": {
        "type": "Point",
        "coordinates": [
          75.358237,
          13.232223
        ]
      },
      "properties": {
        "stop_id": "C1939-kalasa",
        "stop_name": "KALASA",
        "city_name": "KALASA",
        "city_id": 1939,
        "source": "manual"
      }
    },
    {
      "type": "Feature",
      "geometry": {
        "type": "Point",
        "coordinates": [
          75.344436,
          13.275954
        ]
      },
      "properties": {
        "stop_id": "C93-horanadu-bus-stand",
        "stop_name": "HORANADU BUS STAND",
        "city_name": "HORANADU",
        "city_id": 93,
        "source": "manual"
      }
    },
    {
      "type": "Feature",
      "geometry": {
        "type": "Point",
        "coordinates": [
          76.388002,
          14.905036
        ]
      },
      "properties": {
        "stop_id": "C1575-kudlagi",
        "stop_name": "KUDLAGI",
        "city_name": "KUDLAGI",
        "city_id": 1575,
        "source": "manual"
      }
    },
    {
      "type": "Feature",
      "geometry": {
        "type": "Point",
        "coordinates": [
          76.73624,
          12.98091
        ]
      },
      "properties": {
        "stop_id": "C1826-bellur-bus-stand",
        "stop_name": "BELLUR BUS STAND",
        "city_name": "BELLUR",
        "city_id": 1826,
        "source": "manual"
      }
    },
    {
      "type": "Feature",
      "geometry": {
        "type": "Point",
        "coordinates": [
          76.462211,
          15.33434
        ]
      },
      "properties": {
        "stop_id": "C539-hampi-bus-stand",
        "stop_name": "HAMPI BUS STAND",
        "city_name": "HAMPI",
        "city_id": 539,
        "source": "manual"
      }
    },
    {
      "type": "Feature",
      "geometry": {
        "type": "Point",
        "coordinates": [
          77.512644,
          12.828342
        ]
      },
      "properties": {
        "stop_id": "C5302-art-of-living-ashrama",
        "stop_name": "ART OF LIVING ASHRAMA",
        "city_name": "ART OF LIVING",
        "city_id": 5302,
        "source": "manual"
      }
    },
    {
      "type": "Feature",
      "geometry": {
        "type": "Point",
        "coordinates": [
          77.573261,
          12.906496
        ]
      },
      "properties": {
        "stop_id": "C5063-jp-nagar-6th-phase",
        "stop_name": "JP NAGAR 6TH PHASE",
        "city_name": "JP NAGAR 6TH PHASE",
        "city_id": 5063,
        "source": "manual"
      }
    },
    {
      "type": "Feature",
      "geometry": {
        "type": "Point",
        "coordinates": [
          77.584884,
          12.928629
        ]
      },
      "properties": {
        "stop_id": "C5064-jayanagar-4th-block-ttmc",
        "stop_name": "JAYANAGAR 4TH BLOCK TTMC",
        "city_name": "JAYANAGAR 4TH BLOCK TTMC",
        "city_id": 5064,
        "source": "manual"
      }
    },
    {
      "type": "Feature",
      "geometry": {
        "type": "Point",
        "coordinates": [
          77.592745,
          12.954282
        ]
      },
      "properties": {
        "stop_id": "C5065-shanthinagar-bmtc-ttmc",
        "stop_name": "SHANTHINAGAR BMTC TTMC",
        "city_name": "SHANTHINAGAR BMTC TTMC",
        "city_id": 5065,
        "source": "manual"
      }
    },
    {
      "type": "Feature",
      "geometry": {
        "type": "Point",
        "coordinates": [
          77.708756,
          13.199178
        ]
      },
      "properties": {
        "stop_id": "C1598-kempegowda-intl-airport",
        "stop_name": "KEMPEGOWDA INTL AIRPORT",
        "city_name": "KEMPEGOWDA INTL AIRPORT",
        "city_id": 1598,
        "source": "manual"
      }
    },
    {
      "type": "Feature",
      "geometry": {
        "type": "Point",
        "coordinates": [
          79.464705,
          11.540262
        ]
      },
      "properties": {
        "stop_id": "C3248-neyveli",
        "stop_name": "NEYVELI",
        "city_name": "NEYVELI",
        "city_id": 3248,
        "source": "default"
      }
    },
    {
      "type": "Feature",
      "geometry": {
        "type": "Point",
        "coordinates": [
          77.674739,
          12.842863
        ]
      },
      "properties": {
        "stop_id": "C368-electronic-city-hotel",
        "stop_name": "ELECTRONIC CITY HOTEL",
        "city_name": "BENGALURU",
        "city_id": 368,
        "source": "manual"
      }
    },
    {
      "type": "Feature",
      "geometry": {
        "type": "Point",
        "coordinates": [
          75.18462,
          13.633813
        ]
      },
      "properties": {
        "stop_id": "C216-heggodu-bs",
        "stop_name": "HEGGODU BS",
        "city_name": "HEGGODU THIRTAHALLI",
        "city_id": 216,
        "source": "manual"
      }
    },
    {
      "type": "Feature",
      "geometry": {
        "type": "Point",
        "coordinates": [
          75.221897,
          13.508026
        ]
      },
      "properties": {
        "stop_id": "C266-mavinakatte-bus-stand",
        "stop_name": "MAVINAKATTE BUS STAND",
        "city_name": "MAVINAKATTE",
        "city_id": 266,
        "source": "manual"
      }
    },
    {
      "type": "Feature",
      "geometry": {
        "type": "Point",
        "coordinates": [
          73.857666,
          18.50081
        ]
      },
      "properties": {
        "stop_id": "C2934-swargat-natraj-hotel",
        "stop_name": "SWARGAT NATRAJ HOTEL",
        "city_name": "PUNE",
        "city_id": 2934,
        "source": "manual"
      }
    },
    {
      "type": "Feature",
      "geometry": {
        "type": "Point",
        "coordinates": [
          76.381243,
          12.438605
        ]
      },
      "properties": {
        "stop_id": "C2242-k-r-nagar",
        "stop_name": "K R NAGAR",
        "city_name": "K R NAGAR",
        "city_id": 2242,
        "source": "manual"
      }
    },
    {
      "type": "Feature",
      "geometry": {
        "type": "Point",
        "coordinates": [
          76.175615,
          12.581752
        ]
      },
      "properties": {
        "stop_id": "C1636-keralapura-bus-stand",
        "stop_name": "KERALAPURA BUS STAND",
        "city_name": "KERALAPURA",
        "city_id": 1636,
        "source": "manual"
      }
    },
    {
      "type": "Feature",
      "geometry": {
        "type": "Point",
        "coordinates": [
          74.242973,
          16.703942
        ]
      },
      "properties": {
        "stop_id": "C2870-national-travels-opp-klp-bs",
        "stop_name": "NATIONAL TRAVELS OPP KLP BS",
        "city_name": "KOLHAPUR",
        "city_id": 2870,
        "source": "manual"
      }
    },
    {
      "type": "Feature",
      "geometry": {
        "type": "Point",
        "coordinates": [
          75.7139,
          15.3173
        ]
      },
      "properties": {
        "stop_id": "Ndabgal-dabgal-bus-stand",
        "stop_name": "DABGAL BUS STAND",
        "city_name": "DABGAL",
        "city_id": null,
        "source": "default"
      }
    },
    {
      "type": "Feature",
      "geometry": {
        "type": "Point",
        "coordinates": [
          78.819126,
          10.382651
        ]
      },
      "properties": {
        "stop_id": "C3267-pudukotai-bus-stand",
        "stop_name": "PUDUKOTAI BUS STAND",
        "city_name": "PUDUKKOTTAI",
        "city_id": 3267,
        "source": "manual"
      }
    },
    {
      "type": "Feature",
      "geometry": {
        "type": "Point",
        "coordinates": [
          78.781492,
          10.073575
        ]
      },
      "properties": {
        "stop_id": "C3197-karaikudi-new-b-s",
        "stop_name": "KARAIKUDI NEW B.S",
        "city_name": "KARAIKUDI",
        "city_id": 3197,
        "source": "manual"
      }
    },
    {
      "type": "Feature",
      "geometry": {
        "type": "Point",
        "coordinates": [
          77.592802,
          12.95446
        ]
      },
      "properties": {
        "stop_id": "C368-shantinagar-bs-infront-bmtc-co",
        "stop_name": "SHANTINAGAR BS INFRONT BMTC CO",
        "city_name": "BENGALURU",
        "city_id": 368,
        "source": "manual"
      }
    },
    {
      "type": "Feature",
      "geometry": {
        "type": "Point",
        "coordinates": [
          74.771652,
          13.140571
        ]
      },
      "properties": {
        "stop_id": "C30-padubidre-jnc-bus-stop",
        "stop_name": "PADUBIDRE JNC. BUS STOP",
        "city_name": "MANGALURU",
        "city_id": 30,
        "source": "manual"
      }
    },
    {
      "type": "Feature",
      "geometry": {
        "type": "Point",
        "coordinates": [
          74.800003,
          12.9901
        ]
      },
      "properties": {
        "stop_id": "C30-suratkal-bus-stop",
        "stop_name": "SURATKAL BUS STOP",
        "city_name": "MANGALURU",
        "city_id": 30,
        "source": "manual"
      }
    },
    {
      "type": "Feature",
      "geometry": {
        "type": "Point",
        "coordinates": [
          74.744093,
          13.43607
        ]
      },
      "properties": {
        "stop_id": "C2075-brahmavara-bus-stand",
        "stop_name": "BRAHMAVARA BUS STAND",
        "city_name": "UDUPI",
        "city_id": 2075,
        "source": "manual"
      }
    },
    {
      "type": "Feature",
      "geometry": {
        "type": "Point",
        "coordinates": [
          75.456831,
          14.373242
        ]
      },
      "properties": {
        "stop_id": "C182-masur-bus-stand",
        "stop_name": "MASUR BUS STAND",
        "city_name": "MASUR",
        "city_id": 182,
        "source": "manual"
      }
    },
    {
      "type": "Feature",
      "geometry": {
        "type": "Point",
        "coordinates": [
          75.29678,
          15.944955
        ]
      },
      "properties": {
        "stop_id": "C903-ramdurg-bus-stand",
        "stop_name": "RAMDURG BUS STAND",
        "city_name": "RAMDURG",
        "city_id": 903,
        "source": "manual"
      }
    },
    {
      "type": "Feature",
      "geometry": {
        "type": "Point",
        "coordinates": [
          75.249237,
          13.420609
        ]
      },
      "properties": {
        "stop_id": "C1466-sringeri",
        "stop_name": "SRINGERI",
        "city_name": "SRINGERI",
        "city_id": 1466,
        "source": "manual"
      }
    },
    {
      "type": "Feature",
      "geometry": {
        "type": "Point",
        "coordinates": [
          75.464625,
          13.350576
        ]
      },
      "properties": {
        "stop_id": "C1985-balehonnur",
        "stop_name": "BALEHONNUR",
        "city_name": "BALEHONNUR",
        "city_id": 1985,
        "source": "manual"
      }
    },
    {
      "type": "Feature",
      "geometry": {
        "type": "Point",
        "coordinates": [
          76.563614,
          18.398861
        ]
      },
      "properties": {
        "stop_id": "C2535-shivaji-chowk",
        "stop_name": "SHIVAJI CHOWK",
        "city_name": "LATUR B S",
        "city_id": 2535,
        "source": "manual"
      }
    },
    {
      "type": "Feature",
      "geometry": {
        "type": "Point",
        "coordinates": [
          76.580095,
          18.400062
        ]
      },
      "properties": {
        "stop_id": "C2535-new-bus-station",
        "stop_name": "NEW BUS STATION",
        "city_name": "LATUR B S",
        "city_id": 2535,
        "source": "manual"
      }
    },
    {
      "type": "Feature",
      "geometry": {
        "type": "Point",
        "coordinates": [
          76.600262,
          12.357841
        ]
      },
      "properties": {
        "stop_id": "C296-infosys-campus",
        "stop_name": "INFOSYS CAMPUS",
        "city_name": "MYSURU",
        "city_id": 296,
        "source": "manual"
      }
    },
    {
      "type": "Feature",
      "geometry": {
        "type": "Point",
        "coordinates": [
          75.808666,
          12.510894
        ]
      },
      "properties": {
        "stop_id": "C2620-madapura-bus-stand",
        "stop_name": "MADAPURA BUS STAND",
        "city_name": "MADAPURA",
        "city_id": 2620,
        "source": "manual"
      }
    },
    {
      "type": "Feature",
      "geometry": {
        "type": "Point",
        "coordinates": [
          77.730426,
          13.436191
        ]
      },
      "properties": {
        "stop_id": "C368-chikkaballapura-muncipl-b-s-ph",
        "stop_name": "CHIKKABALLAPURA MUNCIPL B.S PH.",
        "city_name": "BENGALURU",
        "city_id": 368,
        "source": "manual"
      }
    },
    {
      "type": "Feature",
      "geometry": {
        "type": "Point",
        "coordinates": [
          75.965377,
          12.755302
        ]
      },
      "properties": {
        "stop_id": "C2799-mallipatna-bus-stand",
        "stop_name": "MALLIPATNA BUS STAND",
        "city_name": "MALLIPATNA",
        "city_id": 2799,
        "source": "manual"
      }
    },
    {
      "type": "Feature",
      "geometry": {
        "type": "Point",
        "coordinates": [
          77.525123,
          12.94166
        ]
      },
      "properties": {
        "stop_id": "C368-nayandahalli-metro-station",
        "stop_name": "NAYANDAHALLI METRO STATION",
        "city_name": "BENGALURU",
        "city_id": 368,
        "source": "manual"
      }
    },
    {
      "type": "Feature",
      "geometry": {
        "type": "Point",
        "coordinates": [
          77.572433,
          12.977374
        ]
      },
      "properties": {
        "stop_id": "C368-kbs-shanthala",
        "stop_name": "KBS SHANTHALA",
        "city_name": "BENGALURU",
        "city_id": 368,
        "source": "manual"
      }
    },
    {
      "type": "Feature",
      "geometry": {
        "type": "Point",
        "coordinates": [
          75.501897,
          15.909539
        ]
      },
      "properties": {
        "stop_id": "C1948-kolageri-cross",
        "stop_name": "KOLAGERI CROSS",
        "city_name": "KULAGERI X",
        "city_id": 1948,
        "source": "manual"
      }
    },
    {
      "type": "Feature",
      "geometry": {
        "type": "Point",
        "coordinates": [
          76.334822,
          14.521856
        ]
      },
      "properties": {
        "stop_id": "C1332-jagalur-bus-stand",
        "stop_name": "JAGALUR BUS STAND",
        "city_name": "JAGALUR",
        "city_id": 1332,
        "source": "manual"
      }
    },
    {
      "type": "Feature",
      "geometry": {
        "type": "Point",
        "coordinates": [
          78.293121,
          17.493418
        ]
      },
      "properties": {
        "stop_id": "C21-bhel-bus-stand",
        "stop_name": "BHEL BUS STAND",
        "city_name": "BHEL",
        "city_id": 21,
        "source": "manual"
      }
    },
    {
      "type": "Feature",
      "geometry": {
        "type": "Point",
        "coordinates": [
          78.121009,
          17.579791
        ]
      },
      "properties": {
        "stop_id": "C365-iit-hyderabad-gate-bus-stop",
        "stop_name": "IIT HYDERABAD GATE BUS STOP",
        "city_name": "SANGA REDDY",
        "city_id": 365,
        "source": "manual"
      }
    },
    {
      "type": "Feature",
      "geometry": {
        "type": "Point",
        "coordinates": [
          78.081958,
          17.615336
        ]
      },
      "properties": {
        "stop_id": "C365-sanga-reddy-bus-stand",
        "stop_name": "SANGA REDDY BUS STAND",
        "city_name": "SANGA REDDY",
        "city_id": 365,
        "source": "manual"
      }
    },
    {
      "type": "Feature",
      "geometry": {
        "type": "Point",
        "coordinates": [
          77.614257,
          17.681362
        ]
      },
      "properties": {
        "stop_id": "C401-zaheerabad-bus-stand",
        "stop_name": "ZAHEERABAD BUS STAND",
        "city_name": "ZAHEERABAD",
        "city_id": 401,
        "source": "manual"
      }
    },
    {
      "type": "Feature",
      "geometry": {
        "type": "Point",
        "coordinates": [
          76.676388,
          12.120582
        ]
      },
      "properties": {
        "stop_id": "C444-nanjangud-bus-stand",
        "stop_name": "NANJANGUD BUS STAND",
        "city_name": "NANJANGUD",
        "city_id": 444,
        "source": "manual"
      }
    },
    {
      "type": "Feature",
      "geometry": {
        "type": "Point",
        "coordinates": [
          75.947974,
          14.445413
        ]
      },
      "properties": {
        "stop_id": "C563-highschool-ground-pb-road",
        "stop_name": "HIGHSCHOOL GROUND PB ROAD",
        "city_name": "DAVANAGERE",
        "city_id": 563,
        "source": "manual"
      }
    },
    {
      "type": "Feature",
      "geometry": {
        "type": "Point",
        "coordinates": [
          77.995838,
          16.748
        ]
      },
      "properties": {
        "stop_id": "C210-mehaboobnagar-bus-stand",
        "stop_name": "MEHABOOBNAGAR BUS STAND",
        "city_name": "MEHABOOBNAGAR",
        "city_id": 210,
        "source": "manual"
      }
    },
    {
      "type": "Feature",
      "geometry": {
        "type": "Point",
        "coordinates": [
          75.687804,
          12.306819
        ]
      },
      "properties": {
        "stop_id": "C515-napoklu",
        "stop_name": "NAPOKLU",
        "city_name": "NAPOKLU",
        "city_id": 515,
        "source": "manual"
      }
    },
    {
      "type": "Feature",
      "geometry": {
        "type": "Point",
        "coordinates": [
          75.529023,
          12.385729
        ]
      },
      "properties": {
        "stop_id": "C1562-bagamandala-bus-stand",
        "stop_name": "BAGAMANDALA BUS STAND",
        "city_name": "BHAGAMANDALA",
        "city_id": 1562,
        "source": "manual"
      }
    },
    {
      "type": "Feature",
      "geometry": {
        "type": "Point",
        "coordinates": [
          75.61605,
          12.327141
        ]
      },
      "properties": {
        "stop_id": "C1897-ballamavati-bus-stand",
        "stop_name": "BALLAMAVATI BUS STAND",
        "city_name": "BALLAMAVATI",
        "city_id": 1897,
        "source": "manual"
      }
    },
    {
      "type": "Feature",
      "geometry": {
        "type": "Point",
        "coordinates": [
          74.443797,
          14.279472
        ]
      },
      "properties": {
        "stop_id": "C542-honnavara",
        "stop_name": "HONNAVARA",
        "city_name": "HONNAVARA",
        "city_id": 542,
        "source": "manual"
      }
    },
    {
      "type": "Feature",
      "geometry": {
        "type": "Point",
        "coordinates": [
          74.424842,
          14.431932
        ]
      },
      "properties": {
        "stop_id": "C2018-kumta",
        "stop_name": "KUMTA",
        "city_name": "KUMTA",
        "city_id": 2018,
        "source": "manual"
      }
    },
    {
      "type": "Feature",
      "geometry": {
        "type": "Point",
        "coordinates": [
          74.319168,
          14.546175
        ]
      },
      "properties": {
        "stop_id": "C2938-gokarna",
        "stop_name": "GOKARNA",
        "city_name": "GOKARNA",
        "city_id": 2938,
        "source": "manual"
      }
    },
    {
      "type": "Feature",
      "geometry": {
        "type": "Point",
        "coordinates": [
          76.6573629,
          15.958598
        ]
      },
      "properties": {
        "stop_id": "C166-maski",
        "stop_name": "MASKI",
        "city_name": "MASKI",
        "city_id": 166,
        "source": "default"
      }
    },
    {
      "type": "Feature",
      "geometry": {
        "type": "Point",
        "coordinates": [
          76.2339592,
          17.7363018
        ]
      },
      "properties": {
        "stop_id": "C1210-shahapur",
        "stop_name": "SHAHAPUR",
        "city_name": "SHAHAPUR",
        "city_id": 1210,
        "source": "default"
      }
    },
    {
      "type": "Feature",
      "geometry": {
        "type": "Point",
        "coordinates": [
          76.89251,
          15.634706
        ]
      },
      "properties": {
        "stop_id": "C1459-siruguppa",
        "stop_name": "SIRUGUPPA",
        "city_name": "SIRUGUPPA",
        "city_id": 1459,
        "source": "manual"
      }
    },
    {
      "type": "Feature",
      "geometry": {
        "type": "Point",
        "coordinates": [
          76.527141,
          16.15667
        ]
      },
      "properties": {
        "stop_id": "C2502-lingasugur",
        "stop_name": "LINGASUGUR",
        "city_name": "LINGASUGUR",
        "city_id": 2502,
        "source": "manual"
      }
    },
    {
      "type": "Feature",
      "geometry": {
        "type": "Point",
        "coordinates": [
          74.835816,
          12.911638
        ]
      },
      "properties": {
        "stop_id": "C30-kottara-chowki-below-flyover",
        "stop_name": "KOTTARA CHOWKI BELOW FLYOVER",
        "city_name": "MANGALURU",
        "city_id": 30,
        "source": "manual"
      }
    },
    {
      "type": "Feature",
      "geometry": {
        "type": "Point",
        "coordinates": [
          74.829241,
          12.923952
        ]
      },
      "properties": {
        "stop_id": "C30-kooluru-bus-stand",
        "stop_name": "KOOLURU BUS STAND",
        "city_name": "MANGALURU",
        "city_id": 30,
        "source": "manual"
      }
    },
    {
      "type": "Feature",
      "geometry": {
        "type": "Point",
        "coordinates": [
          75.068834,
          12.846167
        ]
      },
      "properties": {
        "stop_id": "C1299-kalladka-bus-nh",
        "stop_name": "KALLADKA BUS NH",
        "city_name": "B C ROAD",
        "city_id": 1299,
        "source": "manual"
      }
    },
    {
      "type": "Feature",
      "geometry": {
        "type": "Point",
        "coordinates": [
          75.052555,
          12.863643
        ]
      },
      "properties": {
        "stop_id": "C1299-melkar-b-s-jnc",
        "stop_name": "MELKAR B S JNC",
        "city_name": "B C ROAD",
        "city_id": 1299,
        "source": "manual"
      }
    },
    {
      "type": "Feature",
      "geometry": {
        "type": "Point",
        "coordinates": [
          75.122182,
          12.835812
        ]
      },
      "properties": {
        "stop_id": "C1299-mani-bus-stop",
        "stop_name": "MANI BUS STOP",
        "city_name": "B C ROAD",
        "city_id": 1299,
        "source": "manual"
      }
    },
    {
      "type": "Feature",
      "geometry": {
        "type": "Point",
        "coordinates": [
          75.370789,
          12.664194
        ]
      },
      "properties": {
        "stop_id": "C1330-bellare-sullia",
        "stop_name": "BELLARE SULLIA",
        "city_name": "SULLYA",
        "city_id": 1330,
        "source": "manual"
      }
    },
    {
      "type": "Feature",
      "geometry": {
        "type": "Point",
        "coordinates": [
          77.543729,
          12.953443
        ]
      },
      "properties": {
        "stop_id": "C368-mysore-road-satellite-bmtc-bs",
        "stop_name": "MYSORE ROAD SATELLITE BMTC BS",
        "city_name": "BENGALURU",
        "city_id": 368,
        "source": "manual"
      }
    },
    {
      "type": "Feature",
      "geometry": {
        "type": "Point",
        "coordinates": [
          74.736711,
          13.630333
        ]
      },
      "properties": {
        "stop_id": "C2087-basruru-bus-stand",
        "stop_name": "BASRURU BUS STAND",
        "city_name": "BASRURU",
        "city_id": 2087,
        "source": "manual"
      }
    },
    {
      "type": "Feature",
      "geometry": {
        "type": "Point",
        "coordinates": [
          74.822508,
          13.647486
        ]
      },
      "properties": {
        "stop_id": "C5111-amparu",
        "stop_name": "AMPARU",
        "city_name": "AMPARU",
        "city_id": 5111,
        "source": "manual"
      }
    },
    {
      "type": "Feature",
      "geometry": {
        "type": "Point",
        "coordinates": [
          74.991147,
          13.458013
        ]
      },
      "properties": {
        "stop_id": "C422-hebri",
        "stop_name": "HEBRI",
        "city_name": "HEBRI",
        "city_id": 422,
        "source": "manual"
      }
    },
    {
      "type": "Feature",
      "geometry": {
        "type": "Point",
        "coordinates": [
          75.795871,
          13.307028
        ]
      },
      "properties": {
        "stop_id": "C555-hiremagalur-main-road-temple-arch",
        "stop_name": "HIREMAGALUR MAIN ROAD TEMPLE ARCH",
        "city_name": "CHIKKAMAGALURU",
        "city_id": 555,
        "source": "manual"
      }
    },
    {
      "type": "Feature",
      "geometry": {
        "type": "Point",
        "coordinates": [
          75.774543,
          13.315297
        ]
      },
      "properties": {
        "stop_id": "C555-azad-park-circle",
        "stop_name": "AZAD PARK CIRCLE",
        "city_name": "CHIKKAMAGALURU",
        "city_id": 555,
        "source": "manual"
      }
    },
    {
      "type": "Feature",
      "geometry": {
        "type": "Point",
        "coordinates": [
          75.774336,
          13.316055
        ]
      },
      "properties": {
        "stop_id": "C555-kote-circle",
        "stop_name": "KOTE CIRCLE",
        "city_name": "CHIKKAMAGALURU",
        "city_id": 555,
        "source": "manual"
      }
    },
    {
      "type": "Feature",
      "geometry": {
        "type": "Point",
        "coordinates": [
          75.866316,
          13.165784
        ]
      },
      "properties": {
        "stop_id": "C1425-belur-bus-stand",
        "stop_name": "BELUR BUS STAND",
        "city_name": "BELUR",
        "city_id": 1425,
        "source": "manual"
      }
    },
    {
      "type": "Feature",
      "geometry": {
        "type": "Point",
        "coordinates": [
          77.375263,
          13.113691
        ]
      },
      "properties": {
        "stop_id": "C368-nelamangala-navayuga-toll-plaza",
        "stop_name": "NELAMANGALA NAVAYUGA TOLL PLAZA",
        "city_name": "BENGALURU",
        "city_id": 368,
        "source": "manual"
      }
    },
    {
      "type": "Feature",
      "geometry": {
        "type": "Point",
        "coordinates": [
          77.472589,
          13.057069
        ]
      },
      "properties": {
        "stop_id": "C368-madavara-metro-station",
        "stop_name": "MADAVARA METRO STATION",
        "city_name": "BENGALURU",
        "city_id": 368,
        "source": "manual"
      }
    },
    {
      "type": "Feature",
      "geometry": {
        "type": "Point",
        "coordinates": [
          77.540193,
          13.0286
        ]
      },
      "properties": {
        "stop_id": "C368-goraguntepalya-metro-station",
        "stop_name": "GORAGUNTEPALYA METRO STATION",
        "city_name": "BENGALURU",
        "city_id": 368,
        "source": "manual"
      }
    },
    {
      "type": "Feature",
      "geometry": {
        "type": "Point",
        "coordinates": [
          77.552677,
          13.020258
        ]
      },
      "properties": {
        "stop_id": "C368-yeshwanthpura-opp-to-govardhan-theatre",
        "stop_name": "YESHWANTHPURA OPP TO GOVARDHAN THEATRE",
        "city_name": "BENGALURU",
        "city_id": 368,
        "source": "manual"
      }
    },
    {
      "type": "Feature",
      "geometry": {
        "type": "Point",
        "coordinates": [
          78.111108,
          9.915918
        ]
      },
      "properties": {
        "stop_id": "C3231-periyar-bus-stand",
        "stop_name": "PERIYAR BUS STAND",
        "city_name": "MADURAI",
        "city_id": 3231,
        "source": "manual"
      }
    },
    {
      "type": "Feature",
      "geometry": {
        "type": "Point",
        "coordinates": [
          78.098676,
          9.946443
        ]
      },
      "properties": {
        "stop_id": "C3231-fatima-college-bus-stop",
        "stop_name": "FATIMA COLLEGE BUS STOP",
        "city_name": "MADURAI",
        "city_id": 3231,
        "source": "manual"
      }
    },
    {
      "type": "Feature",
      "geometry": {
        "type": "Point",
        "coordinates": [
          77.672519,
          12.845668
        ]
      },
      "properties": {
        "stop_id": "C368-electronic-city-flyover",
        "stop_name": "ELECTRONIC CITY FLYOVER",
        "city_name": "BENGALURU",
        "city_id": 368,
        "source": "manual"
      }
    },
    {
      "type": "Feature",
      "geometry": {
        "type": "Point",
        "coordinates": [
          77.598269,
          12.938869
        ]
      },
      "properties": {
        "stop_id": "C368-kmf-opp-dairy-circle-nimhans",
        "stop_name": "KMF OPP DAIRY CIRCLE NIMHANS",
        "city_name": "BENGALURU",
        "city_id": 368,
        "source": "manual"
      }
    },
    {
      "type": "Feature",
      "geometry": {
        "type": "Point",
        "coordinates": [
          74.740456,
          19.106247
        ]
      },
      "properties": {
        "stop_id": "C2826-ahamed-nagar-b-s-tarakpur",
        "stop_name": "AHAMED NAGAR B.S.TARAKPUR",
        "city_name": "AHMED NAGAR",
        "city_id": 2826,
        "source": "manual"
      }
    },
    {
      "type": "Feature",
      "geometry": {
        "type": "Point",
        "coordinates": [
          74.243122,
          16.704003
        ]
      },
      "properties": {
        "stop_id": "C2870-pawan-tourist-opp-kolhapur-b-s",
        "stop_name": "PAWAN TOURIST OPP KOLHAPUR B.S",
        "city_name": "KOLHAPUR",
        "city_id": 2870,
        "source": "manual"
      }
    },
    {
      "type": "Feature",
      "geometry": {
        "type": "Point",
        "coordinates": [
          74.00448,
          17.693014
        ]
      },
      "properties": {
        "stop_id": "C2983-satara",
        "stop_name": "SATARA",
        "city_name": "SATARA",
        "city_id": 2983,
        "source": "manual"
      }
    },
    {
      "type": "Feature",
      "geometry": {
        "type": "Point",
        "coordinates": [
          72.822145,
          18.969314
        ]
      },
      "properties": {
        "stop_id": "C2898-mumbai-central",
        "stop_name": "MUMBAI CENTRAL",
        "city_name": "MUMBAI",
        "city_id": 2898,
        "source": "manual"
      }
    },
    {
      "type": "Feature",
      "geometry": {
        "type": "Point",
        "coordinates": [
          76.69595,
          11.403635
        ]
      },
      "properties": {
        "stop_id": "C3254-ooty-bus-stand",
        "stop_name": "OOTY BUS STAND",
        "city_name": "OOTY",
        "city_id": 3254,
        "source": "manual"
      }
    },
    {
      "type": "Feature",
      "geometry": {
        "type": "Point",
        "coordinates": [
          76.660233,
          16.198893
        ]
      },
      "properties": {
        "stop_id": "C1119-hatti",
        "stop_name": "HATTI",
        "city_name": "HATTI",
        "city_id": 1119,
        "source": "manual"
      }
    },
    {
      "type": "Feature",
      "geometry": {
        "type": "Point",
        "coordinates": [
          76.492005,
          11.506008
        ]
      },
      "properties": {
        "stop_id": "C3123-gudalur",
        "stop_name": "GUDALUR",
        "city_name": "GUDALUR",
        "city_id": 3123,
        "source": "manual"
      }
    },
    {
      "type": "Feature",
      "geometry": {
        "type": "Point",
        "coordinates": [
          76.793468,
          11.343623
        ]
      },
      "properties": {
        "stop_id": "C3103-coonur",
        "stop_name": "COONUR",
        "city_name": "COONUR",
        "city_id": 3103,
        "source": "manual"
      }
    },
    {
      "type": "Feature",
      "geometry": {
        "type": "Point",
        "coordinates": [
          78.372996,
          17.247132
        ]
      },
      "properties": {
        "stop_id": "C111-aramghar-pariwar-dhaba",
        "stop_name": "ARAMGHAR PARIWAR DHABA",
        "city_name": "HYDERABAD",
        "city_id": 111,
        "source": "manual"
      }
    },
    {
      "type": "Feature",
      "geometry": {
        "type": "Point",
        "coordinates": [
          80.196959,
          13.075035
        ]
      },
      "properties": {
        "stop_id": "C3086-chennai-kmbd-bus-stand",
        "stop_name": "CHENNAI KMBD BUS STAND",
        "city_name": "CHENNAI",
        "city_id": 3086,
        "source": "manual"
      }
    },
    {
      "type": "Feature",
      "geometry": {
        "type": "Point",
        "coordinates": [
          80.088002,
          13.049682
        ]
      },
      "properties": {
        "stop_id": "C3086-dr-ambedkar-statue-poonamallee-bypass",
        "stop_name": "DR AMBEDKAR STATUE POONAMALLEE BYPASS",
        "city_name": "CHENNAI",
        "city_id": 3086,
        "source": "manual"
      }
    },
    {
      "type": "Feature",
      "geometry": {
        "type": "Point",
        "coordinates": [
          79.64781,
          12.869466
        ]
      },
      "properties": {
        "stop_id": "C3150-kanchipuram-bypass",
        "stop_name": "KANCHIPURAM BYPASS",
        "city_name": "KANCHIPURAM",
        "city_id": 3150,
        "source": "manual"
      }
    },
    {
      "type": "Feature",
      "geometry": {
        "type": "Point",
        "coordinates": [
          75.919442,
          14.467133
        ]
      },
      "properties": {
        "stop_id": "C563-davanagere-railway-station",
        "stop_name": "DAVANAGERE RAILWAY STATION",
        "city_name": "DAVANAGERE",
        "city_id": 563,
        "source": "manual"
      }
    },
    {
      "type": "Feature",
      "geometry": {
        "type": "Point",
        "coordinates": [
          75.903774,
          14.470184
        ]
      },
      "properties": {
        "stop_id": "C563-bsnl-sangolli-rayanna-circle",
        "stop_name": "BSNL SANGOLLI RAYANNA CIRCLE",
        "city_name": "DAVANAGERE",
        "city_id": 563,
        "source": "manual"
      }
    },
    {
      "type": "Feature",
      "geometry": {
        "type": "Point",
        "coordinates": [
          75.899394,
          14.441324
        ]
      },
      "properties": {
        "stop_id": "C563-shamnur-bypass",
        "stop_name": "SHAMNUR BYPASS",
        "city_name": "DAVANAGERE",
        "city_id": 563,
        "source": "manual"
      }
    },
    {
      "type": "Feature",
      "geometry": {
        "type": "Point",
        "coordinates": [
          79.705264,
          12.835656
        ]
      },
      "properties": {
        "stop_id": "C3150-kanchipuram",
        "stop_name": "KANCHIPURAM",
        "city_name": "KANCHIPURAM",
        "city_id": 3150,
        "source": "manual"
      }
    },
    {
      "type": "Feature",
      "geometry": {
        "type": "Point",
        "coordinates": [
          76.104683,
          12.998113
        ]
      },
      "properties": {
        "stop_id": "C574-hassan-bus-stand",
        "stop_name": "HASSAN BUS STAND",
        "city_name": "HASSAN",
        "city_id": 574,
        "source": "manual"
      }
    },
    {
      "type": "Feature",
      "geometry": {
        "type": "Point",
        "coordinates": [
          76.848241,
          14.69684
        ]
      },
      "properties": {
        "stop_id": "C354-rayadurga-bus-stop",
        "stop_name": "RAYADURGA BUS STOP",
        "city_name": "RAYADURGA",
        "city_id": 354,
        "source": "manual"
      }
    },
    {
      "type": "Feature",
      "geometry": {
        "type": "Point",
        "coordinates": [
          76.746311,
          14.718549
        ]
      },
      "properties": {
        "stop_id": "C77-molakalmur-bus-stand",
        "stop_name": "MOLAKALMUR BUS STAND",
        "city_name": "MOLAKALMUR",
        "city_id": 77,
        "source": "manual"
      }
    },
    {
      "type": "Feature",
      "geometry": {
        "type": "Point",
        "coordinates": [
          76.668256,
          14.525524
        ]
      },
      "properties": {
        "stop_id": "C5119-hirehalli-bus-stop",
        "stop_name": "HIREHALLI BUS STOP",
        "city_name": "HIREHALLI",
        "city_id": 5119,
        "source": "manual"
      }
    },
    {
      "type": "Feature",
      "geometry": {
        "type": "Point",
        "coordinates": [
          75.281109,
          12.989859
        ]
      },
      "properties": {
        "stop_id": "C1821-belthangadi",
        "stop_name": "BELTHANGADI",
        "city_name": "BELTHANGADI",
        "city_id": 1821,
        "source": "manual"
      }
    },
    {
      "type": "Feature",
      "geometry": {
        "type": "Point",
        "coordinates": [
          75.385012,
          12.956115
        ]
      },
      "properties": {
        "stop_id": "C3091-dharmastala",
        "stop_name": "DHARMASTALA",
        "city_name": "DHARMASTALA",
        "city_id": 3091,
        "source": "manual"
      }
    },
    {
      "type": "Feature",
      "geometry": {
        "type": "Point",
        "coordinates": [
          74.786611,
          13.35158
        ]
      },
      "properties": {
        "stop_id": "C49-manipal",
        "stop_name": "MANIPAL",
        "city_name": "MANIPAL",
        "city_id": 49,
        "source": "manual"
      }
    },
    {
      "type": "Feature",
      "geometry": {
        "type": "Point",
        "coordinates": [
          74.747274,
          13.34115
        ]
      },
      "properties": {
        "stop_id": "C2075-udupi",
        "stop_name": "UDUPI",
        "city_name": "UDUPI",
        "city_id": 2075,
        "source": "manual"
      }
    },
    {
      "type": "Feature",
      "geometry": {
        "type": "Point",
        "coordinates": [
          79.552937,
          11.771169
        ]
      },
      "properties": {
        "stop_id": "C3286-panrutti-bus-stand",
        "stop_name": "PANRUTTI BUS STAND",
        "city_name": "PANRUTTI",
        "city_id": 3286,
        "source": "manual"
      }
    },
    {
      "type": "Feature",
      "geometry": {
        "type": "Point",
        "coordinates": [
          79.755719,
          11.746379
        ]
      },
      "properties": {
        "stop_id": "C3079-cuddalore",
        "stop_name": "CUDDALORE",
        "city_name": "CUDDALORE",
        "city_id": 3079,
        "source": "manual"
      }
    },
    {
      "type": "Feature",
      "geometry": {
        "type": "Point",
        "coordinates": [
          79.073334,
          12.239973
        ]
      },
      "properties": {
        "stop_id": "C3275-thiruvanamalai-bus-stand",
        "stop_name": "THIRUVANAMALAI BUS STAND",
        "city_name": "TIRUVANNAMALAI",
        "city_id": 3275,
        "source": "manual"
      }
    },
    {
      "type": "Feature",
      "geometry": {
        "type": "Point",
        "coordinates": [
          76.649202,
          10.767632
        ]
      },
      "properties": {
        "stop_id": "C2715-palghat-ksrtc-bus-stand",
        "stop_name": "PALGHAT KSRTC BUS STAND",
        "city_name": "PALAKKAD",
        "city_id": 2715,
        "source": "manual"
      }
    },
    {
      "type": "Feature",
      "geometry": {
        "type": "Point",
        "coordinates": [
          76.336939,
          10.301157
        ]
      },
      "properties": {
        "stop_id": "C2578-chalakudi",
        "stop_name": "CHALAKUDI",
        "city_name": "CHALAKUDI",
        "city_id": 2578,
        "source": "manual"
      }
    },
    {
      "type": "Feature",
      "geometry": {
        "type": "Point",
        "coordinates": [
          76.555746,
          9.667787
        ]
      },
      "properties": {
        "stop_id": "C2629-ettumanur-b-s",
        "stop_name": "ETTUMANUR B.S",
        "city_name": "ETTUMANUR",
        "city_id": 2629,
        "source": "manual"
      }
    },
    {
      "type": "Feature",
      "geometry": {
        "type": "Point",
        "coordinates": [
          76.595688,
          9.861595
        ]
      },
      "properties": {
        "stop_id": "C2640-federal-bank-koothattukulam",
        "stop_name": "FEDERAL BANK KOOTHATTUKULAM",
        "city_name": "KOOTHATTUKULAM",
        "city_id": 2640,
        "source": "manual"
      }
    },
    {
      "type": "Feature",
      "geometry": {
        "type": "Point",
        "coordinates": [
          76.523438,
          9.585808
        ]
      },
      "properties": {
        "stop_id": "C2662-kottayam-b-s",
        "stop_name": "KOTTAYAM B.S",
        "city_name": "KOTTAYAM",
        "city_id": 2662,
        "source": "manual"
      }
    },
    {
      "type": "Feature",
      "geometry": {
        "type": "Point",
        "coordinates": [
          76.578363,
          9.982767
        ]
      },
      "properties": {
        "stop_id": "C2702-muvathupuza",
        "stop_name": "MUVATHUPUZA",
        "city_name": "MUVATHUPUZA",
        "city_id": 2702,
        "source": "manual"
      }
    },
    {
      "type": "Feature",
      "geometry": {
        "type": "Point",
        "coordinates": [
          76.473815,
          10.113152
        ]
      },
      "properties": {
        "stop_id": "C2728-perambavur-b-s",
        "stop_name": "PERAMBAVUR B S",
        "city_name": "PERAMBAVUR",
        "city_id": 2728,
        "source": "manual"
      }
    },
    {
      "type": "Feature",
      "geometry": {
        "type": "Point",
        "coordinates": [
          75.680786,
          15.920387
        ]
      },
      "properties": {
        "stop_id": "C975-badami-bus-stand",
        "stop_name": "BADAMI BUS STAND",
        "city_name": "BADAMI",
        "city_id": 975,
        "source": "manual"
      }
    },
    {
      "type": "Feature",
      "geometry": {
        "type": "Point",
        "coordinates": [
          75.790295,
          16.05013
        ]
      },
      "properties": {
        "stop_id": "C1802-guledegudda-b-s",
        "stop_name": "GULEDEGUDDA B.S",
        "city_name": "GULEDEGUDDA",
        "city_id": 1802,
        "source": "manual"
      }
    },
    {
      "type": "Feature",
      "geometry": {
        "type": "Point",
        "coordinates": [
          74.835504,
          12.904493
        ]
      },
      "properties": {
        "stop_id": "C30-infosys",
        "stop_name": "INFOSYS",
        "city_name": "MANGALURU",
        "city_id": 30,
        "source": "manual"
      }
    },
    {
      "type": "Feature",
      "geometry": {
        "type": "Point",
        "coordinates": [
          74.835924,
          12.899528
        ]
      },
      "properties": {
        "stop_id": "C30-urwa-store-bus-stop",
        "stop_name": "URWA STORE BUS STOP",
        "city_name": "MANGALURU",
        "city_id": 30,
        "source": "manual"
      }
    },
    {
      "type": "Feature",
      "geometry": {
        "type": "Point",
        "coordinates": [
          78.311677,
          17.493471
        ]
      },
      "properties": {
        "stop_id": "C111-bhel-ashok-nagar",
        "stop_name": "BHEL ASHOK NAGAR",
        "city_name": "HYDERABAD",
        "city_id": 111,
        "source": "manual"
      }
    },
    {
      "type": "Feature",
      "geometry": {
        "type": "Point",
        "coordinates": [
          78.361327,
          17.496918
        ]
      },
      "properties": {
        "stop_id": "C111-bharath-petrol-pump-allwyn-cross",
        "stop_name": "BHARATH PETROL PUMP ALLWYN CROSS",
        "city_name": "HYDERABAD",
        "city_id": 111,
        "source": "manual"
      }
    },
    {
      "type": "Feature",
      "geometry": {
        "type": "Point",
        "coordinates": [
          78.373114,
          17.496509
        ]
      },
      "properties": {
        "stop_id": "C111-miyapur-metro-station",
        "stop_name": "MIYAPUR METRO STATION",
        "city_name": "HYDERABAD",
        "city_id": 111,
        "source": "manual"
      }
    },
    {
      "type": "Feature",
      "geometry": {
        "type": "Point",
        "coordinates": [
          78.444648,
          17.435566
        ]
      },
      "properties": {
        "stop_id": "C111-ameerpet-metro-station",
        "stop_name": "AMEERPET METRO STATION",
        "city_name": "HYDERABAD",
        "city_id": 111,
        "source": "manual"
      }
    },
    {
      "type": "Feature",
      "geometry": {
        "type": "Point",
        "coordinates": [
          76.310886,
          10.029509
        ]
      },
      "properties": {
        "stop_id": "C2596-edapalli-toll-junction",
        "stop_name": "EDAPALLI TOLL JUNCTION",
        "city_name": "ERNAKULAM",
        "city_id": 2596,
        "source": "manual"
      }
    },
    {
      "type": "Feature",
      "geometry": {
        "type": "Point",
        "coordinates": [
          76.349158,
          10.109455
        ]
      },
      "properties": {
        "stop_id": "C2596-nippon-travels-aluva",
        "stop_name": "NIPPON TRAVELS ALUVA",
        "city_name": "ERNAKULAM",
        "city_id": 2596,
        "source": "manual"
      }
    },
    {
      "type": "Feature",
      "geometry": {
        "type": "Point",
        "coordinates": [
          76.386691,
          10.191692
        ]
      },
      "properties": {
        "stop_id": "C2596-opp-angamalai-bs",
        "stop_name": "OPP ANGAMALAI BS",
        "city_name": "ERNAKULAM",
        "city_id": 2596,
        "source": "manual"
      }
    },
    {
      "type": "Feature",
      "geometry": {
        "type": "Point",
        "coordinates": [
          76.318181,
          9.968481
        ]
      },
      "properties": {
        "stop_id": "C2596-vyttila-jn-near-corporation-bldg",
        "stop_name": "VYTTILA JN NEAR CORPORATION BLDG",
        "city_name": "ERNAKULAM",
        "city_id": 2596,
        "source": "manual"
      }
    },
    {
      "type": "Feature",
      "geometry": {
        "type": "Point",
        "coordinates": [
          76.25702,
          11.662874
        ]
      },
      "properties": {
        "stop_id": "C2751-hotel-solar-junction",
        "stop_name": "HOTEL SOLAR JUNCTION",
        "city_name": "SULTANBATHERY",
        "city_id": 2751,
        "source": "manual"
      }
    },
    {
      "type": "Feature",
      "geometry": {
        "type": "Point",
        "coordinates": [
          74.841709,
          12.885277
        ]
      },
      "properties": {
        "stop_id": "C30-mangaluru",
        "stop_name": "MANGALURU",
        "city_name": "MANGALURU",
        "city_id": 30,
        "source": "manual"
      }
    },
    {
      "type": "Feature",
      "geometry": {
        "type": "Point",
        "coordinates": [
          76.652288,
          14.315229
        ]
      },
      "properties": {
        "stop_id": "C2561-challakere",
        "stop_name": "CHALLAKERE",
        "city_name": "CHALLAKERE",
        "city_id": 2561,
        "source": "manual"
      }
    },
    {
      "type": "Feature",
      "geometry": {
        "type": "Point",
        "coordinates": [
          76.927841,
          15.146445
        ]
      },
      "properties": {
        "stop_id": "C458-ballari-b-s",
        "stop_name": "BALLARI B.S.",
        "city_name": "BALLARI",
        "city_id": 458,
        "source": "manual"
      }
    },
    {
      "type": "Feature",
      "geometry": {
        "type": "Point",
        "coordinates": [
          76.899493,
          15.142684
        ]
      },
      "properties": {
        "stop_id": "C458-durgamma-gudi-bs",
        "stop_name": "DURGAMMA GUDI BS",
        "city_name": "BALLARI",
        "city_id": 458,
        "source": "manual"
      }
    },
    {
      "type": "Feature",
      "geometry": {
        "type": "Point",
        "coordinates": [
          76.921013,
          15.152209
        ]
      },
      "properties": {
        "stop_id": "C458-sp-circle-ballari",
        "stop_name": "SP CIRCLE BALLARI",
        "city_name": "BALLARI",
        "city_id": 458,
        "source": "manual"
      }
    },
    {
      "type": "Feature",
      "geometry": {
        "type": "Point",
        "coordinates": [
          79.651505,
          12.226168
        ]
      },
      "properties": {
        "stop_id": "C3116-dindivanam",
        "stop_name": "DINDIVANAM",
        "city_name": "DINDIVANAM",
        "city_id": 3116,
        "source": "manual"
      }
    },
    {
      "type": "Feature",
      "geometry": {
        "type": "Point",
        "coordinates": [
          79.415776,
          12.254415
        ]
      },
      "properties": {
        "stop_id": "C3124-gingee",
        "stop_name": "GINGEE",
        "city_name": "GINGEE",
        "city_id": 3124,
        "source": "manual"
      }
    },
    {
      "type": "Feature",
      "geometry": {
        "type": "Point",
        "coordinates": [
          79.833876,
          12.435918
        ]
      },
      "properties": {
        "stop_id": "C3218-melmarvatur",
        "stop_name": "MELMARVATUR",
        "city_name": "MELMARVATUR",
        "city_id": 3218,
        "source": "manual"
      }
    },
    {
      "type": "Feature",
      "geometry": {
        "type": "Point",
        "coordinates": [
          75.426077,
          12.591802
        ]
      },
      "properties": {
        "stop_id": "C1330-dugaladka",
        "stop_name": "DUGALADKA",
        "city_name": "SULLYA",
        "city_id": 1330,
        "source": "manual"
      }
    },
    {
      "type": "Feature",
      "geometry": {
        "type": "Point",
        "coordinates": [
          75.443537,
          12.597694
        ]
      },
      "properties": {
        "stop_id": "C1330-doddathota",
        "stop_name": "DODDATHOTA",
        "city_name": "SULLYA",
        "city_id": 1330,
        "source": "manual"
      }
    },
    {
      "type": "Feature",
      "geometry": {
        "type": "Point",
        "coordinates": [
          75.482531,
          12.600382
        ]
      },
      "properties": {
        "stop_id": "C1330-elimale",
        "stop_name": "ELIMALE",
        "city_name": "SULLYA",
        "city_id": 1330,
        "source": "manual"
      }
    },
    {
      "type": "Feature",
      "geometry": {
        "type": "Point",
        "coordinates": [
          75.533496,
          12.631801
        ]
      },
      "properties": {
        "stop_id": "C1330-guttigar",
        "stop_name": "GUTTIGAR",
        "city_name": "SULLYA",
        "city_id": 1330,
        "source": "manual"
      }
    },
    {
      "type": "Feature",
      "geometry": {
        "type": "Point",
        "coordinates": [
          75.483223,
          12.600842
        ]
      },
      "properties": {
        "stop_id": "C2862-ellimale",
        "stop_name": "ELLIMALE",
        "city_name": "ELLIMALE",
        "city_id": 2862,
        "source": "manual"
      }
    },
    {
      "type": "Feature",
      "geometry": {
        "type": "Point",
        "coordinates": [
          75.535678,
          12.632077
        ]
      },
      "properties": {
        "stop_id": "C2882-guttigar",
        "stop_name": "GUTTIGAR",
        "city_name": "GUTTIGAR",
        "city_id": 2882,
        "source": "manual"
      }
    },
    {
      "type": "Feature",
      "geometry": {
        "type": "Point",
        "coordinates": [
          76.695991,
          11.403646
        ]
      },
      "properties": {
        "stop_id": "C3254-ooty-busstand",
        "stop_name": "OOTY BUSSTAND",
        "city_name": "OOTY",
        "city_id": 3254,
        "source": "manual"
      }
    },
    {
      "type": "Feature",
      "geometry": {
        "type": "Point",
        "coordinates": [
          77.58394,
          13.014641
        ]
      },
      "properties": {
        "stop_id": "C368-mekri-circle",
        "stop_name": "MEKRI CIRCLE",
        "city_name": "BENGALURU",
        "city_id": 368,
        "source": "manual"
      }
    },
    {
      "type": "Feature",
      "geometry": {
        "type": "Point",
        "coordinates": [
          77.585221,
          13.025512
        ]
      },
      "properties": {
        "stop_id": "C368-gangenahalli-cbi-bus-stop",
        "stop_name": "GANGENAHALLI CBI BUS STOP",
        "city_name": "BENGALURU",
        "city_id": 368,
        "source": "manual"
      }
    },
    {
      "type": "Feature",
      "geometry": {
        "type": "Point",
        "coordinates": [
          77.669985,
          12.996875
        ]
      },
      "properties": {
        "stop_id": "C368-tin-factory-bmtc-bs",
        "stop_name": "TIN FACTORY BMTC BS",
        "city_name": "BENGALURU",
        "city_id": 368,
        "source": "manual"
      }
    },
    {
      "type": "Feature",
      "geometry": {
        "type": "Point",
        "coordinates": [
          75.212456,
          14.077157
        ]
      },
      "properties": {
        "stop_id": "C614-anandapura-bus-stand",
        "stop_name": "ANANDAPURA BUS STAND",
        "city_name": "ANANDAPURA",
        "city_id": 614,
        "source": "manual"
      }
    },
    {
      "type": "Feature",
      "geometry": {
        "type": "Point",
        "coordinates": [
          75.069795,
          14.096829
        ]
      },
      "properties": {
        "stop_id": "C221-heggodu-bus-stand",
        "stop_name": "HEGGODU BUS STAND",
        "city_name": "HEGGODU SAGAR",
        "city_id": 221,
        "source": "manual"
      }
    },
    {
      "type": "Feature",
      "geometry": {
        "type": "Point",
        "coordinates": [
          76.334049,
          10.306962
        ]
      },
      "properties": {
        "stop_id": "C2596-muncipal-jn-chalakudi",
        "stop_name": "MUNCIPAL JN CHALAKUDI",
        "city_name": "ERNAKULAM",
        "city_id": 2596,
        "source": "manual"
      }
    },
    {
      "type": "Feature",
      "geometry": {
        "type": "Point",
        "coordinates": [
          77.730363,
          13.436067
        ]
      },
      "properties": {
        "stop_id": "C548-chikkaballapura-bus-stand",
        "stop_name": "CHIKKABALLAPURA BUS STAND",
        "city_name": "CHIKKABALLAPURA",
        "city_id": 548,
        "source": "manual"
      }
    },
    {
      "type": "Feature",
      "geometry": {
        "type": "Point",
        "coordinates": [
          77.35368,
          16.372152
        ]
      },
      "properties": {
        "stop_id": "C1367-shaktinagar-devasuguru",
        "stop_name": "SHAKTINAGAR DEVASUGURU",
        "city_name": "SHAKTINAGAR DEVASUGURU",
        "city_id": 1367,
        "source": "manual"
      }
    },
    {
      "type": "Feature",
      "geometry": {
        "type": "Point",
        "coordinates": [
          73.102294,
          19.020955
        ]
      },
      "properties": {
        "stop_id": "C3007-mcdonalds-kalamboli",
        "stop_name": "MCDONALDS KALAMBOLI",
        "city_name": "THANE",
        "city_id": 3007,
        "source": "manual"
      }
    },
    {
      "type": "Feature",
      "geometry": {
        "type": "Point",
        "coordinates": [
          73.024781,
          19.046708
        ]
      },
      "properties": {
        "stop_id": "C3007-nerul-lp-bus-stop",
        "stop_name": "NERUL LP BUS STOP",
        "city_name": "THANE",
        "city_id": 3007,
        "source": "manual"
      }
    },
    {
      "type": "Feature",
      "geometry": {
        "type": "Point",
        "coordinates": [
          73.01942,
          19.069815
        ]
      },
      "properties": {
        "stop_id": "C3007-turbhe-naka",
        "stop_name": "TURBHE NAKA",
        "city_name": "THANE",
        "city_id": 3007,
        "source": "manual"
      }
    },
    {
      "type": "Feature",
      "geometry": {
        "type": "Point",
        "coordinates": [
          72.99843,
          19.156572
        ]
      },
      "properties": {
        "stop_id": "C3007-airoli-bus-station",
        "stop_name": "AIROLI BUS STATION",
        "city_name": "THANE",
        "city_id": 3007,
        "source": "manual"
      }
    },
    {
      "type": "Feature",
      "geometry": {
        "type": "Point",
        "coordinates": [
          77.610413,
          12.892792
        ]
      },
      "properties": {
        "stop_id": "C368-vijayabank-colony-namana-hotel",
        "stop_name": "VIJAYABANK COLONY NAMANA HOTEL",
        "city_name": "BENGALURU",
        "city_id": 368,
        "source": "manual"
      }
    },
    {
      "type": "Feature",
      "geometry": {
        "type": "Point",
        "coordinates": [
          76.386616,
          10.191163
        ]
      },
      "properties": {
        "stop_id": "C2596-opposite-angamalai-b-s",
        "stop_name": "OPPOSITE ANGAMALAI B.S",
        "city_name": "ERNAKULAM",
        "city_id": 2596,
        "source": "manual"
      }
    },
    {
      "type": "Feature",
      "geometry": {
        "type": "Point",
        "coordinates": [
          76.260149,
          10.532033
        ]
      },
      "properties": {
        "stop_id": "C2774-mannuthy-junction-nr-mayura-inn-hotel",
        "stop_name": "MANNUTHY JUNCTION NR MAYURA INN HOTEL",
        "city_name": "THRISSUR",
        "city_id": 2774,
        "source": "manual"
      }
    },
    {
      "type": "Feature",
      "geometry": {
        "type": "Point",
        "coordinates": [
          78.821686,
          14.475294
        ]
      },
      "properties": {
        "stop_id": "C51-cudappah-bus-stand",
        "stop_name": "CUDAPPAH BUS STAND",
        "city_name": "CUDAPPAH",
        "city_id": 51,
        "source": "manual"
      }
    },
    {
      "type": "Feature",
      "geometry": {
        "type": "Point",
        "coordinates": [
          78.748638,
          14.057413
        ]
      },
      "properties": {
        "stop_id": "C350-raychoti-bus-stand",
        "stop_name": "RAYCHOTI BUS STAND",
        "city_name": "RAYACHOTI",
        "city_id": 350,
        "source": "manual"
      }
    },
    {
      "type": "Feature",
      "geometry": {
        "type": "Point",
        "coordinates": [
          75.501491,
          15.908877
        ]
      },
      "properties": {
        "stop_id": "C1948-kulageri-x",
        "stop_name": "KULAGERI X",
        "city_name": "KULAGERI X",
        "city_id": 1948,
        "source": "manual"
      }
    },
    {
      "type": "Feature",
      "geometry": {
        "type": "Point",
        "coordinates": [
          77.060091,
          10.086996
        ]
      },
      "properties": {
        "stop_id": "C2684-munnar-bus-stand",
        "stop_name": "MUNNAR BUS STAND",
        "city_name": "MUNNAR",
        "city_id": 2684,
        "source": "manual"
      }
    },
    {
      "type": "Feature",
      "geometry": {
        "type": "Point",
        "coordinates": [
          76.967037,
          11.014074
        ]
      },
      "properties": {
        "stop_id": "C3077-cbt-setc-b-s-gandhipuram",
        "stop_name": "CBT SETC B.S GANDHIPURAM",
        "city_name": "COIMBATORE",
        "city_id": 3077,
        "source": "manual"
      }
    },
    {
      "type": "Feature",
      "geometry": {
        "type": "Point",
        "coordinates": [
          77.006385,
          10.661373
        ]
      },
      "properties": {
        "stop_id": "C3269-pollachi-bs",
        "stop_name": "POLLACHI BS",
        "city_name": "POLLACHI",
        "city_id": 3269,
        "source": "manual"
      }
    },
    {
      "type": "Feature",
      "geometry": {
        "type": "Point",
        "coordinates": [
          77.250877,
          10.586175
        ]
      },
      "properties": {
        "stop_id": "C3279-udmalpet-bs",
        "stop_name": "UDMALPET BS",
        "city_name": "UDUMALPET",
        "city_id": 3279,
        "source": "manual"
      }
    },
    {
      "type": "Feature",
      "geometry": {
        "type": "Point",
        "coordinates": [
          77.957077,
          10.336174
        ]
      },
      "properties": {
        "stop_id": "C3109-dindigal-bypass",
        "stop_name": "DINDIGAL BYPASS",
        "city_name": "DINDIGAL",
        "city_id": 3109,
        "source": "manual"
      }
    },
    {
      "type": "Feature",
      "geometry": {
        "type": "Point",
        "coordinates": [
          77.910894,
          10.178967
        ]
      },
      "properties": {
        "stop_id": "C3181-kodai-rd",
        "stop_name": "KODAI RD",
        "city_name": "KODAI RD",
        "city_id": 3181,
        "source": "manual"
      }
    },
    {
      "type": "Feature",
      "geometry": {
        "type": "Point",
        "coordinates": [
          76.679314,
          10.772311
        ]
      },
      "properties": {
        "stop_id": "C2715-chandranagar-byepass-palghat",
        "stop_name": "CHANDRANAGAR BYEPASS PALGHAT",
        "city_name": "PALAKKAD",
        "city_id": 2715,
        "source": "manual"
      }
    },
    {
      "type": "Feature",
      "geometry": {
        "type": "Point",
        "coordinates": [
          77.286829,
          12.728938
        ]
      },
      "properties": {
        "stop_id": "C599-ramanagar-lakshmipura-road-bypass",
        "stop_name": "RAMANAGAR LAKSHMIPURA ROAD BYPASS",
        "city_name": "RAMANAGARA",
        "city_id": 599,
        "source": "manual"
      }
    },
    {
      "type": "Feature",
      "geometry": {
        "type": "Point",
        "coordinates": [
          77.713809,
          13.198188
        ]
      },
      "properties": {
        "stop_id": "C1598-kempegowda-intl-airport-terminal-2",
        "stop_name": "KEMPEGOWDA INTL AIRPORT TERMINAL-2",
        "city_name": "KEMPEGOWDA INTL AIRPORT",
        "city_id": 1598,
        "source": "manual"
      }
    },
    {
      "type": "Feature",
      "geometry": {
        "type": "Point",
        "coordinates": [
          75.7139,
          15.3173
        ]
      },
      "properties": {
        "stop_id": "C20-murnad",
        "stop_name": "MURNAD",
        "city_name": "MURNAD",
        "city_id": 20,
        "source": "default"
      }
    },
    {
      "type": "Feature",
      "geometry": {
        "type": "Point",
        "coordinates": [
          76.29419,
          14.615324
        ]
      },
      "properties": {
        "stop_id": "C936-hosakere",
        "stop_name": "HOSAKERE",
        "city_name": "HOSAKERE",
        "city_id": 936,
        "source": "manual"
      }
    },
    {
      "type": "Feature",
      "geometry": {
        "type": "Point",
        "coordinates": [
          75.208053,
          13.861929
        ]
      },
      "properties": {
        "stop_id": "C823-humcha-bus-stand",
        "stop_name": "HUMCHA BUS STAND",
        "city_name": "HUMCHA",
        "city_id": 823,
        "source": "manual"
      }
    },
    {
      "type": "Feature",
      "geometry": {
        "type": "Point",
        "coordinates": [
          76.51677,
          16.457895
        ]
      },
      "properties": {
        "stop_id": "C1083-hunsagi",
        "stop_name": "HUNSAGI",
        "city_name": "HUNSAGI",
        "city_id": 1083,
        "source": "manual"
      }
    },
    {
      "type": "Feature",
      "geometry": {
        "type": "Point",
        "coordinates": [
          77.599963,
          14.6853
        ]
      },
      "properties": {
        "stop_id": "C15-anantapur",
        "stop_name": "ANANTAPUR",
        "city_name": "ANANTAPUR",
        "city_id": 15,
        "source": "manual"
      }
    },
    {
      "type": "Feature",
      "geometry": {
        "type": "Point",
        "coordinates": [
          75.208054,
          13.861928
        ]
      },
      "properties": {
        "stop_id": "C823-humcha",
        "stop_name": "HUMCHA",
        "city_name": "HUMCHA",
        "city_id": 823,
        "source": "manual"
      }
    },
    {
      "type": "Feature",
      "geometry": {
        "type": "Point",
        "coordinates": [
          75.7139,
          15.3173
        ]
      },
      "properties": {
        "stop_id": "C2035-konandor",
        "stop_name": "KONANDOR",
        "city_name": "KONANDOR",
        "city_id": 2035,
        "source": "default"
      }
    },
    {
      "type": "Feature",
      "geometry": {
        "type": "Point",
        "coordinates": [
          77.490041,
          15.489498
        ]
      },
      "properties": {
        "stop_id": "C207-mutkur",
        "stop_name": "MUTKUR",
        "city_name": "MUTHKUR",
        "city_id": 207,
        "source": "manual"
      }
    },
    {
      "type": "Feature",
      "geometry": {
        "type": "Point",
        "coordinates": [
          76.154034,
          15.152718
        ]
      },
      "properties": {
        "stop_id": "C5305-thambrahalli-bus-stop",
        "stop_name": "THAMBRAHALLI BUS STOP",
        "city_name": "THAMBRAHALLI",
        "city_id": 5305,
        "source": "manual"
      }
    },
    {
      "type": "Feature",
      "geometry": {
        "type": "Point",
        "coordinates": [
          75.917627,
          14.442063
        ]
      },
      "properties": {
        "stop_id": "C563-vidyanagara-infront-of-coffee-day",
        "stop_name": "VIDYANAGARA INFRONT OF COFFEE DAY",
        "city_name": "DAVANAGERE",
        "city_id": 563,
        "source": "manual"
      }
    },
    {
      "type": "Feature",
      "geometry": {
        "type": "Point",
        "coordinates": [
          75.924027,
          14.466033
        ]
      },
      "properties": {
        "stop_id": "C563-gundi-circle",
        "stop_name": "GUNDI CIRCLE",
        "city_name": "DAVANAGERE",
        "city_id": 563,
        "source": "manual"
      }
    },
    {
      "type": "Feature",
      "geometry": {
        "type": "Point",
        "coordinates": [
          77.483221,
          12.910396
        ]
      },
      "properties": {
        "stop_id": "C368-kengeri-police-station",
        "stop_name": "KENGERI POLICE STATION",
        "city_name": "BENGALURU",
        "city_id": 368,
        "source": "manual"
      }
    },
    {
      "type": "Feature",
      "geometry": {
        "type": "Point",
        "coordinates": [
          77.512274,
          12.935385
        ]
      },
      "properties": {
        "stop_id": "C368-jnanabharathi-metro-station",
        "stop_name": "JNANABHARATHI METRO STATION",
        "city_name": "BENGALURU",
        "city_id": 368,
        "source": "manual"
      }
    },
    {
      "type": "Feature",
      "geometry": {
        "type": "Point",
        "coordinates": [
          77.534972,
          12.948181
        ]
      },
      "properties": {
        "stop_id": "C368-bhel-bmtc-bus-stop",
        "stop_name": "BHEL BMTC BUS STOP",
        "city_name": "BENGALURU",
        "city_id": 368,
        "source": "manual"
      }
    },
    {
      "type": "Feature",
      "geometry": {
        "type": "Point",
        "coordinates": [
          77.584938,
          13.04347
        ]
      },
      "properties": {
        "stop_id": "C1598-hebbala-trf-police-stn-ring-road",
        "stop_name": "HEBBALA TRF POLICE STN RING ROAD",
        "city_name": "KEMPEGOWDA INTL AIRPORT",
        "city_id": 1598,
        "source": "manual"
      }
    },
    {
      "type": "Feature",
      "geometry": {
        "type": "Point",
        "coordinates": [
          77.646217,
          13.190853
        ]
      },
      "properties": {
        "stop_id": "C1598-airport-toll-plaza-sadahalli-gate",
        "stop_name": "AIRPORT TOLL PLAZA SADAHALLI GATE",
        "city_name": "KEMPEGOWDA INTL AIRPORT",
        "city_id": 1598,
        "source": "manual"
      }
    },
    {
      "type": "Feature",
      "geometry": {
        "type": "Point",
        "coordinates": [
          77.62396,
          12.926143
        ]
      },
      "properties": {
        "stop_id": "C368-koramangala",
        "stop_name": "KORAMANGALA",
        "city_name": "BENGALURU",
        "city_id": 368,
        "source": "manual"
      }
    },
    {
      "type": "Feature",
      "geometry": {
        "type": "Point",
        "coordinates": [
          77.594214,
          13.094989
        ]
      },
      "properties": {
        "stop_id": "C368-yelhanka-shushrusha-nursing-home",
        "stop_name": "YELHANKA SHUSHRUSHA NURSING HOME",
        "city_name": "BENGALURU",
        "city_id": 368,
        "source": "manual"
      }
    },
    {
      "type": "Feature",
      "geometry": {
        "type": "Point",
        "coordinates": [
          77.286093,
          15.618903
        ]
      },
      "properties": {
        "stop_id": "C233-adoni-apsrtc-bus-stand",
        "stop_name": "ADONI APSRTC BUS STAND",
        "city_name": "MANTRALAYA",
        "city_id": 233,
        "source": "manual"
      }
    },
    {
      "type": "Feature",
      "geometry": {
        "type": "Point",
        "coordinates": [
          75.128071,
          14.771046
        ]
      },
      "properties": {
        "stop_id": "C651-hanagal",
        "stop_name": "HANAGAL",
        "city_name": "HANAGAL",
        "city_id": 651,
        "source": "manual"
      }
    },
    {
      "type": "Feature",
      "geometry": {
        "type": "Point",
        "coordinates": [
          76.076881,
          16.556925
        ]
      },
      "properties": {
        "stop_id": "C434-hoovinahippargi",
        "stop_name": "HOOVINAHIPPARGI",
        "city_name": "HOOVINAHIPPARGI",
        "city_id": 434,
        "source": "manual"
      }
    },
    {
      "type": "Feature",
      "geometry": {
        "type": "Point",
        "coordinates": [
          75.752263,
          12.315147
        ]
      },
      "properties": {
        "stop_id": "C20-murnad-bus-satnd",
        "stop_name": "MURNAD BUS SATND",
        "city_name": "MURNAD",
        "city_id": 20,
        "source": "manual"
      }
    },
    {
      "type": "Feature",
      "geometry": {
        "type": "Point",
        "coordinates": [
          76.065935,
          16.817556
        ]
      },
      "properties": {
        "stop_id": "C2918-devarhipparagi",
        "stop_name": "DEVARHIPPARAGI",
        "city_name": "DEVARHIPPARAGI",
        "city_id": 2918,
        "source": "manual"
      }
    },
    {
      "type": "Feature",
      "geometry": {
        "type": "Point",
        "coordinates": [
          78.378077,
          17.455053
        ]
      },
      "properties": {
        "stop_id": "C107-opp-shilpa-ramam-park-near-indiragandhi-statue",
        "stop_name": "OPP SHILPA RAMAM PARK NEAR INDIRAGANDHI STATUE",
        "city_name": "HITECH CITY HYDERABAD",
        "city_id": 107,
        "source": "manual"
      }
    },
    {
      "type": "Feature",
      "geometry": {
        "type": "Point",
        "coordinates": [
          74.084983,
          15.412553
        ]
      },
      "properties": {
        "stop_id": "C493-tiskar-bus-stand",
        "stop_name": "TISKAR BUS STAND",
        "city_name": "TISKAR",
        "city_id": 493,
        "source": "manual"
      }
    },
    {
      "type": "Feature",
      "geometry": {
        "type": "Point",
        "coordinates": [
          78.432886,
          17.395392
        ]
      },
      "properties": {
        "stop_id": "C107-mehdipatnam-pillar-9-eroute-mgbs-road",
        "stop_name": "MEHDIPATNAM PILLAR 9 EROUTE MGBS ROAD",
        "city_name": "HITECH CITY HYDERABAD",
        "city_id": 107,
        "source": "manual"
      }
    },
    {
      "type": "Feature",
      "geometry": {
        "type": "Point",
        "coordinates": [
          77.530723,
          10.448136
        ]
      },
      "properties": {
        "stop_id": "C3109-palani-bypass-dindgal",
        "stop_name": "PALANI BYPASS DINDGAL",
        "city_name": "DINDIGAL",
        "city_id": 3109,
        "source": "manual"
      }
    },
    {
      "type": "Feature",
      "geometry": {
        "type": "Point",
        "coordinates": [
          77.49777,
          10.239097
        ]
      },
      "properties": {
        "stop_id": "C3157-kodaikanal",
        "stop_name": "KODAIKANAL",
        "city_name": "KODAIKANAL",
        "city_id": 3157,
        "source": "manual"
      }
    },
    {
      "type": "Feature",
      "geometry": {
        "type": "Point",
        "coordinates": [
          78.075503,
          10.960106
        ]
      },
      "properties": {
        "stop_id": "C3200-karur-bus-stand",
        "stop_name": "KARUR BUS STAND",
        "city_name": "KARUR",
        "city_id": 3200,
        "source": "manual"
      }
    },
    {
      "type": "Feature",
      "geometry": {
        "type": "Point",
        "coordinates": [
          77.759606,
          10.163594
        ]
      },
      "properties": {
        "stop_id": "C3295-vattala-gundi-bus-stand",
        "stop_name": "VATTALA GUNDI BUS STAND",
        "city_name": "VATTALA GUNDI",
        "city_id": 3295,
        "source": "manual"
      }
    },
    {
      "type": "Feature",
      "geometry": {
        "type": "Point",
        "coordinates": [
          75.715397,
          16.824946
        ]
      },
      "properties": {
        "stop_id": "C453-vijayapura",
        "stop_name": "VIJAYAPURA",
        "city_name": "VIJAYAPURA",
        "city_id": 453,
        "source": "manual"
      }
    },
    {
      "type": "Feature",
      "geometry": {
        "type": "Point",
        "coordinates": [
          75.248528,
          12.83834
        ]
      },
      "properties": {
        "stop_id": "C2140-adithya-hotel-bus-stop",
        "stop_name": "ADITHYA HOTEL BUS STOP",
        "city_name": "UPPINANGADI",
        "city_id": 2140,
        "source": "manual"
      }
    },
    {
      "type": "Feature",
      "geometry": {
        "type": "Point",
        "coordinates": [
          77.049101,
          15.997265
        ]
      },
      "properties": {
        "stop_id": "C52-manvi",
        "stop_name": "MANVI",
        "city_name": "MANVI",
        "city_id": 52,
        "source": "manual"
      }
    },
    {
      "type": "Feature",
      "geometry": {
        "type": "Point",
        "coordinates": [
          75.054427,
          12.90136
        ]
      },
      "properties": {
        "stop_id": "C1299-bantwala-by-pass",
        "stop_name": "BANTWALA BY PASS",
        "city_name": "B C ROAD",
        "city_id": 1299,
        "source": "manual"
      }
    },
    {
      "type": "Feature",
      "geometry": {
        "type": "Point",
        "coordinates": [
          75.105626,
          12.92055
        ]
      },
      "properties": {
        "stop_id": "C1299-karinja-cross",
        "stop_name": "KARINJA CROSS",
        "city_name": "B C ROAD",
        "city_id": 1299,
        "source": "manual"
      }
    },
    {
      "type": "Feature",
      "geometry": {
        "type": "Point",
        "coordinates": [
          75.135243,
          12.931691
        ]
      },
      "properties": {
        "stop_id": "C1299-kaval-katte",
        "stop_name": "KAVAL KATTE",
        "city_name": "B C ROAD",
        "city_id": 1299,
        "source": "manual"
      }
    },
    {
      "type": "Feature",
      "geometry": {
        "type": "Point",
        "coordinates": [
          75.070337,
          12.90308
        ]
      },
      "properties": {
        "stop_id": "C1299-manihalla",
        "stop_name": "MANIHALLA",
        "city_name": "B C ROAD",
        "city_id": 1299,
        "source": "manual"
      }
    },
    {
      "type": "Feature",
      "geometry": {
        "type": "Point",
        "coordinates": [
          76.49239,
          11.499242
        ]
      },
      "properties": {
        "stop_id": "C3254-vj-joseph-and-sons-gudalur",
        "stop_name": "VJ JOSEPH AND SONS GUDALUR",
        "city_name": "OOTY",
        "city_id": 3254,
        "source": "manual"
      }
    },
    {
      "type": "Feature",
      "geometry": {
        "type": "Point",
        "coordinates": [
          76.492659,
          11.499599
        ]
      },
      "properties": {
        "stop_id": "C3123-vj-joseph-and-sons",
        "stop_name": "VJ JOSEPH AND SONS",
        "city_name": "GUDALUR",
        "city_id": 3123,
        "source": "manual"
      }
    },
    {
      "type": "Feature",
      "geometry": {
        "type": "Point",
        "coordinates": [
          77.750412,
          13.046213
        ]
      },
      "properties": {
        "stop_id": "C368-anandrao-circle",
        "stop_name": "ANANDRAO CIRCLE",
        "city_name": "BENGALURU",
        "city_id": 368,
        "source": "default"
      }
    },
    {
      "type": "Feature",
      "geometry": {
        "type": "Point",
        "coordinates": [
          77.750412,
          13.046213
        ]
      },
      "properties": {
        "stop_id": "C368-k-r-circle-sjp-college",
        "stop_name": "K R CIRCLE SJP COLLEGE",
        "city_name": "BENGALURU",
        "city_id": 368,
        "source": "default"
      }
    },
    {
      "type": "Feature",
      "geometry": {
        "type": "Point",
        "coordinates": [
          77.750412,
          13.046213
        ]
      },
      "properties": {
        "stop_id": "C368-reserve-bank-of-india",
        "stop_name": "RESERVE BANK OF INDIA",
        "city_name": "BENGALURU",
        "city_id": 368,
        "source": "default"
      }
    },
    {
      "type": "Feature",
      "geometry": {
        "type": "Point",
        "coordinates": [
          77.750412,
          13.046213
        ]
      },
      "properties": {
        "stop_id": "C368-subbaiah-circle",
        "stop_name": "SUBBAIAH CIRCLE",
        "city_name": "BENGALURU",
        "city_id": 368,
        "source": "default"
      }
    },
    {
      "type": "Feature",
      "geometry": {
        "type": "Point",
        "coordinates": [
          77.750412,
          13.046213
        ]
      },
      "properties": {
        "stop_id": "C368-urvashi-theatre",
        "stop_name": "URVASHI THEATRE",
        "city_name": "BENGALURU",
        "city_id": 368,
        "source": "default"
      }
    },
    {
      "type": "Feature",
      "geometry": {
        "type": "Point",
        "coordinates": [
          77.580012,
          12.948109
        ]
      },
      "properties": {
        "stop_id": "C368-lalbagh-west-gate",
        "stop_name": "LALBAGH WEST GATE",
        "city_name": "BENGALURU",
        "city_id": 368,
        "source": "manual"
      }
    },
    {
      "type": "Feature",
      "geometry": {
        "type": "Point",
        "coordinates": [
          77.750412,
          13.046213
        ]
      },
      "properties": {
        "stop_id": "C368-jayanagar-3rd-block",
        "stop_name": "JAYANAGAR 3RD BLOCK",
        "city_name": "BENGALURU",
        "city_id": 368,
        "source": "default"
      }
    },
    {
      "type": "Feature",
      "geometry": {
        "type": "Point",
        "coordinates": [
          75.165827,
          14.726062
        ]
      },
      "properties": {
        "stop_id": "C828-akkialur-bus-stand",
        "stop_name": "AKKIALUR BUS STAND",
        "city_name": "AKKIALUR",
        "city_id": 828,
        "source": "manual"
      }
    },
    {
      "type": "Feature",
      "geometry": {
        "type": "Point",
        "coordinates": [
          74.964757,
          16.444033
        ]
      },
      "properties": {
        "stop_id": "C2740-mugalkhod-bus-stand",
        "stop_name": "MUGALKHOD BUS STAND",
        "city_name": "MUGALKHOD",
        "city_id": 2740,
        "source": "manual"
      }
    },
    {
      "type": "Feature",
      "geometry": {
        "type": "Point",
        "coordinates": [
          78.963791,
          11.738613
        ]
      },
      "properties": {
        "stop_id": "C3168-kallakurichi",
        "stop_name": "KALLAKURICHI",
        "city_name": "KALLAKURICHI",
        "city_id": 3168,
        "source": "manual"
      }
    },
    {
      "type": "Feature",
      "geometry": {
        "type": "Point",
        "coordinates": [
          77.750412,
          13.046213
        ]
      },
      "properties": {
        "stop_id": "C368-indiranagar",
        "stop_name": "INDIRANAGAR",
        "city_name": "BENGALURU",
        "city_id": 368,
        "source": "default"
      }
    },
    {
      "type": "Feature",
      "geometry": {
        "type": "Point",
        "coordinates": [
          73.956117,
          15.287942
        ]
      },
      "properties": {
        "stop_id": "C432-ktcl-margao-bus-stand",
        "stop_name": "KTCL MARGAO BUS STAND",
        "city_name": "MARGAO",
        "city_id": 432,
        "source": "manual"
      }
    },
    {
      "type": "Feature",
      "geometry": {
        "type": "Point",
        "coordinates": [
          73.820888,
          15.400072
        ]
      },
      "properties": {
        "stop_id": "C497-vasco-bus-stand",
        "stop_name": "VASCO BUS STAND",
        "city_name": "VASCO",
        "city_id": 497,
        "source": "manual"
      }
    },
    {
      "type": "Feature",
      "geometry": {
        "type": "Point",
        "coordinates": [
          76.952279,
          11.030115
        ]
      },
      "properties": {
        "stop_id": "C3077-mtp-road-bs-coimbatore",
        "stop_name": "MTP ROAD BS COIMBATORE",
        "city_name": "COIMBATORE",
        "city_id": 3077,
        "source": "manual"
      }
    },
    {
      "type": "Feature",
      "geometry": {
        "type": "Point",
        "coordinates": [
          77.171475,
          12.645117
        ]
      },
      "properties": {
        "stop_id": "C2703-channapatna-byrapatna-bypass",
        "stop_name": "CHANNAPATNA BYRAPATNA BYPASS",
        "city_name": "CHANNAPATNA",
        "city_id": 2703,
        "source": "manual"
      }
    },
    {
      "type": "Feature",
      "geometry": {
        "type": "Point",
        "coordinates": [
          74.69534,
          13.626955
        ]
      },
      "properties": {
        "stop_id": "C2336-kundapura",
        "stop_name": "KUNDAPURA",
        "city_name": "KUNDAPURA",
        "city_id": 2336,
        "source": "manual"
      }
    },
    {
      "type": "Feature",
      "geometry": {
        "type": "Point",
        "coordinates": [
          76.918829,
          15.137356
        ]
      },
      "properties": {
        "stop_id": "C458-city-bus-stand",
        "stop_name": "CITY BUS STAND",
        "city_name": "BALLARI",
        "city_id": 458,
        "source": "default"
      }
    },
    {
      "type": "Feature",
      "geometry": {
        "type": "Point",
        "coordinates": [
          77.638764,
          12.961767
        ]
      },
      "properties": {
        "stop_id": "C368-domlur-ttmc-bus-station",
        "stop_name": "DOMLUR TTMC BUS STATION",
        "city_name": "BENGALURU",
        "city_id": 368,
        "source": "manual"
      }
    },
    {
      "type": "Feature",
      "geometry": {
        "type": "Point",
        "coordinates": [
          78.159249,
          11.652807
        ]
      },
      "properties": {
        "stop_id": "C3226-salem",
        "stop_name": "SALEM",
        "city_name": "SALEM",
        "city_id": 3226,
        "source": "manual"
      }
    },
    {
      "type": "Feature",
      "geometry": {
        "type": "Point",
        "coordinates": [
          76.629307,
          13.930635
        ]
      },
      "properties": {
        "stop_id": "C1201-hiriyur-bypass-hotel-vmp-parijatha",
        "stop_name": "HIRIYUR BYPASS HOTEL VMP PARIJATHA",
        "city_name": "HIRIYUR",
        "city_id": 1201,
        "source": "manual"
      }
    },
    {
      "type": "Feature",
      "geometry": {
        "type": "Point",
        "coordinates": [
          77.171475,
          12.645117
        ]
      },
      "properties": {
        "stop_id": "C2703-channapatna",
        "stop_name": "CHANNAPATNA",
        "city_name": "CHANNAPATNA",
        "city_id": 2703,
        "source": "default"
      }
    },
    {
      "type": "Feature",
      "geometry": {
        "type": "Point",
        "coordinates": [
          76.723969,
          12.440179
        ]
      },
      "properties": {
        "stop_id": "C296-srirangapatna-military-camp-bypass",
        "stop_name": "SRIRANGAPATNA MILITARY CAMP BYPASS",
        "city_name": "MYSURU",
        "city_id": 296,
        "source": "manual"
      }
    },
    {
      "type": "Feature",
      "geometry": {
        "type": "Point",
        "coordinates": [
          76.679456,
          10.772332
        ]
      },
      "properties": {
        "stop_id": "C2715-chandra-nagar-bypass-near-hdfc-bank",
        "stop_name": "CHANDRA NAGAR BYPASS NEAR HDFC BANK",
        "city_name": "PALAKKAD",
        "city_id": 2715,
        "source": "manual"
      }
    },
    {
      "type": "Feature",
      "geometry": {
        "type": "Point",
        "coordinates": [
          77.00823,
          11.024524
        ]
      },
      "properties": {
        "stop_id": "C3077-krishnamal-college-bus-stop",
        "stop_name": "KRISHNAMAL COLLEGE BUS STOP",
        "city_name": "COIMBATORE",
        "city_id": 3077,
        "source": "manual"
      }
    },
    {
      "type": "Feature",
      "geometry": {
        "type": "Point",
        "coordinates": [
          77.278265,
          11.187599
        ]
      },
      "properties": {
        "stop_id": "C3065-avinashi-bus-stand",
        "stop_name": "AVINASHI BUS STAND",
        "city_name": "AVINASHI",
        "city_id": 3065,
        "source": "manual"
      }
    },
    {
      "type": "Feature",
      "geometry": {
        "type": "Point",
        "coordinates": [
          74.76507,
          15.332376
        ]
      },
      "properties": {
        "stop_id": "C817-haliyal",
        "stop_name": "HALIYAL",
        "city_name": "HALIYAL",
        "city_id": 817,
        "source": "manual"
      }
    },
    {
      "type": "Feature",
      "geometry": {
        "type": "Point",
        "coordinates": [
          77.366374,
          16.185383
        ]
      },
      "properties": {
        "stop_id": "C596-navodaya-hospital",
        "stop_name": "NAVODAYA HOSPITAL",
        "city_name": "RAICHUR",
        "city_id": 596,
        "source": "manual"
      }
    },
    {
      "type": "Feature",
      "geometry": {
        "type": "Point",
        "coordinates": [
          77.066509,
          12.613209
        ]
      },
      "properties": {
        "stop_id": "C2638-maddur-aishwarya-school-bypass",
        "stop_name": "MADDUR AISHWARYA SCHOOL BYPASS",
        "city_name": "MADDUR",
        "city_id": 2638,
        "source": "manual"
      }
    },
    {
      "type": "Feature",
      "geometry": {
        "type": "Point",
        "coordinates": [
          76.284486,
          13.801166
        ]
      },
      "properties": {
        "stop_id": "C1077-hosadurga",
        "stop_name": "HOSADURGA",
        "city_name": "HOSADURGA",
        "city_id": 1077,
        "source": "manual"
      }
    },
    {
      "type": "Feature",
      "geometry": {
        "type": "Point",
        "coordinates": [
          76.621855,
          13.41347
        ]
      },
      "properties": {
        "stop_id": "C2534-chikkanayakanahalli-b-s",
        "stop_name": "CHIKKANAYAKANAHALLI B S",
        "city_name": "CHIKKANAYAKANAHALLI",
        "city_id": 2534,
        "source": "manual"
      }
    },
    {
      "type": "Feature",
      "geometry": {
        "type": "Point",
        "coordinates": [
          79.817464,
          11.932186
        ]
      },
      "properties": {
        "stop_id": "C3041-pondicherry-bus-stand",
        "stop_name": "PONDICHERRY BUS STAND",
        "city_name": "PONDICHERRY",
        "city_id": 3041,
        "source": "manual"
      }
    },
    {
      "type": "Feature",
      "geometry": {
        "type": "Point",
        "coordinates": [
          75.121968,
          12.835803
        ]
      },
      "properties": {
        "stop_id": "C30-mani-bus-stand",
        "stop_name": "MANI BUS STAND",
        "city_name": "MANGALURU",
        "city_id": 30,
        "source": "manual"
      }
    },
    {
      "type": "Feature",
      "geometry": {
        "type": "Point",
        "coordinates": [
          75.070379,
          12.84504
        ]
      },
      "properties": {
        "stop_id": "C30-kalladka-bus-stand-nh",
        "stop_name": "KALLADKA BUS STAND NH",
        "city_name": "MANGALURU",
        "city_id": 30,
        "source": "manual"
      }
    },
    {
      "type": "Feature",
      "geometry": {
        "type": "Point",
        "coordinates": [
          74.961713,
          12.803646
        ]
      },
      "properties": {
        "stop_id": "C30-mudipi",
        "stop_name": "MUDIPI",
        "city_name": "MANGALURU",
        "city_id": 30,
        "source": "manual"
      }
    },
    {
      "type": "Feature",
      "geometry": {
        "type": "Point",
        "coordinates": [
          79.443836,
          13.222146
        ]
      },
      "properties": {
        "stop_id": "C25-balijakandriga-bus-stand",
        "stop_name": "BALIJAKANDRIGA BUS STAND",
        "city_name": "BALIJAKANDRIGA",
        "city_id": 25,
        "source": "manual"
      }
    },
    {
      "type": "Feature",
      "geometry": {
        "type": "Point",
        "coordinates": [
          77.59105,
          12.030728
        ]
      },
      "properties": {
        "stop_id": "C10-m-m-hills-bus-stand",
        "stop_name": "M M HILLS BUS STAND",
        "city_name": "M M HILLS BUS STAND",
        "city_id": 10,
        "source": "manual"
      }
    },
    {
      "type": "Feature",
      "geometry": {
        "type": "Point",
        "coordinates": [
          74.533181,
          15.877139
        ]
      },
      "properties": {
        "stop_id": "C450-mahantesh-nagar",
        "stop_name": "MAHANTESH NAGAR",
        "city_name": "BELAGAVI",
        "city_id": 450,
        "source": "manual"
      }
    },
    {
      "type": "Feature",
      "geometry": {
        "type": "Point",
        "coordinates": [
          77.750412,
          13.046213
        ]
      },
      "properties": {
        "stop_id": "C368-yeshwanthpur-bmtc-ttmc-bus-station",
        "stop_name": "YESHWANTHPUR BMTC TTMC BUS STATION",
        "city_name": "BENGALURU",
        "city_id": 368,
        "source": "default"
      }
    },
    {
      "type": "Feature",
      "geometry": {
        "type": "Point",
        "coordinates": [
          77.771005,
          10.482968
        ]
      },
      "properties": {
        "stop_id": "C3157-dindigal-by-pass-palani-rd",
        "stop_name": "DINDIGAL BY PASS PALANI RD",
        "city_name": "KODAIKANAL",
        "city_id": 3157,
        "source": "manual"
      }
    },
    {
      "type": "Feature",
      "geometry": {
        "type": "Point",
        "coordinates": [
          78.128731,
          13.137126
        ]
      },
      "properties": {
        "stop_id": "C581-kolar",
        "stop_name": "KOLAR",
        "city_name": "KOLAR",
        "city_id": 581,
        "source": "manual"
      }
    },
    {
      "type": "Feature",
      "geometry": {
        "type": "Point",
        "coordinates": [
          78.168047,
          11.220012
        ]
      },
      "properties": {
        "stop_id": "C3245-namakkal-new-bus-stand",
        "stop_name": "NAMAKKAL NEW BUS STAND",
        "city_name": "NAMAKKAL",
        "city_id": 3245,
        "source": "manual"
      }
    },
    {
      "type": "Feature",
      "geometry": {
        "type": "Point",
        "coordinates": [
          76.388968,
          15.275068
        ]
      },
      "properties": {
        "stop_id": "C576-hosapete",
        "stop_name": "HOSAPETE",
        "city_name": "HOSAPETE",
        "city_id": 576,
        "source": "manual"
      }
    },
    {
      "type": "Feature",
      "geometry": {
        "type": "Point",
        "coordinates": [
          75.892352,
          16.345172
        ]
      },
      "properties": {
        "stop_id": "C1152-almatti-bus-stand",
        "stop_name": "ALMATTI BUS STAND",
        "city_name": "ALAMATTI",
        "city_id": 1152,
        "source": "manual"
      }
    },
    {
      "type": "Feature",
      "geometry": {
        "type": "Point",
        "coordinates": [
          75.037268,
          14.970263
        ]
      },
      "properties": {
        "stop_id": "C27-mundgod",
        "stop_name": "MUNDGOD",
        "city_name": "MUNDGOD",
        "city_id": 27,
        "source": "manual"
      }
    },
    {
      "type": "Feature",
      "geometry": {
        "type": "Point",
        "coordinates": [
          75.397851,
          14.788137
        ]
      },
      "properties": {
        "stop_id": "C579-haveri",
        "stop_name": "HAVERI",
        "city_name": "HAVERI",
        "city_id": 579,
        "source": "manual"
      }
    },
    {
      "type": "Feature",
      "geometry": {
        "type": "Point",
        "coordinates": [
          79.22504,
          13.148732
        ]
      },
      "properties": {
        "stop_id": "C387-tangal-bus-stop",
        "stop_name": "TANGAL BUS STOP",
        "city_name": "TANGAL",
        "city_id": 387,
        "source": "manual"
      }
    },
    {
      "type": "Feature",
      "geometry": {
        "type": "Point",
        "coordinates": [
          79.420188,
          13.111063
        ]
      },
      "properties": {
        "stop_id": "C3209-sholingar",
        "stop_name": "SHOLINGAR",
        "city_name": "SHOLINGAR",
        "city_id": 3209,
        "source": "manual"
      }
    },
    {
      "type": "Feature",
      "geometry": {
        "type": "Point",
        "coordinates": [
          79.61249,
          13.173323
        ]
      },
      "properties": {
        "stop_id": "C3268-tiruttani",
        "stop_name": "TIRUTTANI",
        "city_name": "TIRUTTANI",
        "city_id": 3268,
        "source": "manual"
      }
    },
    {
      "type": "Feature",
      "geometry": {
        "type": "Point",
        "coordinates": [
          79.254666,
          13.128131
        ]
      },
      "properties": {
        "stop_id": "C3278-ponnai-bus-stand",
        "stop_name": "PONNAI BUS STAND",
        "city_name": "PONNAI",
        "city_id": 3278,
        "source": "manual"
      }
    },
    {
      "type": "Feature",
      "geometry": {
        "type": "Point",
        "coordinates": [
          79.437334,
          13.165028
        ]
      },
      "properties": {
        "stop_id": "C3291-r-k-pet",
        "stop_name": "R.K.PET",
        "city_name": "R.K.PET",
        "city_id": 3291,
        "source": "manual"
      }
    },
    {
      "type": "Feature",
      "geometry": {
        "type": "Point",
        "coordinates": [
          77.519111,
          10.733132
        ]
      },
      "properties": {
        "stop_id": "C3113-dharapura",
        "stop_name": "DHARAPURA",
        "city_name": "DHARAPURA",
        "city_id": 3113,
        "source": "manual"
      }
    },
    {
      "type": "Feature",
      "geometry": {
        "type": "Point",
        "coordinates": [
          77.341212,
          11.132086
        ]
      },
      "properties": {
        "stop_id": "C3247-thirupur-b-s",
        "stop_name": "THIRUPUR B S",
        "city_name": "THIRUPUR",
        "city_id": 3247,
        "source": "manual"
      }
    },
    {
      "type": "Feature",
      "geometry": {
        "type": "Point",
        "coordinates": [
          76.458528,
          10.591127
        ]
      },
      "properties": {
        "stop_id": "C2774-panniyankara-toll-plaza-vdk",
        "stop_name": "PANNIYANKARA TOLL PLAZA VDK",
        "city_name": "THRISSUR",
        "city_id": 2774,
        "source": "manual"
      }
    },
    {
      "type": "Feature",
      "geometry": {
        "type": "Point",
        "coordinates": [
          77.750412,
          13.046213
        ]
      },
      "properties": {
        "stop_id": "C368-madanaykanahalli-bs",
        "stop_name": "MADANAYKANAHALLI BS",
        "city_name": "BENGALURU",
        "city_id": 368,
        "source": "default"
      }
    },
    {
      "type": "Feature",
      "geometry": {
        "type": "Point",
        "coordinates": [
          76.674801,
          12.497616
        ]
      },
      "properties": {
        "stop_id": "C638-pandavapura-bus-stand",
        "stop_name": "PANDAVAPURA BUS STAND",
        "city_name": "PANDAVAPURA",
        "city_id": 638,
        "source": "manual"
      }
    },
    {
      "type": "Feature",
      "geometry": {
        "type": "Point",
        "coordinates": [
          77.211656,
          18.04602
        ]
      },
      "properties": {
        "stop_id": "C1772-bhalki-bus-stand",
        "stop_name": "BHALKI BUS STAND",
        "city_name": "BHALKI",
        "city_id": 1772,
        "source": "manual"
      }
    },
    {
      "type": "Feature",
      "geometry": {
        "type": "Point",
        "coordinates": [
          77.954616,
          17.615798
        ]
      },
      "properties": {
        "stop_id": "C384-sadashivpet-bus-stand",
        "stop_name": "SADASHIVPET BUS STAND",
        "city_name": "SADASHIVPET",
        "city_id": 384,
        "source": "manual"
      }
    },
    {
      "type": "Feature",
      "geometry": {
        "type": "Point",
        "coordinates": [
          78.129893,
          16.773292
        ]
      },
      "properties": {
        "stop_id": "C138-jadcherla-bus-stand",
        "stop_name": "JADCHERLA BUS STAND",
        "city_name": "JADCHARLA",
        "city_id": 138,
        "source": "manual"
      }
    },
    {
      "type": "Feature",
      "geometry": {
        "type": "Point",
        "coordinates": [
          79.136977,
          12.934693
        ]
      },
      "properties": {
        "stop_id": "C3294-vellore-new-bus-stand",
        "stop_name": "VELLORE NEW BUS STAND",
        "city_name": "VELLORE",
        "city_id": 3294,
        "source": "manual"
      }
    },
    {
      "type": "Feature",
      "geometry": {
        "type": "Point",
        "coordinates": [
          76.943408,
          13.309704
        ]
      },
      "properties": {
        "stop_id": "C2992-gubbi-bus-stand",
        "stop_name": "GUBBI BUS STAND",
        "city_name": "GUBBI",
        "city_id": 2992,
        "source": "manual"
      }
    },
    {
      "type": "Feature",
      "geometry": {
        "type": "Point",
        "coordinates": [
          75.2139,
          13.617769
        ]
      },
      "properties": {
        "stop_id": "C839-ramakrishnapura-bus-stand",
        "stop_name": "RAMAKRISHNAPURA BUS STAND",
        "city_name": "RAMAKRISHNAPURA",
        "city_id": 839,
        "source": "manual"
      }
    },
    {
      "type": "Feature",
      "geometry": {
        "type": "Point",
        "coordinates": [
          75.184539,
          13.633753
        ]
      },
      "properties": {
        "stop_id": "C216-heggodu-thirtahalli",
        "stop_name": "HEGGODU THIRTAHALLI",
        "city_name": "HEGGODU THIRTAHALLI",
        "city_id": 216,
        "source": "manual"
      }
    },
    {
      "type": "Feature",
      "geometry": {
        "type": "Point",
        "coordinates": [
          75.176106,
          13.654567
        ]
      },
      "properties": {
        "stop_id": "C283-kalmane-bs",
        "stop_name": "KALMANE BS",
        "city_name": "KALMANE",
        "city_id": 283,
        "source": "manual"
      }
    },
    {
      "type": "Feature",
      "geometry": {
        "type": "Point",
        "coordinates": [
          75.7139,
          15.3173
        ]
      },
      "properties": {
        "stop_id": "C448-bagalkot",
        "stop_name": "BAGALKOT",
        "city_name": "BAGALKOT",
        "city_id": 448,
        "source": "default"
      }
    },
    {
      "type": "Feature",
      "geometry": {
        "type": "Point",
        "coordinates": [
          74.871935,
          12.958374
        ]
      },
      "properties": {
        "stop_id": "C30-puttur-bus-stand",
        "stop_name": "PUTTUR BUS STAND",
        "city_name": "MANGALURU",
        "city_id": 30,
        "source": "manual"
      }
    },
    {
      "type": "Feature",
      "geometry": {
        "type": "Point",
        "coordinates": [
          74.79773,
          13.045391
        ]
      },
      "properties": {
        "stop_id": "C5114-haleyangadi",
        "stop_name": "HALEYANGADI",
        "city_name": "HALEYANGADI",
        "city_id": 5114,
        "source": "manual"
      }
    },
    {
      "type": "Feature",
      "geometry": {
        "type": "Point",
        "coordinates": [
          74.74755,
          13.230476
        ]
      },
      "properties": {
        "stop_id": "C5115-kaup",
        "stop_name": "KAUP",
        "city_name": "KAUP",
        "city_id": 5115,
        "source": "manual"
      }
    },
    {
      "type": "Feature",
      "geometry": {
        "type": "Point",
        "coordinates": [
          74.738372,
          13.385042
        ]
      },
      "properties": {
        "stop_id": "C1456-santhe-katte-b-s",
        "stop_name": "SANTHE KATTE B S",
        "city_name": "SANTHEKATTE",
        "city_id": 1456,
        "source": "manual"
      }
    },
    {
      "type": "Feature",
      "geometry": {
        "type": "Point",
        "coordinates": [
          74.714034,
          13.470239
        ]
      },
      "properties": {
        "stop_id": "C5105-sastan",
        "stop_name": "SASTAN",
        "city_name": "SASTAN",
        "city_id": 5105,
        "source": "manual"
      }
    },
    {
      "type": "Feature",
      "geometry": {
        "type": "Point",
        "coordinates": [
          74.701488,
          13.550476
        ]
      },
      "properties": {
        "stop_id": "C5117-thekkatte",
        "stop_name": "THEKKATTE",
        "city_name": "THEKKATTE",
        "city_id": 5117,
        "source": "manual"
      }
    },
    {
      "type": "Feature",
      "geometry": {
        "type": "Point",
        "coordinates": [
          77.696394,
          12.708981
        ]
      },
      "properties": {
        "stop_id": "C832-anekal-bus-stand",
        "stop_name": "ANEKAL BUS STAND",
        "city_name": "ANEKAL",
        "city_id": 832,
        "source": "manual"
      }
    },
    {
      "type": "Feature",
      "geometry": {
        "type": "Point",
        "coordinates": [
          76.469347,
          14.173257
        ]
      },
      "properties": {
        "stop_id": "C368-chitradurga-mysorecafe-nh4-seebara",
        "stop_name": "CHITRADURGA MYSORECAFE NH4 SEEBARA",
        "city_name": "BENGALURU",
        "city_id": 368,
        "source": "manual"
      }
    },
    {
      "type": "Feature",
      "geometry": {
        "type": "Point",
        "coordinates": [
          75.501397,
          15.908986
        ]
      },
      "properties": {
        "stop_id": "C2387-kulgeri-cross",
        "stop_name": "KULGERI CROSS",
        "city_name": "KULGERI CROSS",
        "city_id": 2387,
        "source": "manual"
      }
    },
    {
      "type": "Feature",
      "geometry": {
        "type": "Point",
        "coordinates": [
          75.284572,
          16.507557
        ]
      },
      "properties": {
        "stop_id": "C1347-jamakhandi",
        "stop_name": "JAMAKHANDI",
        "city_name": "JAMAKHANDI",
        "city_id": 1347,
        "source": "manual"
      }
    },
    {
      "type": "Feature",
      "geometry": {
        "type": "Point",
        "coordinates": [
          75.781406,
          12.941117
        ]
      },
      "properties": {
        "stop_id": "C1292-sakaleshpur-bus-stand",
        "stop_name": "SAKALESHPUR BUS STAND",
        "city_name": "SAKALESHPUR",
        "city_id": 1292,
        "source": "manual"
      }
    },
    {
      "type": "Feature",
      "geometry": {
        "type": "Point",
        "coordinates": [
          75.571504,
          12.827981
        ]
      },
      "properties": {
        "stop_id": "C3003-gundya",
        "stop_name": "GUNDYA",
        "city_name": "GUNDYA",
        "city_id": 3003,
        "source": "manual"
      }
    },
    {
      "type": "Feature",
      "geometry": {
        "type": "Point",
        "coordinates": [
          74.817799,
          16.6476
        ]
      },
      "properties": {
        "stop_id": "C2095-ugar",
        "stop_name": "UGAR",
        "city_name": "UGAR",
        "city_id": 2095,
        "source": "manual"
      }
    },
    {
      "type": "Feature",
      "geometry": {
        "type": "Point",
        "coordinates": [
          76.4853,
          12.858753
        ]
      },
      "properties": {
        "stop_id": "C1038-shravanabelagola",
        "stop_name": "SHRAVANABELAGOLA",
        "city_name": "SHRAVANABELAGOLA",
        "city_id": 1038,
        "source": "manual"
      }
    },
    {
      "type": "Feature",
      "geometry": {
        "type": "Point",
        "coordinates": [
          75.7139,
          15.3173
        ]
      },
      "properties": {
        "stop_id": "C2950-sholapur",
        "stop_name": "SHOLAPUR",
        "city_name": "SHOLAPUR",
        "city_id": 2950,
        "source": "default"
      }
    },
    {
      "type": "Feature",
      "geometry": {
        "type": "Point",
        "coordinates": [
          76.161591,
          13.40885
        ]
      },
      "properties": {
        "stop_id": "C1956-banavara-bus-stand",
        "stop_name": "BANAVARA BUS STAND",
        "city_name": "BAANAVARA",
        "city_id": 1956,
        "source": "manual"
      }
    },
    {
      "type": "Feature",
      "geometry": {
        "type": "Point",
        "coordinates": [
          75.421912,
          13.551677
        ]
      },
      "properties": {
        "stop_id": "C463-kuduregundi-bus-stand",
        "stop_name": "KUDUREGUNDI BUS STAND",
        "city_name": "KUDUREGUNDI",
        "city_id": 463,
        "source": "manual"
      }
    },
    {
      "type": "Feature",
      "geometry": {
        "type": "Point",
        "coordinates": [
          75.735646,
          12.422631
        ]
      },
      "properties": {
        "stop_id": "C99-mercara-madikeri",
        "stop_name": "MERCARA MADIKERI",
        "city_name": "MERCARA MADIKERI",
        "city_id": 99,
        "source": "manual"
      }
    },
    {
      "type": "Feature",
      "geometry": {
        "type": "Point",
        "coordinates": [
          75.12219,
          12.835679
        ]
      },
      "properties": {
        "stop_id": "C35-mani",
        "stop_name": "MANI",
        "city_name": "MANI",
        "city_id": 35,
        "source": "manual"
      }
    },
    {
      "type": "Feature",
      "geometry": {
        "type": "Point",
        "coordinates": [
          72.997967,
          19.068427
        ]
      },
      "properties": {
        "stop_id": "C2898-opp-vashi-plaza-vashi",
        "stop_name": "OPP VASHI PLAZA VASHI",
        "city_name": "MUMBAI",
        "city_id": 2898,
        "source": "manual"
      }
    },
    {
      "type": "Feature",
      "geometry": {
        "type": "Point",
        "coordinates": [
          72.864417,
          19.243906
        ]
      },
      "properties": {
        "stop_id": "C2898-pai-travels-nr-gokulanand-dahisar-east",
        "stop_name": "PAI TRAVELS NR GOKULANAND DAHISAR EAST",
        "city_name": "MUMBAI",
        "city_id": 2898,
        "source": "manual"
      }
    },
    {
      "type": "Feature",
      "geometry": {
        "type": "Point",
        "coordinates": [
          72.858339,
          19.190895
        ]
      },
      "properties": {
        "stop_id": "C2898-pushpa-park-malad",
        "stop_name": "PUSHPA PARK MALAD",
        "city_name": "MUMBAI",
        "city_id": 2898,
        "source": "manual"
      }
    },
    {
      "type": "Feature",
      "geometry": {
        "type": "Point",
        "coordinates": [
          72.858871,
          19.169238
        ]
      },
      "properties": {
        "stop_id": "C2898-rathna-travels-goregaon-east",
        "stop_name": "RATHNA TRAVELS GOREGAON EAST",
        "city_name": "MUMBAI",
        "city_id": 2898,
        "source": "manual"
      }
    },
    {
      "type": "Feature",
      "geometry": {
        "type": "Point",
        "coordinates": [
          72.861014,
          19.199837
        ]
      },
      "properties": {
        "stop_id": "C2898-samata-ngr-police-stn-kandavil",
        "stop_name": "SAMATA NGR POLICE STN.KANDAVIL",
        "city_name": "MUMBAI",
        "city_id": 2898,
        "source": "manual"
      }
    },
    {
      "type": "Feature",
      "geometry": {
        "type": "Point",
        "coordinates": [
          72.847127,
          19.053468
        ]
      },
      "properties": {
        "stop_id": "C2898-bhandra-kalanagar",
        "stop_name": "BHANDRA KALANAGAR",
        "city_name": "MUMBAI",
        "city_id": 2898,
        "source": "manual"
      }
    },
    {
      "type": "Feature",
      "geometry": {
        "type": "Point",
        "coordinates": [
          73.039975,
          19.024076
        ]
      },
      "properties": {
        "stop_id": "C2898-cbd-belapur",
        "stop_name": "CBD BELAPUR",
        "city_name": "MUMBAI",
        "city_id": 2898,
        "source": "manual"
      }
    },
    {
      "type": "Feature",
      "geometry": {
        "type": "Point",
        "coordinates": [
          73.065871,
          19.032015
        ]
      },
      "properties": {
        "stop_id": "C2898-hiranandani-khar-ghar",
        "stop_name": "HIRANANDANI KHAR GHAR",
        "city_name": "MUMBAI",
        "city_id": 2898,
        "source": "manual"
      }
    },
    {
      "type": "Feature",
      "geometry": {
        "type": "Point",
        "coordinates": [
          72.899558,
          19.052553
        ]
      },
      "properties": {
        "stop_id": "C2898-hotel-yogi-chembur",
        "stop_name": "HOTEL YOGI CHEMBUR",
        "city_name": "MUMBAI",
        "city_id": 2898,
        "source": "manual"
      }
    },
    {
      "type": "Feature",
      "geometry": {
        "type": "Point",
        "coordinates": [
          73.025438,
          19.046407
        ]
      },
      "properties": {
        "stop_id": "C2898-l-p-nerul",
        "stop_name": "L P NERUL",
        "city_name": "MUMBAI",
        "city_id": 2898,
        "source": "manual"
      }
    },
    {
      "type": "Feature",
      "geometry": {
        "type": "Point",
        "coordinates": [
          72.855213,
          19.132172
        ]
      },
      "properties": {
        "stop_id": "C2898-lal-bid-western-express-jogeshwari",
        "stop_name": "LAL BID WESTERN EXPRESS JOGESHWARI",
        "city_name": "MUMBAI",
        "city_id": 2898,
        "source": "manual"
      }
    },
    {
      "type": "Feature",
      "geometry": {
        "type": "Point",
        "coordinates": [
          72.822145,
          18.969314
        ]
      },
      "properties": {
        "stop_id": "C2898-mc-donalds",
        "stop_name": "MC DONALDS",
        "city_name": "MUMBAI",
        "city_id": 2898,
        "source": "default"
      }
    },
    {
      "type": "Feature",
      "geometry": {
        "type": "Point",
        "coordinates": [
          72.864583,
          19.283612
        ]
      },
      "properties": {
        "stop_id": "C2898-meera-road-sheetal-nagar",
        "stop_name": "MEERA ROAD. SHEETAL NAGAR",
        "city_name": "MUMBAI",
        "city_id": 2898,
        "source": "manual"
      }
    },
    {
      "type": "Feature",
      "geometry": {
        "type": "Point",
        "coordinates": [
          72.863352,
          19.231325
        ]
      },
      "properties": {
        "stop_id": "C2898-national-parke-borivilly",
        "stop_name": "NATIONAL PARKE.BORIVILLY",
        "city_name": "MUMBAI",
        "city_id": 2898,
        "source": "manual"
      }
    },
    {
      "type": "Feature",
      "geometry": {
        "type": "Point",
        "coordinates": [
          72.868287,
          19.048327
        ]
      },
      "properties": {
        "stop_id": "C2898-highway-apartment-sion",
        "stop_name": "HIGHWAY APARTMENT SION",
        "city_name": "MUMBAI",
        "city_id": 2898,
        "source": "manual"
      }
    },
    {
      "type": "Feature",
      "geometry": {
        "type": "Point",
        "coordinates": [
          72.863778,
          19.042466
        ]
      },
      "properties": {
        "stop_id": "C2898-sion-circle",
        "stop_name": "SION CIRCLE",
        "city_name": "MUMBAI",
        "city_id": 2898,
        "source": "manual"
      }
    },
    {
      "type": "Feature",
      "geometry": {
        "type": "Point",
        "coordinates": [
          73.781373,
          18.507566
        ]
      },
      "properties": {
        "stop_id": "C2934-chandini-chowk",
        "stop_name": "CHANDINI CHOWK",
        "city_name": "PUNE",
        "city_id": 2934,
        "source": "manual"
      }
    },
    {
      "type": "Feature",
      "geometry": {
        "type": "Point",
        "coordinates": [
          73.819898,
          18.462873
        ]
      },
      "properties": {
        "stop_id": "C2934-opp-vishwas-hotel-vadgoan",
        "stop_name": "OPP VISHWAS HOTEL VADGOAN",
        "city_name": "PUNE",
        "city_id": 2934,
        "source": "manual"
      }
    },
    {
      "type": "Feature",
      "geometry": {
        "type": "Point",
        "coordinates": [
          73.751827,
          18.606243
        ]
      },
      "properties": {
        "stop_id": "C2934-wakad-ginger-hotel",
        "stop_name": "WAKAD GINGER HOTEL",
        "city_name": "PUNE",
        "city_id": 2934,
        "source": "manual"
      }
    },
    {
      "type": "Feature",
      "geometry": {
        "type": "Point",
        "coordinates": [
          74.820517,
          13.219002
        ]
      },
      "properties": {
        "stop_id": "C352-manchakal-b-s",
        "stop_name": "MANCHAKAL B.S",
        "city_name": "MANCHAKAL",
        "city_id": 352,
        "source": "manual"
      }
    },
    {
      "type": "Feature",
      "geometry": {
        "type": "Point",
        "coordinates": [
          74.932937,
          12.963827
        ]
      },
      "properties": {
        "stop_id": "C487-kaikamba",
        "stop_name": "KAIKAMBA",
        "city_name": "KAIKAMBA",
        "city_id": 487,
        "source": "manual"
      }
    },
    {
      "type": "Feature",
      "geometry": {
        "type": "Point",
        "coordinates": [
          74.933764,
          13.184044
        ]
      },
      "properties": {
        "stop_id": "C537-nitte",
        "stop_name": "NITTE",
        "city_name": "NITTE",
        "city_id": 537,
        "source": "manual"
      }
    },
    {
      "type": "Feature",
      "geometry": {
        "type": "Point",
        "coordinates": [
          74.8733,
          13.169352
        ]
      },
      "properties": {
        "stop_id": "C1885-belman-b-s",
        "stop_name": "BELMAN B.S",
        "city_name": "BELMAN",
        "city_id": 1885,
        "source": "manual"
      }
    },
    {
      "type": "Feature",
      "geometry": {
        "type": "Point",
        "coordinates": [
          74.957675,
          12.978166
        ]
      },
      "properties": {
        "stop_id": "C5106-ganjimutt",
        "stop_name": "GANJIMUTT",
        "city_name": "GANJIMUTT",
        "city_id": 5106,
        "source": "manual"
      }
    },
    {
      "type": "Feature",
      "geometry": {
        "type": "Point",
        "coordinates": [
          74.884128,
          12.980852
        ]
      },
      "properties": {
        "stop_id": "C5107-bajpe",
        "stop_name": "BAJPE",
        "city_name": "BAJPE",
        "city_id": 5107,
        "source": "manual"
      }
    },
    {
      "type": "Feature",
      "geometry": {
        "type": "Point",
        "coordinates": [
          74.747601,
          13.284135
        ]
      },
      "properties": {
        "stop_id": "C5108-katapadi",
        "stop_name": "KATAPADI",
        "city_name": "KATAPADI",
        "city_id": 5108,
        "source": "manual"
      }
    },
    {
      "type": "Feature",
      "geometry": {
        "type": "Point",
        "coordinates": [
          77.245594,
          11.498659
        ]
      },
      "properties": {
        "stop_id": "C3235-sathyamangalam",
        "stop_name": "SATHYAMANGALAM",
        "city_name": "SATHYAMANGALAM",
        "city_id": 3235,
        "source": "manual"
      }
    },
    {
      "type": "Feature",
      "geometry": {
        "type": "Point",
        "coordinates": [
          78.098186,
          9.946804
        ]
      },
      "properties": {
        "stop_id": "C3231-hotl-sarvanas-opp-fatima-colg",
        "stop_name": "HOTL SARVANAS OPP FATIMA COLG",
        "city_name": "MADURAI",
        "city_id": 3231,
        "source": "manual"
      }
    },
    {
      "type": "Feature",
      "geometry": {
        "type": "Point",
        "coordinates": [
          78.514998,
          13.198763
        ]
      },
      "properties": {
        "stop_id": "C312-nangli-bus-stand",
        "stop_name": "NANGLI BUS STAND",
        "city_name": "NANGLI KA BORDER",
        "city_id": 312,
        "source": "manual"
      }
    },
    {
      "type": "Feature",
      "geometry": {
        "type": "Point",
        "coordinates": [
          74.893896,
          14.345421
        ]
      },
      "properties": {
        "stop_id": "C1098-sv-travels-vijaya-bank-opp",
        "stop_name": "SV TRAVELS VIJAYA BANK OPP",
        "city_name": "SIDDAPURSRS",
        "city_id": 1098,
        "source": "manual"
      }
    },
    {
      "type": "Feature",
      "geometry": {
        "type": "Point",
        "coordinates": [
          76.905466,
          12.218153
        ]
      },
      "properties": {
        "stop_id": "C1894-t-narasipura-b-s",
        "stop_name": "T NARASIPURA B S",
        "city_name": "T NARASIPURA",
        "city_id": 1894,
        "source": "manual"
      }
    },
    {
      "type": "Feature",
      "geometry": {
        "type": "Point",
        "coordinates": [
          77.302497,
          12.08782
        ]
      },
      "properties": {
        "stop_id": "C908-hanur",
        "stop_name": "HANUR",
        "city_name": "HANUR",
        "city_id": 908,
        "source": "manual"
      }
    },
    {
      "type": "Feature",
      "geometry": {
        "type": "Point",
        "coordinates": [
          77.396131,
          12.003609
        ]
      },
      "properties": {
        "stop_id": "C961-ramapura",
        "stop_name": "RAMAPURA",
        "city_name": "RAMAPURA",
        "city_id": 961,
        "source": "manual"
      }
    },
    {
      "type": "Feature",
      "geometry": {
        "type": "Point",
        "coordinates": [
          78.357381,
          12.543116
        ]
      },
      "properties": {
        "stop_id": "C3068-bargur",
        "stop_name": "BARGUR",
        "city_name": "BARGUR",
        "city_id": 3068,
        "source": "manual"
      }
    },
    {
      "type": "Feature",
      "geometry": {
        "type": "Point",
        "coordinates": [
          77.244992,
          11.499342
        ]
      },
      "properties": {
        "stop_id": "C3235-sps-petrol-bunk",
        "stop_name": "SPS PETROL BUNK",
        "city_name": "SATHYAMANGALAM",
        "city_id": 3235,
        "source": "manual"
      }
    },
    {
      "type": "Feature",
      "geometry": {
        "type": "Point",
        "coordinates": [
          74.857904,
          12.925986
        ]
      },
      "properties": {
        "stop_id": "C30-kavoor-bus-stand",
        "stop_name": "KAVOOR BUS STAND",
        "city_name": "MANGALURU",
        "city_id": 30,
        "source": "manual"
      }
    },
    {
      "type": "Feature",
      "geometry": {
        "type": "Point",
        "coordinates": [
          74.846717,
          13.063645
        ]
      },
      "properties": {
        "stop_id": "C1633-kinnigoli-b-s",
        "stop_name": "KINNIGOLI B S",
        "city_name": "KINNIGOLI",
        "city_id": 1633,
        "source": "manual"
      }
    },
    {
      "type": "Feature",
      "geometry": {
        "type": "Point",
        "coordinates": [
          75.7349912,
          15.6996944
        ]
      },
      "properties": {
        "stop_id": "Nron-ron",
        "stop_name": "RON",
        "city_name": "RON",
        "city_id": null,
        "source": "default"
      }
    },
    {
      "type": "Feature",
      "geometry": {
        "type": "Point",
        "coordinates": [
          75.713535,
          14.841437
        ]
      },
      "properties": {
        "stop_id": "C820-holalu",
        "stop_name": "HOLALU",
        "city_name": "HOLALU",
        "city_id": 820,
        "source": "manual"
      }
    },
    {
      "type": "Feature",
      "geometry": {
        "type": "Point",
        "coordinates": [
          74.951753,
          16.516793
        ]
      },
      "properties": {
        "stop_id": "C73-harugeri",
        "stop_name": "HARUGERI",
        "city_name": "HARUGERI",
        "city_id": 73,
        "source": "manual"
      }
    },
    {
      "type": "Feature",
      "geometry": {
        "type": "Point",
        "coordinates": [
          75.936302,
          11.414215
        ]
      },
      "properties": {
        "stop_id": "C2763-tamarasseri",
        "stop_name": "TAMARASSERI",
        "city_name": "TAMARASSERI",
        "city_id": 2763,
        "source": "manual"
      }
    },
    {
      "type": "Feature",
      "geometry": {
        "type": "Point",
        "coordinates": [
          75.7139,
          15.3173
        ]
      },
      "properties": {
        "stop_id": "Nhumnabad-bs-humnabad",
        "stop_name": "HUMNABAD",
        "city_name": "HUMNABAD BS",
        "city_id": null,
        "source": "default"
      }
    },
    {
      "type": "Feature",
      "geometry": {
        "type": "Point",
        "coordinates": [
          74.793064,
          13.011993
        ]
      },
      "properties": {
        "stop_id": "C30-nitk-srt-reddy-tours",
        "stop_name": "NITK SRT REDDY TOURS",
        "city_name": "MANGALURU",
        "city_id": 30,
        "source": "manual"
      }
    },
    {
      "type": "Feature",
      "geometry": {
        "type": "Point",
        "coordinates": [
          74.808109,
          12.956726
        ]
      },
      "properties": {
        "stop_id": "C30-mangaluru-baikampady",
        "stop_name": "MANGALURU BAIKAMPADY",
        "city_name": "MANGALURU",
        "city_id": 30,
        "source": "manual"
      }
    },
    {
      "type": "Feature",
      "geometry": {
        "type": "Point",
        "coordinates": [
          74.809192,
          12.952119
        ]
      },
      "properties": {
        "stop_id": "C30-mangaluru-panambur",
        "stop_name": "MANGALURU PANAMBUR",
        "city_name": "MANGALURU",
        "city_id": 30,
        "source": "manual"
      }
    },
    {
      "type": "Feature",
      "geometry": {
        "type": "Point",
        "coordinates": [
          74.71058,
          13.496966
        ]
      },
      "properties": {
        "stop_id": "C2075-saligrama",
        "stop_name": "SALIGRAMA",
        "city_name": "UDUPI",
        "city_id": 2075,
        "source": "manual"
      }
    },
    {
      "type": "Feature",
      "geometry": {
        "type": "Point",
        "coordinates": [
          74.705655,
          13.524786
        ]
      },
      "properties": {
        "stop_id": "C2075-kota-bus-stop",
        "stop_name": "KOTA BUS STOP",
        "city_name": "UDUPI",
        "city_id": 2075,
        "source": "manual"
      }
    },
    {
      "type": "Feature",
      "geometry": {
        "type": "Point",
        "coordinates": [
          76.676095,
          12.120853
        ]
      },
      "properties": {
        "stop_id": "C296-nanjangud-hullahalli-circle",
        "stop_name": "NANJANGUD HULLAHALLI CIRCLE",
        "city_name": "MYSURU",
        "city_id": 296,
        "source": "manual"
      }
    },
    {
      "type": "Feature",
      "geometry": {
        "type": "Point",
        "coordinates": [
          76.688991,
          11.809089
        ]
      },
      "properties": {
        "stop_id": "C2261-gundlupet-bus-stand",
        "stop_name": "GUNDLUPET BUS STAND",
        "city_name": "GUNDLUPET",
        "city_id": 2261,
        "source": "manual"
      }
    },
    {
      "type": "Feature",
      "geometry": {
        "type": "Point",
        "coordinates": [
          75.469374,
          12.519416
        ]
      },
      "properties": {
        "stop_id": "C1330-aramtodu",
        "stop_name": "ARAMTODU",
        "city_name": "SULLYA",
        "city_id": 1330,
        "source": "manual"
      }
    },
    {
      "type": "Feature",
      "geometry": {
        "type": "Point",
        "coordinates": [
          75.505156,
          12.514688
        ]
      },
      "properties": {
        "stop_id": "C1330-kallugundi",
        "stop_name": "KALLUGUNDI",
        "city_name": "SULLYA",
        "city_id": 1330,
        "source": "manual"
      }
    },
    {
      "type": "Feature",
      "geometry": {
        "type": "Point",
        "coordinates": [
          75.537229,
          12.501677
        ]
      },
      "properties": {
        "stop_id": "C1330-sampaje",
        "stop_name": "SAMPAJE",
        "city_name": "SULLYA",
        "city_id": 1330,
        "source": "manual"
      }
    },
    {
      "type": "Feature",
      "geometry": {
        "type": "Point",
        "coordinates": [
          76.396295,
          14.22655
        ]
      },
      "properties": {
        "stop_id": "C2325-chitradurga",
        "stop_name": "CHITRADURGA",
        "city_name": "CHITRADURGA",
        "city_id": 2325,
        "source": "manual"
      }
    },
    {
      "type": "Feature",
      "geometry": {
        "type": "Point",
        "coordinates": [
          75.7139,
          15.3173
        ]
      },
      "properties": {
        "stop_id": "C233-mantralaya",
        "stop_name": "MANTRALAYA",
        "city_name": "MANTRALAYA",
        "city_id": 233,
        "source": "default"
      }
    },
    {
      "type": "Feature",
      "geometry": {
        "type": "Point",
        "coordinates": [
          74.787457,
          13.090811
        ]
      },
      "properties": {
        "stop_id": "C30-mulki-b-s",
        "stop_name": "MULKI B S",
        "city_name": "MANGALURU",
        "city_id": 30,
        "source": "manual"
      }
    },
    {
      "type": "Feature",
      "geometry": {
        "type": "Point",
        "coordinates": [
          74.656215,
          14.248005
        ]
      },
      "properties": {
        "stop_id": "C2921-gerusoppa",
        "stop_name": "GERUSOPPA",
        "city_name": "GERUSOPPA",
        "city_id": 2921,
        "source": "manual"
      }
    },
    {
      "type": "Feature",
      "geometry": {
        "type": "Point",
        "coordinates": [
          74.306966,
          14.660075
        ]
      },
      "properties": {
        "stop_id": "C972-ankola",
        "stop_name": "ANKOLA",
        "city_name": "ANKOLA",
        "city_id": 972,
        "source": "manual"
      }
    },
    {
      "type": "Feature",
      "geometry": {
        "type": "Point",
        "coordinates": [
          75.7139,
          15.3173
        ]
      },
      "properties": {
        "stop_id": "C903-ramdurg",
        "stop_name": "RAMDURG",
        "city_name": "RAMDURG",
        "city_id": 903,
        "source": "default"
      }
    },
    {
      "type": "Feature",
      "geometry": {
        "type": "Point",
        "coordinates": [
          75.281365,
          16.337264
        ]
      },
      "properties": {
        "stop_id": "C1852-mudhol",
        "stop_name": "MUDHOL",
        "city_name": "MUDHOL",
        "city_id": 1852,
        "source": "manual"
      }
    },
    {
      "type": "Feature",
      "geometry": {
        "type": "Point",
        "coordinates": [
          77.25249,
          16.571427
        ]
      },
      "properties": {
        "stop_id": "C1009-saidapur",
        "stop_name": "SAIDAPUR",
        "city_name": "SAIDAPUR",
        "city_id": 1009,
        "source": "manual"
      }
    },
    {
      "type": "Feature",
      "geometry": {
        "type": "Point",
        "coordinates": [
          77.390638,
          16.870861
        ]
      },
      "properties": {
        "stop_id": "C3154-gurumitkal",
        "stop_name": "GURUMITKAL",
        "city_name": "GURUMITKAL",
        "city_id": 3154,
        "source": "manual"
      }
    },
    {
      "type": "Feature",
      "geometry": {
        "type": "Point",
        "coordinates": [
          75.7139,
          15.3173
        ]
      },
      "properties": {
        "stop_id": "C138-jadcharla",
        "stop_name": "JADCHARLA",
        "city_name": "JADCHARLA",
        "city_id": 138,
        "source": "default"
      }
    },
    {
      "type": "Feature",
      "geometry": {
        "type": "Point",
        "coordinates": [
          73.772835,
          18.665468
        ]
      },
      "properties": {
        "stop_id": "C2903-nigadi-bus-stand",
        "stop_name": "NIGADI BUS STAND",
        "city_name": "NIGADI",
        "city_id": 2903,
        "source": "manual"
      }
    },
    {
      "type": "Feature",
      "geometry": {
        "type": "Point",
        "coordinates": [
          74.504495,
          15.6438
        ]
      },
      "properties": {
        "stop_id": "C2053-khanapur-bus-stand",
        "stop_name": "KHANAPUR BUS STAND",
        "city_name": "KHANAPUR",
        "city_id": 2053,
        "source": "manual"
      }
    },
    {
      "type": "Feature",
      "geometry": {
        "type": "Point",
        "coordinates": [
          74.705749,
          13.524288
        ]
      },
      "properties": {
        "stop_id": "C3942-kota-bus-stand",
        "stop_name": "KOTA BUS STAND",
        "city_name": "KOTA",
        "city_id": 3942,
        "source": "manual"
      }
    },
    {
      "type": "Feature",
      "geometry": {
        "type": "Point",
        "coordinates": [
          74.811513,
          13.497873
        ]
      },
      "properties": {
        "stop_id": "C219-mandarti-bus-stand",
        "stop_name": "MANDARTI BUS STAND",
        "city_name": "MANDARTI",
        "city_id": 219,
        "source": "manual"
      }
    },
    {
      "type": "Feature",
      "geometry": {
        "type": "Point",
        "coordinates": [
          74.841121,
          13.458971
        ]
      },
      "properties": {
        "stop_id": "C331-kokkarni-b-s",
        "stop_name": "KOKKARNI B.S.",
        "city_name": "KOKKARNI",
        "city_id": 331,
        "source": "manual"
      }
    },
    {
      "type": "Feature",
      "geometry": {
        "type": "Point",
        "coordinates": [
          74.991132,
          13.458014
        ]
      },
      "properties": {
        "stop_id": "C422-hebri-bus-stand",
        "stop_name": "HEBRI BUS STAND",
        "city_name": "HEBRI",
        "city_id": 422,
        "source": "manual"
      }
    },
    {
      "type": "Feature",
      "geometry": {
        "type": "Point",
        "coordinates": [
          74.910951,
          13.921019
        ]
      },
      "properties": {
        "stop_id": "C439-nittur-bus-stand",
        "stop_name": "NITTUR BUS STAND",
        "city_name": "NITTUR KOLLUR",
        "city_id": 439,
        "source": "manual"
      }
    },
    {
      "type": "Feature",
      "geometry": {
        "type": "Point",
        "coordinates": [
          77.415199,
          18.254751
        ]
      },
      "properties": {
        "stop_id": "C1013-aurad-bus-stand",
        "stop_name": "AURAD BUS STAND",
        "city_name": "AURAD",
        "city_id": 1013,
        "source": "manual"
      }
    },
    {
      "type": "Feature",
      "geometry": {
        "type": "Point",
        "coordinates": [
          76.7116,
          14.598993
        ]
      },
      "properties": {
        "stop_id": "C1567-kondalhally",
        "stop_name": "KONDALHALLY",
        "city_name": "KONDALHALLY",
        "city_id": 1567,
        "source": "manual"
      }
    },
    {
      "type": "Feature",
      "geometry": {
        "type": "Point",
        "coordinates": [
          79.464174,
          11.540589
        ]
      },
      "properties": {
        "stop_id": "C3248-nyveli-arch-gate",
        "stop_name": "NYVELI ARCH GATE",
        "city_name": "NEYVELI",
        "city_id": 3248,
        "source": "manual"
      }
    },
    {
      "type": "Feature",
      "geometry": {
        "type": "Point",
        "coordinates": [
          79.386277,
          12.916738
        ]
      },
      "properties": {
        "stop_id": "C3086-walajapet-toll-jn",
        "stop_name": "WALAJAPET TOLL JN",
        "city_name": "CHENNAI",
        "city_id": 3086,
        "source": "manual"
      }
    },
    {
      "type": "Feature",
      "geometry": {
        "type": "Point",
        "coordinates": [
          74.856677,
          15.817378
        ]
      },
      "properties": {
        "stop_id": "C1764-bailahongala-bus-stand",
        "stop_name": "BAILAHONGALA BUS STAND",
        "city_name": "BAILAHONGALA",
        "city_id": 1764,
        "source": "manual"
      }
    },
    {
      "type": "Feature",
      "geometry": {
        "type": "Point",
        "coordinates": [
          74.312773,
          16.574032
        ]
      },
      "properties": {
        "stop_id": "C452-kagal-mh-ka-border",
        "stop_name": "KAGAL MH KA BORDER",
        "city_name": "KAGAL MH KA BORDER",
        "city_id": 452,
        "source": "manual"
      }
    },
    {
      "type": "Feature",
      "geometry": {
        "type": "Point",
        "coordinates": [
          74.182449,
          17.283258
        ]
      },
      "properties": {
        "stop_id": "C2865-karad",
        "stop_name": "KARAD",
        "city_name": "KARAD",
        "city_id": 2865,
        "source": "manual"
      }
    },
    {
      "type": "Feature",
      "geometry": {
        "type": "Point",
        "coordinates": [
          73.796861,
          20.011726
        ]
      },
      "properties": {
        "stop_id": "C2911-nasik-central-bus-stand",
        "stop_name": "NASIK CENTRAL BUS STAND",
        "city_name": "NASIK",
        "city_id": 2911,
        "source": "manual"
      }
    },
    {
      "type": "Feature",
      "geometry": {
        "type": "Point",
        "coordinates": [
          76.918829,
          15.137365
        ]
      },
      "properties": {
        "stop_id": "C458-ballari",
        "stop_name": "BALLARI",
        "city_name": "BALLARI",
        "city_id": 458,
        "source": "manual"
      }
    },
    {
      "type": "Feature",
      "geometry": {
        "type": "Point",
        "coordinates": [
          76.440864,
          16.012529
        ]
      },
      "properties": {
        "stop_id": "C230-mudagal-bus-stand",
        "stop_name": "MUDAGAL BUS STAND",
        "city_name": "MUDAGAL",
        "city_id": 230,
        "source": "manual"
      }
    },
    {
      "type": "Feature",
      "geometry": {
        "type": "Point",
        "coordinates": [
          75.696195,
          13.843049
        ]
      },
      "properties": {
        "stop_id": "C1376-bhadravathi-bus-stand",
        "stop_name": "BHADRAVATHI BUS STAND",
        "city_name": "BHADRAVATHI",
        "city_id": 1376,
        "source": "manual"
      }
    },
    {
      "type": "Feature",
      "geometry": {
        "type": "Point",
        "coordinates": [
          73.102412,
          19.021049
        ]
      },
      "properties": {
        "stop_id": "C2898-mc-donald-kalamboli",
        "stop_name": "MC DONALD KALAMBOLI",
        "city_name": "MUMBAI",
        "city_id": 2898,
        "source": "manual"
      }
    },
    {
      "type": "Feature",
      "geometry": {
        "type": "Point",
        "coordinates": [
          72.846805,
          19.074542
        ]
      },
      "properties": {
        "stop_id": "C2898-vakola-signal-santacru",
        "stop_name": "VAKOLA SIGNAL SANTACRU",
        "city_name": "MUMBAI",
        "city_id": 2898,
        "source": "manual"
      }
    },
    {
      "type": "Feature",
      "geometry": {
        "type": "Point",
        "coordinates": [
          72.853479,
          19.097624
        ]
      },
      "properties": {
        "stop_id": "C2898-centur-hotel-west-express-vile-parle",
        "stop_name": "CENTUR HOTEL WEST EXPRESS VILE PARLE",
        "city_name": "MUMBAI",
        "city_id": 2898,
        "source": "manual"
      }
    },
    {
      "type": "Feature",
      "geometry": {
        "type": "Point",
        "coordinates": [
          72.855181,
          19.116411
        ]
      },
      "properties": {
        "stop_id": "C2898-bisleri-wstrn-exprss-andheri",
        "stop_name": "BISLERI WSTRN EXPRSS ANDHERI",
        "city_name": "MUMBAI",
        "city_id": 2898,
        "source": "manual"
      }
    },
    {
      "type": "Feature",
      "geometry": {
        "type": "Point",
        "coordinates": [
          72.864604,
          19.243902
        ]
      },
      "properties": {
        "stop_id": "C2898-borivilly-opp-hotel-gokul-anand",
        "stop_name": "BORIVILLY OPP.HOTEL GOKUL-ANAND",
        "city_name": "MUMBAI",
        "city_id": 2898,
        "source": "manual"
      }
    },
    {
      "type": "Feature",
      "geometry": {
        "type": "Point",
        "coordinates": [
          74.921385,
          14.651622
        ]
      },
      "properties": {
        "stop_id": "C604-bisalakoppa",
        "stop_name": "BISALAKOPPA",
        "city_name": "SIRSI",
        "city_id": 604,
        "source": "manual"
      }
    },
    {
      "type": "Feature",
      "geometry": {
        "type": "Point",
        "coordinates": [
          74.504601,
          14.098017
        ]
      },
      "properties": {
        "stop_id": "C5116-murdeshwara-cross",
        "stop_name": "MURDESHWARA CROSS",
        "city_name": "MURDESHWARA CROSS",
        "city_id": 5116,
        "source": "manual"
      }
    },
    {
      "type": "Feature",
      "geometry": {
        "type": "Point",
        "coordinates": [
          74.383443,
          14.575953
        ]
      },
      "properties": {
        "stop_id": "C5113-gokarna-cross",
        "stop_name": "GOKARNA CROSS",
        "city_name": "GOKARNA CROSS",
        "city_id": 5113,
        "source": "manual"
      }
    },
    {
      "type": "Feature",
      "geometry": {
        "type": "Point",
        "coordinates": [
          74.808939,
          12.953261
        ]
      },
      "properties": {
        "stop_id": "C30-nmpt-circle-panambur",
        "stop_name": "NMPT CIRCLE PANAMBUR",
        "city_name": "MANGALURU",
        "city_id": 30,
        "source": "manual"
      }
    },
    {
      "type": "Feature",
      "geometry": {
        "type": "Point",
        "coordinates": [
          76.657363,
          15.958598
        ]
      },
      "properties": {
        "stop_id": "C166-maski-bus-stand",
        "stop_name": "MASKI BUS STAND",
        "city_name": "MASKI",
        "city_id": 166,
        "source": "manual"
      }
    },
    {
      "type": "Feature",
      "geometry": {
        "type": "Point",
        "coordinates": [
          76.918869,
          15.137356
        ]
      },
      "properties": {
        "stop_id": "C458-bellary-central-bus-stand",
        "stop_name": "BELLARY CENTRAL BUS STAND",
        "city_name": "BALLARI",
        "city_id": 458,
        "source": "manual"
      }
    },
    {
      "type": "Feature",
      "geometry": {
        "type": "Point",
        "coordinates": [
          76.623248,
          15.174665
        ]
      },
      "properties": {
        "stop_id": "C2218-vidyanagar-b-s",
        "stop_name": "VIDYANAGAR B. S",
        "city_name": "VIDYANAGAR JINDAL",
        "city_id": 2218,
        "source": "manual"
      }
    },
    {
      "type": "Feature",
      "geometry": {
        "type": "Point",
        "coordinates": [
          77.523782,
          13.036698
        ]
      },
      "properties": {
        "stop_id": "C368-basaveshwara-bus-stand-peenya",
        "stop_name": "BASAVESHWARA BUS STAND PEENYA",
        "city_name": "BENGALURU",
        "city_id": 368,
        "source": "manual"
      }
    },
    {
      "type": "Feature",
      "geometry": {
        "type": "Point",
        "coordinates": [
          75.7139,
          15.3173
        ]
      },
      "properties": {
        "stop_id": "C404-nagmangala",
        "stop_name": "NAGMANGALA",
        "city_name": "NAGMANGALA",
        "city_id": 404,
        "source": "default"
      }
    },
    {
      "type": "Feature",
      "geometry": {
        "type": "Point",
        "coordinates": [
          72.822122,
          18.969318
        ]
      },
      "properties": {
        "stop_id": "C2898-mumbai",
        "stop_name": "MUMBAI",
        "city_name": "MUMBAI",
        "city_id": 2898,
        "source": "manual"
      }
    },
    {
      "type": "Feature",
      "geometry": {
        "type": "Point",
        "coordinates": [
          75.384826,
          14.785046
        ]
      },
      "properties": {
        "stop_id": "C579-haveri-hangal-bypass-st-john-school",
        "stop_name": "HAVERI HANGAL BYPASS ST JOHN SCHOOL",
        "city_name": "HAVERI",
        "city_id": 579,
        "source": "manual"
      }
    },
    {
      "type": "Feature",
      "geometry": {
        "type": "Point",
        "coordinates": [
          75.622929,
          14.602837
        ]
      },
      "properties": {
        "stop_id": "C931-ranebennur-halageri-bypass-huggi-petrolbunk",
        "stop_name": "RANEBENNUR HALAGERI BYPASS HUGGI PETROLBUNK",
        "city_name": "RANEBENNUR",
        "city_id": 931,
        "source": "manual"
      }
    },
    {
      "type": "Feature",
      "geometry": {
        "type": "Point",
        "coordinates": [
          77.04485,
          12.589139
        ]
      },
      "properties": {
        "stop_id": "C2638-maddur-bus-stand",
        "stop_name": "MADDUR BUS STAND",
        "city_name": "MADDUR",
        "city_id": 2638,
        "source": "manual"
      }
    },
    {
      "type": "Feature",
      "geometry": {
        "type": "Point",
        "coordinates": [
          78.056145,
          13.400327
        ]
      },
      "properties": {
        "stop_id": "C2351-chintamani",
        "stop_name": "CHINTAMANI",
        "city_name": "CHINTAMANI",
        "city_id": 2351,
        "source": "manual"
      }
    },
    {
      "type": "Feature",
      "geometry": {
        "type": "Point",
        "coordinates": [
          78.507877,
          13.557916
        ]
      },
      "properties": {
        "stop_id": "C236-madanapalli-b-s",
        "stop_name": "MADANAPALLI B.S.",
        "city_name": "MADANAPALLI",
        "city_id": 236,
        "source": "manual"
      }
    },
    {
      "type": "Feature",
      "geometry": {
        "type": "Point",
        "coordinates": [
          76.043122,
          12.697542
        ]
      },
      "properties": {
        "stop_id": "C779-hulkal-bus-stand",
        "stop_name": "HULKAL BUS STAND",
        "city_name": "HULIKAL",
        "city_id": 779,
        "source": "manual"
      }
    },
    {
      "type": "Feature",
      "geometry": {
        "type": "Point",
        "coordinates": [
          76.01446,
          12.613836
        ]
      },
      "properties": {
        "stop_id": "C911-alursiddapur-bus-stop",
        "stop_name": "ALURSIDDAPUR BUS STOP",
        "city_name": "ALURSIDDAPUR",
        "city_id": 911,
        "source": "manual"
      }
    },
    {
      "type": "Feature",
      "geometry": {
        "type": "Point",
        "coordinates": [
          75.7139,
          15.3173
        ]
      },
      "properties": {
        "stop_id": "C2040-kongale",
        "stop_name": "KONGALE",
        "city_name": "KONGALE",
        "city_id": 2040,
        "source": "default"
      }
    },
    {
      "type": "Feature",
      "geometry": {
        "type": "Point",
        "coordinates": [
          74.476445,
          19.761373
        ]
      },
      "properties": {
        "stop_id": "C2967-htl-holiday-park",
        "stop_name": "HTL HOLIDAY PARK",
        "city_name": "SHIRDI",
        "city_id": 2967,
        "source": "manual"
      }
    },
    {
      "type": "Feature",
      "geometry": {
        "type": "Point",
        "coordinates": [
          73.859731,
          18.499901
        ]
      },
      "properties": {
        "stop_id": "C2934-swargate-msrtc-b-s",
        "stop_name": "SWARGATE MSRTC B.S",
        "city_name": "PUNE",
        "city_id": 2934,
        "source": "default"
      }
    },
    {
      "type": "Feature",
      "geometry": {
        "type": "Point",
        "coordinates": [
          75.7139,
          15.3173
        ]
      },
      "properties": {
        "stop_id": "C1796-kittur",
        "stop_name": "KITTUR",
        "city_name": "KITTUR",
        "city_id": 1796,
        "source": "default"
      }
    },
    {
      "type": "Feature",
      "geometry": {
        "type": "Point",
        "coordinates": [
          78.217862,
          12.52864
        ]
      },
      "properties": {
        "stop_id": "C3195-krishnagiri",
        "stop_name": "KRISHNAGIRI",
        "city_name": "KRISHNAGIRI",
        "city_id": 3195,
        "source": "manual"
      }
    },
    {
      "type": "Feature",
      "geometry": {
        "type": "Point",
        "coordinates": [
          75.7139,
          15.3173
        ]
      },
      "properties": {
        "stop_id": "C3275-tiruvannamalai",
        "stop_name": "TIRUVANNAMALAI",
        "city_name": "TIRUVANNAMALAI",
        "city_id": 3275,
        "source": "default"
      }
    },
    {
      "type": "Feature",
      "geometry": {
        "type": "Point",
        "coordinates": [
          72.822125,
          18.969276
        ]
      },
      "properties": {
        "stop_id": "C2898-mum-centl-msrtc-b-s-plf7",
        "stop_name": "MUM CENTL MSRTC B.S PLF7",
        "city_name": "MUMBAI",
        "city_id": 2898,
        "source": "manual"
      }
    },
    {
      "type": "Feature",
      "geometry": {
        "type": "Point",
        "coordinates": [
          76.69595,
          11.403635
        ]
      },
      "properties": {
        "stop_id": "C3254-ooty-bus",
        "stop_name": "OOTY BUS",
        "city_name": "OOTY",
        "city_id": 3254,
        "source": "default"
      }
    },
    {
      "type": "Feature",
      "geometry": {
        "type": "Point",
        "coordinates": [
          77.63455,
          15.122025
        ]
      },
      "properties": {
        "stop_id": "C92-gooty-bus-stand",
        "stop_name": "GOOTY BUS STAND",
        "city_name": "GUTTI",
        "city_id": 92,
        "source": "manual"
      }
    },
    {
      "type": "Feature",
      "geometry": {
        "type": "Point",
        "coordinates": [
          77.498411,
          15.394267
        ]
      },
      "properties": {
        "stop_id": "C322-pattikonda-bus-stand",
        "stop_name": "PATTIKONDA BUS STAND",
        "city_name": "PATTIKONDA",
        "city_id": 322,
        "source": "manual"
      }
    },
    {
      "type": "Feature",
      "geometry": {
        "type": "Point",
        "coordinates": [
          74.024707,
          17.691678
        ]
      },
      "properties": {
        "stop_id": "C2983-sai-raj-travels",
        "stop_name": "SAI RAJ TRAVELS",
        "city_name": "SATARA",
        "city_id": 2983,
        "source": "manual"
      }
    },
    {
      "type": "Feature",
      "geometry": {
        "type": "Point",
        "coordinates": [
          76.872211,
          16.622783
        ]
      },
      "properties": {
        "stop_id": "C1114-hattigudur",
        "stop_name": "HATTIGUDUR",
        "city_name": "HATTIGUDUR",
        "city_id": 1114,
        "source": "manual"
      }
    },
    {
      "type": "Feature",
      "geometry": {
        "type": "Point",
        "coordinates": [
          75.978105,
          12.531601
        ]
      },
      "properties": {
        "stop_id": "C122-hebale",
        "stop_name": "HEBALE",
        "city_name": "HEBALE",
        "city_id": 122,
        "source": "manual"
      }
    },
    {
      "type": "Feature",
      "geometry": {
        "type": "Point",
        "coordinates": [
          75.7139,
          15.3173
        ]
      },
      "properties": {
        "stop_id": "C442-panaji-goa",
        "stop_name": "PANAJI GOA",
        "city_name": "PANAJI GOA",
        "city_id": 442,
        "source": "default"
      }
    },
    {
      "type": "Feature",
      "geometry": {
        "type": "Point",
        "coordinates": [
          76.681118,
          12.126294
        ]
      },
      "properties": {
        "stop_id": "C296-nanjangud-bypass-near-pvt-bs",
        "stop_name": "NANJANGUD BYPASS NEAR PVT BS",
        "city_name": "MYSURU",
        "city_id": 296,
        "source": "manual"
      }
    },
    {
      "type": "Feature",
      "geometry": {
        "type": "Point",
        "coordinates": [
          74.267434,
          16.660806
        ]
      },
      "properties": {
        "stop_id": "C2870-kolhapur-bypass",
        "stop_name": "KOLHAPUR BYPASS",
        "city_name": "KOLHAPUR",
        "city_id": 2870,
        "source": "manual"
      }
    },
    {
      "type": "Feature",
      "geometry": {
        "type": "Point",
        "coordinates": [
          73.772651,
          18.665189
        ]
      },
      "properties": {
        "stop_id": "C2934-nigadi-pmc-bs",
        "stop_name": "NIGADI PMC BS",
        "city_name": "PUNE",
        "city_id": 2934,
        "source": "manual"
      }
    },
    {
      "type": "Feature",
      "geometry": {
        "type": "Point",
        "coordinates": [
          76.452704,
          14.22851
        ]
      },
      "properties": {
        "stop_id": "C368-chitradurga-rail-bridge-nh4-m",
        "stop_name": "CHITRADURGA RAIL BRIDGE NH4 M",
        "city_name": "BENGALURU",
        "city_id": 368,
        "source": "manual"
      }
    },
    {
      "type": "Feature",
      "geometry": {
        "type": "Point",
        "coordinates": [
          75.898962,
          14.441252
        ]
      },
      "properties": {
        "stop_id": "C368-davanagere-shamanur-bypass",
        "stop_name": "DAVANAGERE SHAMANUR BYPASS",
        "city_name": "BENGALURU",
        "city_id": 368,
        "source": "manual"
      }
    },
    {
      "type": "Feature",
      "geometry": {
        "type": "Point",
        "coordinates": [
          76.940278,
          11.924038
        ]
      },
      "properties": {
        "stop_id": "C560-chamarajanagara-bus-stand",
        "stop_name": "CHAMARAJANAGARA BUS STAND",
        "city_name": "CHAMARAJANAGARA",
        "city_id": 560,
        "source": "manual"
      }
    },
    {
      "type": "Feature",
      "geometry": {
        "type": "Point",
        "coordinates": [
          77.167127,
          11.350877
        ]
      },
      "properties": {
        "stop_id": "C724-puliyampatti",
        "stop_name": "PULIYAMPATTI",
        "city_name": "PULIYAMPATTI",
        "city_id": 724,
        "source": "manual"
      }
    },
    {
      "type": "Feature",
      "geometry": {
        "type": "Point",
        "coordinates": [
          77.101277,
          11.231847
        ]
      },
      "properties": {
        "stop_id": "C977-annur-opp-iob-police-stn",
        "stop_name": "ANNUR OPP IOB POLICE STN",
        "city_name": "ANNUR",
        "city_id": 977,
        "source": "manual"
      }
    },
    {
      "type": "Feature",
      "geometry": {
        "type": "Point",
        "coordinates": [
          76.97821,
          11.036088
        ]
      },
      "properties": {
        "stop_id": "C3077-ganapathi-busstand",
        "stop_name": "GANAPATHI BUSSTAND",
        "city_name": "COIMBATORE",
        "city_id": 3077,
        "source": "manual"
      }
    },
    {
      "type": "Feature",
      "geometry": {
        "type": "Point",
        "coordinates": [
          77.003685,
          11.078508
        ]
      },
      "properties": {
        "stop_id": "C3077-saravanampatti",
        "stop_name": "SARAVANAMPATTI",
        "city_name": "COIMBATORE",
        "city_id": 3077,
        "source": "manual"
      }
    },
    {
      "type": "Feature",
      "geometry": {
        "type": "Point",
        "coordinates": [
          76.757347,
          13.079261
        ]
      },
      "properties": {
        "stop_id": "C157-mayasandra-bus-stand",
        "stop_name": "MAYASANDRA BUS STAND",
        "city_name": "MAYASANDRA",
        "city_id": 157,
        "source": "manual"
      }
    },
    {
      "type": "Feature",
      "geometry": {
        "type": "Point",
        "coordinates": [
          76.589224,
          11.614064
        ]
      },
      "properties": {
        "stop_id": "C499-karepalya-ka-border",
        "stop_name": "KAREPALYA KA BORDER",
        "city_name": "KAREPALYA KA BORDER",
        "city_id": 499,
        "source": "manual"
      }
    },
    {
      "type": "Feature",
      "geometry": {
        "type": "Point",
        "coordinates": [
          77.335172,
          12.768207
        ]
      },
      "properties": {
        "stop_id": "C599-ramanagar-mayaganahalli-bypass",
        "stop_name": "RAMANAGAR MAYAGANAHALLI BYPASS",
        "city_name": "RAMANAGARA",
        "city_id": 599,
        "source": "manual"
      }
    },
    {
      "type": "Feature",
      "geometry": {
        "type": "Point",
        "coordinates": [
          75.13609,
          15.350347
        ]
      },
      "properties": {
        "stop_id": "C132-hubballi-old-b-s",
        "stop_name": "HUBBALLI OLD B.S.",
        "city_name": "HUBBALLI",
        "city_id": 132,
        "source": "manual"
      }
    },
    {
      "type": "Feature",
      "geometry": {
        "type": "Point",
        "coordinates": [
          78.204771,
          17.067514
        ]
      },
      "properties": {
        "stop_id": "C358-shandnagar-bus-stand",
        "stop_name": "SHANDNAGAR BUS STAND",
        "city_name": "SHANDNAGAR",
        "city_id": 358,
        "source": "manual"
      }
    },
    {
      "type": "Feature",
      "geometry": {
        "type": "Point",
        "coordinates": [
          74.652281,
          13.690109
        ]
      },
      "properties": {
        "stop_id": "C4901-trasi",
        "stop_name": "TRASI",
        "city_name": "TRASI",
        "city_id": 4901,
        "source": "manual"
      }
    },
    {
      "type": "Feature",
      "geometry": {
        "type": "Point",
        "coordinates": [
          75.328319,
          13.735434
        ]
      },
      "properties": {
        "stop_id": "C5112-bejjavalli",
        "stop_name": "BEJJAVALLI",
        "city_name": "BEJJAVALLI",
        "city_id": 5112,
        "source": "manual"
      }
    },
    {
      "type": "Feature",
      "geometry": {
        "type": "Point",
        "coordinates": [
          75.378168,
          13.714272
        ]
      },
      "properties": {
        "stop_id": "C5118-tudur",
        "stop_name": "TUDUR",
        "city_name": "TUDUR",
        "city_id": 5118,
        "source": "manual"
      }
    },
    {
      "type": "Feature",
      "geometry": {
        "type": "Point",
        "coordinates": [
          78.515005,
          13.198495
        ]
      },
      "properties": {
        "stop_id": "C312-nangli-ka-border",
        "stop_name": "NANGLI KA BORDER",
        "city_name": "NANGLI KA BORDER",
        "city_id": 312,
        "source": "manual"
      }
    },
    {
      "type": "Feature",
      "geometry": {
        "type": "Point",
        "coordinates": [
          75.7139,
          15.3173
        ]
      },
      "properties": {
        "stop_id": "C82-gunthakal",
        "stop_name": "GUNTHAKAL",
        "city_name": "GUNTHAKAL",
        "city_id": 82,
        "source": "default"
      }
    },
    {
      "type": "Feature",
      "geometry": {
        "type": "Point",
        "coordinates": [
          74.443725,
          14.279616
        ]
      },
      "properties": {
        "stop_id": "C2018-honnavara-bus-stand",
        "stop_name": "HONNAVARA BUS STAND",
        "city_name": "KUMTA",
        "city_id": 2018,
        "source": "manual"
      }
    },
    {
      "type": "Feature",
      "geometry": {
        "type": "Point",
        "coordinates": [
          79.246331,
          12.107899
        ]
      },
      "properties": {
        "stop_id": "C3296-vetavalam-b-s",
        "stop_name": "VETAVALAM B.S",
        "city_name": "VETAVALAM",
        "city_id": 3296,
        "source": "manual"
      }
    },
    {
      "type": "Feature",
      "geometry": {
        "type": "Point",
        "coordinates": [
          76.35759,
          17.20118
        ]
      },
      "properties": {
        "stop_id": "C673-afzalpur-bus-stand",
        "stop_name": "AFZALPUR BUS STAND",
        "city_name": "AFZALPUR",
        "city_id": 673,
        "source": "manual"
      }
    },
    {
      "type": "Feature",
      "geometry": {
        "type": "Point",
        "coordinates": [
          77.675125,
          12.84215
        ]
      },
      "properties": {
        "stop_id": "C368-electronic-city-toll-plaza",
        "stop_name": "ELECTRONIC CITY TOLL PLAZA",
        "city_name": "BENGALURU",
        "city_id": 368,
        "source": "manual"
      }
    },
    {
      "type": "Feature",
      "geometry": {
        "type": "Point",
        "coordinates": [
          76.621866,
          13.413531
        ]
      },
      "properties": {
        "stop_id": "C2534-chikkanayakanahalli",
        "stop_name": "CHIKKANAYAKANAHALLI",
        "city_name": "CHIKKANAYAKANAHALLI",
        "city_id": 2534,
        "source": "manual"
      }
    },
    {
      "type": "Feature",
      "geometry": {
        "type": "Point",
        "coordinates": [
          77.580994,
          12.86555
        ]
      },
      "properties": {
        "stop_id": "C5099-jambusavaridinne",
        "stop_name": "JAMBUSAVARIDINNE",
        "city_name": "JAMBUSAVARIDINNE",
        "city_id": 5099,
        "source": "manual"
      }
    },
    {
      "type": "Feature",
      "geometry": {
        "type": "Point",
        "coordinates": [
          79.708392,
          12.871419
        ]
      },
      "properties": {
        "stop_id": "C3086-anna-cancer-hsptl-kanchibypas",
        "stop_name": "ANNA CANCER HSPTL KANCHIBYPAS",
        "city_name": "CHENNAI",
        "city_id": 3086,
        "source": "manual"
      }
    },
    {
      "type": "Feature",
      "geometry": {
        "type": "Point",
        "coordinates": [
          77.582435,
          12.898187
        ]
      },
      "properties": {
        "stop_id": "C368-puttenhalli-bus-stand",
        "stop_name": "PUTTENHALLI BUS STAND",
        "city_name": "BENGALURU",
        "city_id": 368,
        "source": "manual"
      }
    },
    {
      "type": "Feature",
      "geometry": {
        "type": "Point",
        "coordinates": [
          73.85858,
          18.448025
        ]
      },
      "properties": {
        "stop_id": "C2934-kiran-ads-n-travels-wadgaol",
        "stop_name": "KIRAN ADS N TRAVELS WADGAOL",
        "city_name": "PUNE",
        "city_id": 2934,
        "source": "manual"
      }
    },
    {
      "type": "Feature",
      "geometry": {
        "type": "Point",
        "coordinates": [
          74.024612,
          17.691607
        ]
      },
      "properties": {
        "stop_id": "C2934-sairaj-travels-satara",
        "stop_name": "SAIRAJ TRAVELS SATARA",
        "city_name": "PUNE",
        "city_id": 2934,
        "source": "manual"
      }
    },
    {
      "type": "Feature",
      "geometry": {
        "type": "Point",
        "coordinates": [
          77.995755,
          16.748038
        ]
      },
      "properties": {
        "stop_id": "C210-mehaboobnagar",
        "stop_name": "MEHABOOBNAGAR",
        "city_name": "MEHABOOBNAGAR",
        "city_id": 210,
        "source": "manual"
      }
    },
    {
      "type": "Feature",
      "geometry": {
        "type": "Point",
        "coordinates": [
          77.244922,
          11.4992
        ]
      },
      "properties": {
        "stop_id": "C3235-sps-petrol-bunk-dpl",
        "stop_name": "SPS PETROL BUNK DPL",
        "city_name": "SATHYAMANGALAM",
        "city_id": 3235,
        "source": "manual"
      }
    },
    {
      "type": "Feature",
      "geometry": {
        "type": "Point",
        "coordinates": [
          76.339063,
          12.239306
        ]
      },
      "properties": {
        "stop_id": "C992-rathnapuri-colony",
        "stop_name": "RATHNAPURI COLONY",
        "city_name": "RATHNAPURI COLONY",
        "city_id": 992,
        "source": "manual"
      }
    },
    {
      "type": "Feature",
      "geometry": {
        "type": "Point",
        "coordinates": [
          76.323186,
          12.195071
        ]
      },
      "properties": {
        "stop_id": "C246-hundimal-bus-stand",
        "stop_name": "HUNDIMAL BUS STAND",
        "city_name": "HUNDIMAL",
        "city_id": 246,
        "source": "manual"
      }
    },
    {
      "type": "Feature",
      "geometry": {
        "type": "Point",
        "coordinates": [
          77.535877,
          13.000957
        ]
      },
      "properties": {
        "stop_id": "C368-kurubarahalli-bmtc-bus-stand",
        "stop_name": "KURUBARAHALLI BMTC BUS STAND",
        "city_name": "BENGALURU",
        "city_id": 368,
        "source": "manual"
      }
    },
    {
      "type": "Feature",
      "geometry": {
        "type": "Point",
        "coordinates": [
          75.7139,
          15.3173
        ]
      },
      "properties": {
        "stop_id": "C2740-mugalkhod",
        "stop_name": "MUGALKHOD",
        "city_name": "MUGALKHOD",
        "city_id": 2740,
        "source": "default"
      }
    },
    {
      "type": "Feature",
      "geometry": {
        "type": "Point",
        "coordinates": [
          76.940318,
          11.924063
        ]
      },
      "properties": {
        "stop_id": "C560-chamarajanagara",
        "stop_name": "CHAMARAJANAGARA",
        "city_name": "CHAMARAJANAGARA",
        "city_id": 560,
        "source": "manual"
      }
    },
    {
      "type": "Feature",
      "geometry": {
        "type": "Point",
        "coordinates": [
          75.781541,
          12.941246
        ]
      },
      "properties": {
        "stop_id": "C1292-sakaleshpur",
        "stop_name": "SAKALESHPUR",
        "city_name": "SAKALESHPUR",
        "city_id": 1292,
        "source": "manual"
      }
    },
    {
      "type": "Feature",
      "geometry": {
        "type": "Point",
        "coordinates": [
          77.101267,
          11.231868
        ]
      },
      "properties": {
        "stop_id": "C3077-annur-opp-iob-police-stn",
        "stop_name": "ANNUR OPP IOB POLICE STN",
        "city_name": "COIMBATORE",
        "city_id": 3077,
        "source": "manual"
      }
    },
    {
      "type": "Feature",
      "geometry": {
        "type": "Point",
        "coordinates": [
          77.24492,
          11.499272
        ]
      },
      "properties": {
        "stop_id": "C3077-sathy-sps-petrol-bunk",
        "stop_name": "SATHY SPS PETROL BUNK",
        "city_name": "COIMBATORE",
        "city_id": 3077,
        "source": "manual"
      }
    },
    {
      "type": "Feature",
      "geometry": {
        "type": "Point",
        "coordinates": [
          76.681737,
          12.126185
        ]
      },
      "properties": {
        "stop_id": "C444-nanjangud-bypass-near-pvt-bs",
        "stop_name": "NANJANGUD BYPASS NEAR PVT BS",
        "city_name": "NANJANGUD",
        "city_id": 444,
        "source": "manual"
      }
    },
    {
      "type": "Feature",
      "geometry": {
        "type": "Point",
        "coordinates": [
          78.792552,
          12.304079
        ]
      },
      "properties": {
        "stop_id": "C3084-chengam",
        "stop_name": "CHENGAM",
        "city_name": "CHENGAM",
        "city_id": 3084,
        "source": "manual"
      }
    },
    {
      "type": "Feature",
      "geometry": {
        "type": "Point",
        "coordinates": [
          77.497687,
          10.239121
        ]
      },
      "properties": {
        "stop_id": "C3157-hotel-ruby-int-moonjikal",
        "stop_name": "HOTEL RUBY INT MOONJIKAL",
        "city_name": "KODAIKANAL",
        "city_id": 3157,
        "source": "manual"
      }
    },
    {
      "type": "Feature",
      "geometry": {
        "type": "Point",
        "coordinates": [
          77.543258,
          10.266776
        ]
      },
      "properties": {
        "stop_id": "C3157-mountstar-travels-high-school",
        "stop_name": "MOUNTSTAR TRAVELS HIGH SCHOOL",
        "city_name": "KODAIKANAL",
        "city_id": 3157,
        "source": "manual"
      }
    },
    {
      "type": "Feature",
      "geometry": {
        "type": "Point",
        "coordinates": [
          77.759148,
          10.163452
        ]
      },
      "properties": {
        "stop_id": "C3295-opp-to-vattalagundi-police-station",
        "stop_name": "OPP TO VATTALAGUNDI POLICE STATION",
        "city_name": "VATTALA GUNDI",
        "city_id": 3295,
        "source": "manual"
      }
    },
    {
      "type": "Feature",
      "geometry": {
        "type": "Point",
        "coordinates": [
          78.07526,
          10.960009
        ]
      },
      "properties": {
        "stop_id": "C3109-karur-b-s",
        "stop_name": "KARUR B S",
        "city_name": "DINDIGAL",
        "city_id": 3109,
        "source": "manual"
      }
    },
    {
      "type": "Feature",
      "geometry": {
        "type": "Point",
        "coordinates": [
          77.028902,
          13.024918
        ]
      },
      "properties": {
        "stop_id": "C552-kunigal",
        "stop_name": "KUNIGAL",
        "city_name": "KUNIGAL",
        "city_id": 552,
        "source": "manual"
      }
    },
    {
      "type": "Feature",
      "geometry": {
        "type": "Point",
        "coordinates": [
          74.971983,
          15.180578
        ]
      },
      "properties": {
        "stop_id": "C1685-kalghatgi-b-s",
        "stop_name": "KALGHATGI B S",
        "city_name": "KALGHATGI",
        "city_id": 1685,
        "source": "manual"
      }
    },
    {
      "type": "Feature",
      "geometry": {
        "type": "Point",
        "coordinates": [
          74.965359,
          12.801677
        ]
      },
      "properties": {
        "stop_id": "C30-a-b-dental-college",
        "stop_name": "A B DENTAL COLLEGE",
        "city_name": "MANGALURU",
        "city_id": 30,
        "source": "manual"
      }
    },
    {
      "type": "Feature",
      "geometry": {
        "type": "Point",
        "coordinates": [
          76.294521,
          12.308896
        ]
      },
      "properties": {
        "stop_id": "C894-hunsur-bus-stand",
        "stop_name": "HUNSUR BUS STAND",
        "city_name": "HUNSUR",
        "city_id": 894,
        "source": "manual"
      }
    },
    {
      "type": "Feature",
      "geometry": {
        "type": "Point",
        "coordinates": [
          75.393382,
          12.557194
        ]
      },
      "properties": {
        "stop_id": "C1330-sullya-bus-stand",
        "stop_name": "SULLYA BUS STAND",
        "city_name": "SULLYA",
        "city_id": 1330,
        "source": "manual"
      }
    },
    {
      "type": "Feature",
      "geometry": {
        "type": "Point",
        "coordinates": [
          75.996289,
          12.429615
        ]
      },
      "properties": {
        "stop_id": "C2219-bylukuppe-bus-stand",
        "stop_name": "BYLUKUPPE BUS STAND",
        "city_name": "BYLUKUPPE",
        "city_id": 2219,
        "source": "manual"
      }
    },
    {
      "type": "Feature",
      "geometry": {
        "type": "Point",
        "coordinates": [
          76.747072,
          14.639243
        ]
      },
      "properties": {
        "stop_id": "C1590-kondasagara",
        "stop_name": "KONDASAGARA",
        "city_name": "KONDASAGARA",
        "city_id": 1590,
        "source": "manual"
      }
    },
    {
      "type": "Feature",
      "geometry": {
        "type": "Point",
        "coordinates": [
          76.676393,
          14.592492
        ]
      },
      "properties": {
        "stop_id": "C1717-b-g-kere",
        "stop_name": "B.G.KERE",
        "city_name": "B.G.KERE",
        "city_id": 1717,
        "source": "manual"
      }
    },
    {
      "type": "Feature",
      "geometry": {
        "type": "Point",
        "coordinates": [
          76.68021,
          14.44906
        ]
      },
      "properties": {
        "stop_id": "C1839-talaku",
        "stop_name": "TALAKU",
        "city_name": "TALAKU",
        "city_id": 1839,
        "source": "manual"
      }
    },
    {
      "type": "Feature",
      "geometry": {
        "type": "Point",
        "coordinates": [
          76.123466,
          13.009845
        ]
      },
      "properties": {
        "stop_id": "C574-hassan-dairy-circle",
        "stop_name": "HASSAN DAIRY CIRCLE",
        "city_name": "HASSAN",
        "city_id": 574,
        "source": "manual"
      }
    },
    {
      "type": "Feature",
      "geometry": {
        "type": "Point",
        "coordinates": [
          77.214127,
          13.66044
        ]
      },
      "properties": {
        "stop_id": "C2643-madhugiri-b-s",
        "stop_name": "MADHUGIRI B.S.",
        "city_name": "MADHUGIRI",
        "city_id": 2643,
        "source": "manual"
      }
    },
    {
      "type": "Feature",
      "geometry": {
        "type": "Point",
        "coordinates": [
          75.7139,
          15.3173
        ]
      },
      "properties": {
        "stop_id": "C392-vjwvbs",
        "stop_name": "VJWVBS",
        "city_name": "VIJAYAWADA",
        "city_id": 392,
        "source": "default"
      }
    },
    {
      "type": "Feature",
      "geometry": {
        "type": "Point",
        "coordinates": [
          77.560777,
          12.93526
        ]
      },
      "properties": {
        "stop_id": "C368-vidyapeeta-circle",
        "stop_name": "VIDYAPEETA CIRCLE",
        "city_name": "BENGALURU",
        "city_id": 368,
        "source": "manual"
      }
    },
    {
      "type": "Feature",
      "geometry": {
        "type": "Point",
        "coordinates": [
          77.812089,
          14.164446
        ]
      },
      "properties": {
        "stop_id": "C343-puttaparthi",
        "stop_name": "PUTTAPARTHI",
        "city_name": "PUTTAPARTHI",
        "city_id": 343,
        "source": "manual"
      }
    },
    {
      "type": "Feature",
      "geometry": {
        "type": "Point",
        "coordinates": [
          72.868173,
          19.048428
        ]
      },
      "properties": {
        "stop_id": "C2898-opp-highway-apartment-sion",
        "stop_name": "OPP HIGHWAY APARTMENT SION",
        "city_name": "MUMBAI",
        "city_id": 2898,
        "source": "manual"
      }
    },
    {
      "type": "Feature",
      "geometry": {
        "type": "Point",
        "coordinates": [
          72.845138,
          19.014231
        ]
      },
      "properties": {
        "stop_id": "C2898-dadar-infront-of-chitra-cinema",
        "stop_name": "DADAR INFRONT OF CHITRA CINEMA",
        "city_name": "MUMBAI",
        "city_id": 2898,
        "source": "manual"
      }
    },
    {
      "type": "Feature",
      "geometry": {
        "type": "Point",
        "coordinates": [
          73.756867,
          18.592733
        ]
      },
      "properties": {
        "stop_id": "C3029-wakad-mumbai-poona-bypass-ginger-hotel",
        "stop_name": "WAKAD MUMBAI POONA BYPASS GINGER HOTEL",
        "city_name": "WAKAD",
        "city_id": 3029,
        "source": "manual"
      }
    },
    {
      "type": "Feature",
      "geometry": {
        "type": "Point",
        "coordinates": [
          73.805202,
          18.50717
        ]
      },
      "properties": {
        "stop_id": "C2934-opp-vanaz-co-kothrud-pushp",
        "stop_name": "OPP VANAZ CO KOTHRUD PUSHP",
        "city_name": "PUNE",
        "city_id": 2934,
        "source": "manual"
      }
    },
    {
      "type": "Feature",
      "geometry": {
        "type": "Point",
        "coordinates": [
          75.899546,
          14.440943
        ]
      },
      "properties": {
        "stop_id": "C563-davanagere-bypass",
        "stop_name": "DAVANAGERE BYPASS",
        "city_name": "DAVANAGERE",
        "city_id": 563,
        "source": "manual"
      }
    },
    {
      "type": "Feature",
      "geometry": {
        "type": "Point",
        "coordinates": [
          76.233408,
          16.922032
        ]
      },
      "properties": {
        "stop_id": "C1064-sindagi-bus-stand",
        "stop_name": "SINDAGI BUS STAND",
        "city_name": "SINDAGI",
        "city_id": 1064,
        "source": "manual"
      }
    },
    {
      "type": "Feature",
      "geometry": {
        "type": "Point",
        "coordinates": [
          76.38397,
          14.23627
        ]
      },
      "properties": {
        "stop_id": "C2325-chitradurga-bypass",
        "stop_name": "CHITRADURGA BYPASS",
        "city_name": "CHITRADURGA",
        "city_id": 2325,
        "source": "manual"
      }
    },
    {
      "type": "Feature",
      "geometry": {
        "type": "Point",
        "coordinates": [
          75.7139,
          15.3173
        ]
      },
      "properties": {
        "stop_id": "C2596-ernakulam",
        "stop_name": "ERNAKULAM",
        "city_name": "ERNAKULAM",
        "city_id": 2596,
        "source": "default"
      }
    },
    {
      "type": "Feature",
      "geometry": {
        "type": "Point",
        "coordinates": [
          73.837592,
          19.953937
        ]
      },
      "properties": {
        "stop_id": "C2911-bytco-akshay-travels-m",
        "stop_name": "BYTCO AKSHAY TRAVELS M",
        "city_name": "NASIK",
        "city_id": 2911,
        "source": "manual"
      }
    },
    {
      "type": "Feature",
      "geometry": {
        "type": "Point",
        "coordinates": [
          75.571457,
          12.828018
        ]
      },
      "properties": {
        "stop_id": "C3003-gundya-bus-stop",
        "stop_name": "GUNDYA BUS STOP",
        "city_name": "GUNDYA",
        "city_id": 3003,
        "source": "manual"
      }
    },
    {
      "type": "Feature",
      "geometry": {
        "type": "Point",
        "coordinates": [
          75.7139,
          15.3173
        ]
      },
      "properties": {
        "stop_id": "C1916-teradal",
        "stop_name": "TERADAL",
        "city_name": "TERADAL",
        "city_id": 1916,
        "source": "default"
      }
    },
    {
      "type": "Feature",
      "geometry": {
        "type": "Point",
        "coordinates": [
          75.130642,
          16.48353
        ]
      },
      "properties": {
        "stop_id": "C1587-banahatti-bus-stand",
        "stop_name": "BANAHATTI BUS STAND",
        "city_name": "BANAHATTI",
        "city_id": 1587,
        "source": "manual"
      }
    },
    {
      "type": "Feature",
      "geometry": {
        "type": "Point",
        "coordinates": [
          76.757065,
          16.525678
        ]
      },
      "properties": {
        "stop_id": "C1499-surapura",
        "stop_name": "SURAPURA",
        "city_name": "SURAPURA",
        "city_id": 1499,
        "source": "manual"
      }
    },
    {
      "type": "Feature",
      "geometry": {
        "type": "Point",
        "coordinates": [
          74.967337,
          16.33744
        ]
      },
      "properties": {
        "stop_id": "C235-mudalagi",
        "stop_name": "MUDALAGI",
        "city_name": "MUDALAGI",
        "city_id": 235,
        "source": "manual"
      }
    },
    {
      "type": "Feature",
      "geometry": {
        "type": "Point",
        "coordinates": [
          74.820148,
          16.167524
        ]
      },
      "properties": {
        "stop_id": "C2542-gokak",
        "stop_name": "GOKAK",
        "city_name": "GOKAK",
        "city_id": 2542,
        "source": "manual"
      }
    },
    {
      "type": "Feature",
      "geometry": {
        "type": "Point",
        "coordinates": [
          75.7139,
          15.3173
        ]
      },
      "properties": {
        "stop_id": "C2498-chikkerur",
        "stop_name": "CHIKKERUR",
        "city_name": "CHIKKERUR",
        "city_id": 2498,
        "source": "default"
      }
    },
    {
      "type": "Feature",
      "geometry": {
        "type": "Point",
        "coordinates": [
          74.127977,
          14.80568
        ]
      },
      "properties": {
        "stop_id": "C2463-karwar-bus-stand",
        "stop_name": "KARWAR BUS STAND",
        "city_name": "KARWAR",
        "city_id": 2463,
        "source": "manual"
      }
    },
    {
      "type": "Feature",
      "geometry": {
        "type": "Point",
        "coordinates": [
          74.549903,
          13.994245
        ]
      },
      "properties": {
        "stop_id": "C1696-bhatkal-bus-stand",
        "stop_name": "BHATKAL BUS STAND",
        "city_name": "BHATKAL",
        "city_id": 1696,
        "source": "manual"
      }
    },
    {
      "type": "Feature",
      "geometry": {
        "type": "Point",
        "coordinates": [
          75.7139,
          15.3173
        ]
      },
      "properties": {
        "stop_id": "C338-puttur-b-s",
        "stop_name": "PUTTUR B.S",
        "city_name": "PUTTUR ANDHRA PRADESH",
        "city_id": 338,
        "source": "default"
      }
    },
    {
      "type": "Feature",
      "geometry": {
        "type": "Point",
        "coordinates": [
          79.552004,
          13.440944
        ]
      },
      "properties": {
        "stop_id": "Neslapuram-puttur-ap-eslapuram-puttur-ap",
        "stop_name": "ESLAPURAM PUTTUR AP",
        "city_name": "ESLAPURAM PUTTUR AP",
        "city_id": null,
        "source": "manual"
      }
    },
    {
      "type": "Feature",
      "geometry": {
        "type": "Point",
        "coordinates": [
          75.7139,
          15.3173
        ]
      },
      "properties": {
        "stop_id": "C3139-erode",
        "stop_name": "ERODE",
        "city_name": "ERODE IRD",
        "city_id": 3139,
        "source": "default"
      }
    },
    {
      "type": "Feature",
      "geometry": {
        "type": "Point",
        "coordinates": [
          76.627745,
          11.666287
        ]
      },
      "properties": {
        "stop_id": "C1344-bandipura-b-s",
        "stop_name": "BANDIPURA B.S.",
        "city_name": "BANDIPURA",
        "city_id": 1344,
        "source": "manual"
      }
    },
    {
      "type": "Feature",
      "geometry": {
        "type": "Point",
        "coordinates": [
          74.310195,
          15.438195
        ]
      },
      "properties": {
        "stop_id": "C963-anmod-bus-stand",
        "stop_name": "ANMOD BUS STAND",
        "city_name": "ANMOD",
        "city_id": 963,
        "source": "manual"
      }
    },
    {
      "type": "Feature",
      "geometry": {
        "type": "Point",
        "coordinates": [
          74.226889,
          15.375851
        ]
      },
      "properties": {
        "stop_id": "C76-molem-bus-stand",
        "stop_name": "MOLEM BUS STAND",
        "city_name": "MOLEM",
        "city_id": 76,
        "source": "manual"
      }
    },
    {
      "type": "Feature",
      "geometry": {
        "type": "Point",
        "coordinates": [
          75.334099,
          17.677817
        ]
      },
      "properties": {
        "stop_id": "C2936-pandharpur",
        "stop_name": "PANDHARPUR",
        "city_name": "PANDHARPUR",
        "city_id": 2936,
        "source": "manual"
      }
    },
    {
      "type": "Feature",
      "geometry": {
        "type": "Point",
        "coordinates": [
          78.161127,
          14.115638
        ]
      },
      "properties": {
        "stop_id": "C158-kadiri-bus-stand",
        "stop_name": "KADIRI BUS STAND",
        "city_name": "KADIRI",
        "city_id": 158,
        "source": "manual"
      }
    },
    {
      "type": "Feature",
      "geometry": {
        "type": "Point",
        "coordinates": [
          78.262445,
          13.658878
        ]
      },
      "properties": {
        "stop_id": "C5283-apsrtc-bus-stand-bkothakota",
        "stop_name": "APSRTC BUS STAND BKOTHAKOTA",
        "city_name": "B.KOTHAKOTA",
        "city_id": 5283,
        "source": "manual"
      }
    },
    {
      "type": "Feature",
      "geometry": {
        "type": "Point",
        "coordinates": [
          78.264885,
          13.800946
        ]
      },
      "properties": {
        "stop_id": "C5284-apsrtc-bus-stand-apsrtc-bus-stand",
        "stop_name": "APSRTC BUS STAND APSRTC BUS STAND",
        "city_name": "MULAKALACHERUVU",
        "city_id": 5284,
        "source": "manual"
      }
    },
    {
      "type": "Feature",
      "geometry": {
        "type": "Point",
        "coordinates": [
          77.811061,
          14.169067
        ]
      },
      "properties": {
        "stop_id": "C343-m-m-cross-puttaparthi-ph",
        "stop_name": "M M CROSS PUTTAPARTHI PH",
        "city_name": "PUTTAPARTHI",
        "city_id": 343,
        "source": "manual"
      }
    },
    {
      "type": "Feature",
      "geometry": {
        "type": "Point",
        "coordinates": [
          77.8132,
          14.150073
        ]
      },
      "properties": {
        "stop_id": "C343-sri-ganesh-circle-ph",
        "stop_name": "SRI GANESH CIRCLE PH",
        "city_name": "PUTTAPARTHI",
        "city_id": 343,
        "source": "manual"
      }
    },
    {
      "type": "Feature",
      "geometry": {
        "type": "Point",
        "coordinates": [
          77.776726,
          14.153416
        ]
      },
      "properties": {
        "stop_id": "C343-super-speciality-hospital-ph",
        "stop_name": "SUPER SPECIALITY HOSPITAL PH",
        "city_name": "PUTTAPARTHI",
        "city_id": 343,
        "source": "manual"
      }
    },
    {
      "type": "Feature",
      "geometry": {
        "type": "Point",
        "coordinates": [
          74.774627,
          16.492579
        ]
      },
      "properties": {
        "stop_id": "C848-raybag-bus-stand",
        "stop_name": "RAYBAG BUS STAND",
        "city_name": "RAYBAG",
        "city_id": 848,
        "source": "manual"
      }
    },
    {
      "type": "Feature",
      "geometry": {
        "type": "Point",
        "coordinates": [
          75.7139,
          15.3173
        ]
      },
      "properties": {
        "stop_id": "C2837-barsi",
        "stop_name": "BARSI",
        "city_name": "BARSI",
        "city_id": 2837,
        "source": "default"
      }
    },
    {
      "type": "Feature",
      "geometry": {
        "type": "Point",
        "coordinates": [
          78.620762,
          12.678116
        ]
      },
      "properties": {
        "stop_id": "C3284-vaniambadi-b-s",
        "stop_name": "VANIAMBADI B S",
        "city_name": "VANIAMBADI",
        "city_id": 3284,
        "source": "manual"
      }
    },
    {
      "type": "Feature",
      "geometry": {
        "type": "Point",
        "coordinates": [
          79.132522,
          12.922152
        ]
      },
      "properties": {
        "stop_id": "C3294-vellore-old-busstand",
        "stop_name": "VELLORE OLD BUSSTAND",
        "city_name": "VELLORE",
        "city_id": 3294,
        "source": "manual"
      }
    },
    {
      "type": "Feature",
      "geometry": {
        "type": "Point",
        "coordinates": [
          74.856639,
          15.817231
        ]
      },
      "properties": {
        "stop_id": "C1764-bailahongala",
        "stop_name": "BAILAHONGALA",
        "city_name": "BAILAHONGALA",
        "city_id": 1764,
        "source": "manual"
      }
    },
    {
      "type": "Feature",
      "geometry": {
        "type": "Point",
        "coordinates": [
          77.572452,
          12.9776
        ]
      },
      "properties": {
        "stop_id": "C368-majestic-bmtcbs",
        "stop_name": "MAJESTIC BMTCBS",
        "city_name": "BENGALURU",
        "city_id": 368,
        "source": "manual"
      }
    },
    {
      "type": "Feature",
      "geometry": {
        "type": "Point",
        "coordinates": [
          77.572314,
          12.977587
        ]
      },
      "properties": {
        "stop_id": "C1912-bengaluru-darshini",
        "stop_name": "BENGALURU DARSHINI",
        "city_name": "BENGALURU ROUNDS",
        "city_id": 1912,
        "source": "manual"
      }
    },
    {
      "type": "Feature",
      "geometry": {
        "type": "Point",
        "coordinates": [
          74.5733979,
          18.1478834
        ]
      },
      "properties": {
        "stop_id": "C2836-baramati-b-s",
        "stop_name": "BARAMATI B S",
        "city_name": "BARAMATI",
        "city_id": 2836,
        "source": "default"
      }
    },
    {
      "type": "Feature",
      "geometry": {
        "type": "Point",
        "coordinates": [
          75.810162,
          14.514744
        ]
      },
      "properties": {
        "stop_id": "C569-harihara-bus-stand",
        "stop_name": "HARIHARA BUS STAND",
        "city_name": "HARIHAR",
        "city_id": 569,
        "source": "manual"
      }
    },
    {
      "type": "Feature",
      "geometry": {
        "type": "Point",
        "coordinates": [
          75.985717,
          14.785701
        ]
      },
      "properties": {
        "stop_id": "C1063-harapanahalli-bus-stand",
        "stop_name": "HARAPANAHALLI BUS STAND",
        "city_name": "HARAPANAHALLI",
        "city_id": 1063,
        "source": "manual"
      }
    },
    {
      "type": "Feature",
      "geometry": {
        "type": "Point",
        "coordinates": [
          76.776164,
          17.017474
        ]
      },
      "properties": {
        "stop_id": "C1461-jewargi-bus-stand",
        "stop_name": "JEWARGI BUS STAND",
        "city_name": "JEWARGI",
        "city_id": 1461,
        "source": "manual"
      }
    },
    {
      "type": "Feature",
      "geometry": {
        "type": "Point",
        "coordinates": [
          76.202846,
          15.044447
        ]
      },
      "properties": {
        "stop_id": "C126-hagaribommanahalli-bus-stand",
        "stop_name": "HAGARIBOMMANAHALLI BUS STAND",
        "city_name": "HAGARIBOMMANAHALLI",
        "city_id": 126,
        "source": "manual"
      }
    },
    {
      "type": "Feature",
      "geometry": {
        "type": "Point",
        "coordinates": [
          76.753599,
          15.771014
        ]
      },
      "properties": {
        "stop_id": "C1365-sindhanur-bus-stand",
        "stop_name": "SINDHANUR BUS STAND",
        "city_name": "SINDHANUR",
        "city_id": 1365,
        "source": "manual"
      }
    },
    {
      "type": "Feature",
      "geometry": {
        "type": "Point",
        "coordinates": [
          74.62196,
          15.247846
        ]
      },
      "properties": {
        "stop_id": "C2630-dandeli-bus-stand",
        "stop_name": "DANDELI BUS STAND",
        "city_name": "DANDELI",
        "city_id": 2630,
        "source": "manual"
      }
    },
    {
      "type": "Feature",
      "geometry": {
        "type": "Point",
        "coordinates": [
          75.112219,
          15.773022
        ]
      },
      "properties": {
        "stop_id": "C1099-saudatti-bus-stand",
        "stop_name": "SAUDATTI BUS STAND",
        "city_name": "SAUNDATTI",
        "city_id": 1099,
        "source": "manual"
      }
    },
    {
      "type": "Feature",
      "geometry": {
        "type": "Point",
        "coordinates": [
          75.128041,
          14.771002
        ]
      },
      "properties": {
        "stop_id": "C651-hanagal-bus-stand",
        "stop_name": "HANAGAL BUS STAND",
        "city_name": "HANAGAL",
        "city_id": 651,
        "source": "manual"
      }
    },
    {
      "type": "Feature",
      "geometry": {
        "type": "Point",
        "coordinates": [
          75.020918,
          14.1692
        ]
      },
      "properties": {
        "stop_id": "C1164-sagar-bus-stand",
        "stop_name": "SAGAR BUS STAND",
        "city_name": "SAGAR",
        "city_id": 1164,
        "source": "manual"
      }
    },
    {
      "type": "Feature",
      "geometry": {
        "type": "Point",
        "coordinates": [
          75.95621,
          17.173715
        ]
      },
      "properties": {
        "stop_id": "C549-indi-bus-stand",
        "stop_name": "INDI BUS STAND",
        "city_name": "INDI",
        "city_id": 549,
        "source": "manual"
      }
    },
    {
      "type": "Feature",
      "geometry": {
        "type": "Point",
        "coordinates": [
          76.634615,
          15.53139
        ]
      },
      "properties": {
        "stop_id": "C1111-siddapura-gvt-bus-stand",
        "stop_name": "SIDDAPURA(GVT) BUS STAND",
        "city_name": "SIDDAPURA GVT",
        "city_id": 1111,
        "source": "manual"
      }
    },
    {
      "type": "Feature",
      "geometry": {
        "type": "Point",
        "coordinates": [
          75.736028,
          15.701659
        ]
      },
      "properties": {
        "stop_id": "C951-ron-bus-stand",
        "stop_name": "RON BUS STAND",
        "city_name": "RON",
        "city_id": 951,
        "source": "manual"
      }
    },
    {
      "type": "Feature",
      "geometry": {
        "type": "Point",
        "coordinates": [
          74.713262,
          14.964337
        ]
      },
      "properties": {
        "stop_id": "C2437-yellapura-bus-stand",
        "stop_name": "YELLAPURA BUS STAND",
        "city_name": "YELLAPUR",
        "city_id": 2437,
        "source": "manual"
      }
    },
    {
      "type": "Feature",
      "geometry": {
        "type": "Point",
        "coordinates": [
          75.329413,
          12.995605
        ]
      },
      "properties": {
        "stop_id": "C2106-ujire-bus-stand",
        "stop_name": "UJIRE BUS STAND",
        "city_name": "UJIRE",
        "city_id": 2106,
        "source": "manual"
      }
    },
    {
      "type": "Feature",
      "geometry": {
        "type": "Point",
        "coordinates": [
          77.79754,
          13.244874
        ]
      },
      "properties": {
        "stop_id": "C2723-channarayapatna-bus-stand",
        "stop_name": "CHANNARAYAPATNA BUS STAND",
        "city_name": "CHANNARAYAPATNA",
        "city_id": 2723,
        "source": "manual"
      }
    },
    {
      "type": "Feature",
      "geometry": {
        "type": "Point",
        "coordinates": [
          75.385549,
          15.718827
        ]
      },
      "properties": {
        "stop_id": "C530-naragund-bus-stand",
        "stop_name": "NARAGUND BUS STAND",
        "city_name": "NARAGUND",
        "city_id": 530,
        "source": "manual"
      }
    },
    {
      "type": "Feature",
      "geometry": {
        "type": "Point",
        "coordinates": [
          75.353945,
          15.555295
        ]
      },
      "properties": {
        "stop_id": "C565-navalgund-bus-stand",
        "stop_name": "NAVALGUND BUS STAND",
        "city_name": "NAVALGUND",
        "city_id": 565,
        "source": "manual"
      }
    },
    {
      "type": "Feature",
      "geometry": {
        "type": "Point",
        "coordinates": [
          75.762317,
          15.116923
        ]
      },
      "properties": {
        "stop_id": "C1483-bagewadi-bs",
        "stop_name": "BAGEWADI BS",
        "city_name": "BAGEWADI",
        "city_id": 1483,
        "source": "manual"
      }
    },
    {
      "type": "Feature",
      "geometry": {
        "type": "Point",
        "coordinates": [
          76.757287,
          12.819343
        ]
      },
      "properties": {
        "stop_id": "C404-nagamangala-bus-stand",
        "stop_name": "NAGAMANGALA BUS STAND",
        "city_name": "NAGMANGALA",
        "city_id": 404,
        "source": "manual"
      }
    },
    {
      "type": "Feature",
      "geometry": {
        "type": "Point",
        "coordinates": [
          76.474883,
          13.2613
        ]
      },
      "properties": {
        "stop_id": "C1911-tiptur-bus-stand",
        "stop_name": "TIPTUR BUS STAND",
        "city_name": "TIPTUR",
        "city_id": 1911,
        "source": "manual"
      }
    },
    {
      "type": "Feature",
      "geometry": {
        "type": "Point",
        "coordinates": [
          75.926078,
          12.184471
        ]
      },
      "properties": {
        "stop_id": "C3110-gonikoppalu-bus-stand",
        "stop_name": "GONIKOPPALU BUS STAND",
        "city_name": "GONIKOPPALU",
        "city_id": 3110,
        "source": "manual"
      }
    },
    {
      "type": "Feature",
      "geometry": {
        "type": "Point",
        "coordinates": [
          76.658839,
          15.605903
        ]
      },
      "properties": {
        "stop_id": "C280-karatagi-bus-stand",
        "stop_name": "KARATAGI BUS STAND",
        "city_name": "KARATAGI",
        "city_id": 280,
        "source": "manual"
      }
    },
    {
      "type": "Feature",
      "geometry": {
        "type": "Point",
        "coordinates": [
          76.604286,
          15.405824
        ]
      },
      "properties": {
        "stop_id": "C1988-kampli-bus-stand",
        "stop_name": "KAMPLI BUS STAND",
        "city_name": "KAMPLI",
        "city_id": 1988,
        "source": "manual"
      }
    },
    {
      "type": "Feature",
      "geometry": {
        "type": "Point",
        "coordinates": [
          77.377968,
          15.163043
        ]
      },
      "properties": {
        "stop_id": "C82-gunthakal-bus-stand",
        "stop_name": "GUNTHAKAL BUS STAND",
        "city_name": "GUNTHAKAL",
        "city_id": 82,
        "source": "manual"
      }
    },
    {
      "type": "Feature",
      "geometry": {
        "type": "Point",
        "coordinates": [
          75.804643,
          12.196894
        ]
      },
      "properties": {
        "stop_id": "C2276-virajpete-bus-stand",
        "stop_name": "VIRAJPETE BUS STAND",
        "city_name": "VIRAJPET",
        "city_id": 2276,
        "source": "manual"
      }
    },
    {
      "type": "Feature",
      "geometry": {
        "type": "Point",
        "coordinates": [
          76.594639,
          15.061462
        ]
      },
      "properties": {
        "stop_id": "C2997-donimalai-bus-stand",
        "stop_name": "DONIMALAI BUS STAND",
        "city_name": "DONIMALAI",
        "city_id": 2997,
        "source": "manual"
      }
    },
    {
      "type": "Feature",
      "geometry": {
        "type": "Point",
        "coordinates": [
          76.832861,
          17.331624
        ]
      },
      "properties": {
        "stop_id": "C398-vrushabh-booking-point",
        "stop_name": "VRUSHABH BOOKING POINT",
        "city_name": "KALABURAGI",
        "city_id": 398,
        "source": "manual"
      }
    },
    {
      "type": "Feature",
      "geometry": {
        "type": "Point",
        "coordinates": [
          73.288799,
          16.991629
        ]
      },
      "properties": {
        "stop_id": "C987-rathanagiri-bus-stand",
        "stop_name": "RATHANAGIRI BUS STAND",
        "city_name": "RATHANAGIRI",
        "city_id": 987,
        "source": "manual"
      }
    },
    {
      "type": "Feature",
      "geometry": {
        "type": "Point",
        "coordinates": [
          78.94452,
          13.654592
        ]
      },
      "properties": {
        "stop_id": "C712-pileru",
        "stop_name": "PILERU",
        "city_name": "PILERU",
        "city_id": 712,
        "source": "manual"
      }
    },
    {
      "type": "Feature",
      "geometry": {
        "type": "Point",
        "coordinates": [
          76.022648,
          12.560584
        ]
      },
      "properties": {
        "stop_id": "C2040-kongale-bus-satnd",
        "stop_name": "KONGALE BUS SATND",
        "city_name": "KONGALE",
        "city_id": 2040,
        "source": "manual"
      }
    },
    {
      "type": "Feature",
      "geometry": {
        "type": "Point",
        "coordinates": [
          75.358465,
          13.23232
        ]
      },
      "properties": {
        "stop_id": "C1939-kalasa-bus-stand",
        "stop_name": "KALASA BUS STAND",
        "city_name": "KALASA",
        "city_id": 1939,
        "source": "manual"
      }
    },
    {
      "type": "Feature",
      "geometry": {
        "type": "Point",
        "coordinates": [
          75.525094,
          13.121079
        ]
      },
      "properties": {
        "stop_id": "C2337-kottigehara-bus-stand",
        "stop_name": "KOTTIGEHARA BUS STAND",
        "city_name": "KOTTIGEHAR",
        "city_id": 2337,
        "source": "manual"
      }
    },
    {
      "type": "Feature",
      "geometry": {
        "type": "Point",
        "coordinates": [
          78.027922,
          15.824067
        ]
      },
      "properties": {
        "stop_id": "C189-kurnool",
        "stop_name": "KURNOOL",
        "city_name": "KURNOOL",
        "city_id": 189,
        "source": "manual"
      }
    },
    {
      "type": "Feature",
      "geometry": {
        "type": "Point",
        "coordinates": [
          77.224129,
          15.399277
        ]
      },
      "properties": {
        "stop_id": "C904-alur",
        "stop_name": "ALUR",
        "city_name": "ALUR",
        "city_id": 904,
        "source": "manual"
      }
    },
    {
      "type": "Feature",
      "geometry": {
        "type": "Point",
        "coordinates": [
          75.819145,
          13.708062
        ]
      },
      "properties": {
        "stop_id": "C1917-tarikere-bus-stand",
        "stop_name": "TARIKERE BUS STAND",
        "city_name": "TARIKERE",
        "city_id": 1917,
        "source": "manual"
      }
    },
    {
      "type": "Feature",
      "geometry": {
        "type": "Point",
        "coordinates": [
          75.974618,
          13.596394
        ]
      },
      "properties": {
        "stop_id": "C2016-birur-bus-stand",
        "stop_name": "BIRUR BUS STAND",
        "city_name": "BIRUR",
        "city_id": 2016,
        "source": "manual"
      }
    },
    {
      "type": "Feature",
      "geometry": {
        "type": "Point",
        "coordinates": [
          77.622075,
          17.110413
        ]
      },
      "properties": {
        "stop_id": "C154-kodangal-b-s",
        "stop_name": "KODANGAL B.S.",
        "city_name": "KODANGAL",
        "city_id": 154,
        "source": "manual"
      }
    },
    {
      "type": "Feature",
      "geometry": {
        "type": "Point",
        "coordinates": [
          77.277737,
          17.177123
        ]
      },
      "properties": {
        "stop_id": "C1123-sedam-bus-station",
        "stop_name": "SEDAM BUS STATION",
        "city_name": "SEDAM",
        "city_id": 1123,
        "source": "manual"
      }
    },
    {
      "type": "Feature",
      "geometry": {
        "type": "Point",
        "coordinates": [
          75.713705,
          14.841642
        ]
      },
      "properties": {
        "stop_id": "C820-holalu-bus-stand",
        "stop_name": "HOLALU BUS STAND",
        "city_name": "HOLALU",
        "city_id": 820,
        "source": "manual"
      }
    },
    {
      "type": "Feature",
      "geometry": {
        "type": "Point",
        "coordinates": [
          74.563191,
          16.852838
        ]
      },
      "properties": {
        "stop_id": "C1312-sangli",
        "stop_name": "SANGLI",
        "city_name": "SANGLI",
        "city_id": 1312,
        "source": "manual"
      }
    },
    {
      "type": "Feature",
      "geometry": {
        "type": "Point",
        "coordinates": [
          74.642434,
          16.819217
        ]
      },
      "properties": {
        "stop_id": "C2896-miraj",
        "stop_name": "MIRAJ",
        "city_name": "MIRAJ",
        "city_id": 2896,
        "source": "manual"
      }
    },
    {
      "type": "Feature",
      "geometry": {
        "type": "Point",
        "coordinates": [
          75.111642,
          16.477064
        ]
      },
      "properties": {
        "stop_id": "C851-rabakavi",
        "stop_name": "RABAKAVI",
        "city_name": "RABAKAVI",
        "city_id": 851,
        "source": "manual"
      }
    },
    {
      "type": "Feature",
      "geometry": {
        "type": "Point",
        "coordinates": [
          75.048801,
          16.495832
        ]
      },
      "properties": {
        "stop_id": "C1916-teradal-bus-satnd",
        "stop_name": "TERADAL BUS SATND",
        "city_name": "TERADAL",
        "city_id": 1916,
        "source": "manual"
      }
    },
    {
      "type": "Feature",
      "geometry": {
        "type": "Point",
        "coordinates": [
          76.56407,
          17.563482
        ]
      },
      "properties": {
        "stop_id": "C892-aland-bus-stand",
        "stop_name": "ALAND BUS STAND",
        "city_name": "ALAND",
        "city_id": 892,
        "source": "manual"
      }
    },
    {
      "type": "Feature",
      "geometry": {
        "type": "Point",
        "coordinates": [
          76.663165,
          15.202656
        ]
      },
      "properties": {
        "stop_id": "C1888-torangallu-station",
        "stop_name": "TORANGALLU STATION",
        "city_name": "TORANGALLU",
        "city_id": 1888,
        "source": "manual"
      }
    },
    {
      "type": "Feature",
      "geometry": {
        "type": "Point",
        "coordinates": [
          76.082995,
          11.613475
        ]
      },
      "properties": {
        "stop_id": "C2652-kalpetta",
        "stop_name": "KALPETTA",
        "city_name": "KALPETTA",
        "city_id": 2652,
        "source": "manual"
      }
    },
    {
      "type": "Feature",
      "geometry": {
        "type": "Point",
        "coordinates": [
          76.203716,
          17.526318
        ]
      },
      "properties": {
        "stop_id": "C830-akkalkot-b-s",
        "stop_name": "AKKALKOT B.S",
        "city_name": "AKKALKOT",
        "city_id": 830,
        "source": "manual"
      }
    },
    {
      "type": "Feature",
      "geometry": {
        "type": "Point",
        "coordinates": [
          78.357381,
          12.543116
        ]
      },
      "properties": {
        "stop_id": "C3068-bargur-bus-stand",
        "stop_name": "BARGUR BUS STAND",
        "city_name": "BARGUR",
        "city_id": 3068,
        "source": "manual"
      }
    },
    {
      "type": "Feature",
      "geometry": {
        "type": "Point",
        "coordinates": [
          76.014909,
          15.614086
        ]
      },
      "properties": {
        "stop_id": "C2417-yelburga-bus-stand",
        "stop_name": "YELBURGA BUS STAND",
        "city_name": "YELBURGA",
        "city_id": 2417,
        "source": "manual"
      }
    },
    {
      "type": "Feature",
      "geometry": {
        "type": "Point",
        "coordinates": [
          78.128657,
          13.137133
        ]
      },
      "properties": {
        "stop_id": "C581-kolar-bus-stand",
        "stop_name": "KOLAR BUS STAND",
        "city_name": "KOLAR",
        "city_id": 581,
        "source": "manual"
      }
    },
    {
      "type": "Feature",
      "geometry": {
        "type": "Point",
        "coordinates": [
          78.271477,
          12.950613
        ]
      },
      "properties": {
        "stop_id": "C1662-kolar-gold-field-bus-stand",
        "stop_name": "KOLAR GOLD FIELD BUS STAND",
        "city_name": "KOLAR GOLD FIELD",
        "city_id": 1662,
        "source": "manual"
      }
    },
    {
      "type": "Feature",
      "geometry": {
        "type": "Point",
        "coordinates": [
          75.028408,
          18.116893
        ]
      },
      "properties": {
        "stop_id": "C2854-indapur",
        "stop_name": "INDAPUR",
        "city_name": "INDAPUR",
        "city_id": 2854,
        "source": "manual"
      }
    },
    {
      "type": "Feature",
      "geometry": {
        "type": "Point",
        "coordinates": [
          74.260356,
          17.046181
        ]
      },
      "properties": {
        "stop_id": "C2856-islampur-bus-stand",
        "stop_name": "ISLAMPUR BUS STAND",
        "city_name": "ISLAMPUR",
        "city_id": 2856,
        "source": "manual"
      }
    },
    {
      "type": "Feature",
      "geometry": {
        "type": "Point",
        "coordinates": [
          77.204198,
          12.652913
        ]
      },
      "properties": {
        "stop_id": "C2703-channapatna-bus-stand",
        "stop_name": "CHANNAPATNA BUS STAND",
        "city_name": "CHANNAPATNA",
        "city_id": 2703,
        "source": "manual"
      }
    },
    {
      "type": "Feature",
      "geometry": {
        "type": "Point",
        "coordinates": [
          75.935721,
          16.355328
        ]
      },
      "properties": {
        "stop_id": "C344-nidagundi-bus-stand",
        "stop_name": "NIDAGUNDI BUS STAND",
        "city_name": "NIDAGUNDI",
        "city_id": 344,
        "source": "manual"
      }
    },
    {
      "type": "Feature",
      "geometry": {
        "type": "Point",
        "coordinates": [
          76.183964,
          14.042338
        ]
      },
      "properties": {
        "stop_id": "C920-holalkere",
        "stop_name": "HOLALKERE",
        "city_name": "HOLALKERE",
        "city_id": 920,
        "source": "manual"
      }
    },
    {
      "type": "Feature",
      "geometry": {
        "type": "Point",
        "coordinates": [
          76.541141,
          15.078896
        ]
      },
      "properties": {
        "stop_id": "C1101-sandur",
        "stop_name": "SANDUR",
        "city_name": "SANDUR",
        "city_id": 1101,
        "source": "manual"
      }
    },
    {
      "type": "Feature",
      "geometry": {
        "type": "Point",
        "coordinates": [
          76.623466,
          15.174801
        ]
      },
      "properties": {
        "stop_id": "C2218-vidyanagar-jindal",
        "stop_name": "VIDYANAGAR JINDAL",
        "city_name": "VIDYANAGAR JINDAL",
        "city_id": 2218,
        "source": "manual"
      }
    },
    {
      "type": "Feature",
      "geometry": {
        "type": "Point",
        "coordinates": [
          76.758433,
          15.19691
        ]
      },
      "properties": {
        "stop_id": "C2045-kudthini",
        "stop_name": "KUDTHINI",
        "city_name": "KUDTHINI",
        "city_id": 2045,
        "source": "manual"
      }
    },
    {
      "type": "Feature",
      "geometry": {
        "type": "Point",
        "coordinates": [
          77.102546,
          13.341113
        ]
      },
      "properties": {
        "stop_id": "C607-tumakuru",
        "stop_name": "TUMAKURU",
        "city_name": "TUMAKURU",
        "city_id": 607,
        "source": "manual"
      }
    },
    {
      "type": "Feature",
      "geometry": {
        "type": "Point",
        "coordinates": [
          75.305506,
          14.524026
        ]
      },
      "properties": {
        "stop_id": "C2498-chikkerur-bus-stand",
        "stop_name": "CHIKKERUR BUS STAND",
        "city_name": "CHIKKERUR",
        "city_id": 2498,
        "source": "manual"
      }
    },
    {
      "type": "Feature",
      "geometry": {
        "type": "Point",
        "coordinates": [
          77.029384,
          13.025178
        ]
      },
      "properties": {
        "stop_id": "C552-kunigal-bus-stand",
        "stop_name": "KUNIGAL BUS STAND",
        "city_name": "KUNIGAL",
        "city_id": 552,
        "source": "manual"
      }
    },
    {
      "type": "Feature",
      "geometry": {
        "type": "Point",
        "coordinates": [
          77.12883,
          13.33642
        ]
      },
      "properties": {
        "stop_id": "C607-tumakuru-bypass-near-batawadi",
        "stop_name": "TUMAKURU BYPASS NEAR BATAWADI",
        "city_name": "TUMAKURU",
        "city_id": 607,
        "source": "manual"
      }
    },
    {
      "type": "Feature",
      "geometry": {
        "type": "Point",
        "coordinates": [
          74.780377,
          15.594632
        ]
      },
      "properties": {
        "stop_id": "C1796-kittur-bus-satnd",
        "stop_name": "KITTUR BUS SATND",
        "city_name": "KITTUR",
        "city_id": 1796,
        "source": "manual"
      }
    },
    {
      "type": "Feature",
      "geometry": {
        "type": "Point",
        "coordinates": [
          76.657434,
          16.367745
        ]
      },
      "properties": {
        "stop_id": "C1957-thinthin-bridge",
        "stop_name": "THINTHIN BRIDGE",
        "city_name": "THINTHIN BRIDGE",
        "city_id": 1957,
        "source": "manual"
      }
    },
    {
      "type": "Feature",
      "geometry": {
        "type": "Point",
        "coordinates": [
          77.665904,
          16.015182
        ]
      },
      "properties": {
        "stop_id": "C134-aiza-bus-stand",
        "stop_name": "AIZA BUS STAND",
        "city_name": "AIZA",
        "city_id": 134,
        "source": "manual"
      }
    },
    {
      "type": "Feature",
      "geometry": {
        "type": "Point",
        "coordinates": [
          77.84497,
          15.9504
        ]
      },
      "properties": {
        "stop_id": "C367-shanti-nagar-bus-stand",
        "stop_name": "SHANTI NAGAR BUS STAND",
        "city_name": "SHANTINAGAR (TELANGANA",
        "city_id": 367,
        "source": "manual"
      }
    },
    {
      "type": "Feature",
      "geometry": {
        "type": "Point",
        "coordinates": [
          75.975343,
          16.572733
        ]
      },
      "properties": {
        "stop_id": "C1280-basavana-bagewadi-bus-stand",
        "stop_name": "BASAVANA BAGEWADI BUS STAND",
        "city_name": "BASAVANA BAGEWADI",
        "city_id": 1280,
        "source": "manual"
      }
    },
    {
      "type": "Feature",
      "geometry": {
        "type": "Point",
        "coordinates": [
          78.16808,
          11.220002
        ]
      },
      "properties": {
        "stop_id": "C3245-namakkal",
        "stop_name": "NAMAKKAL",
        "city_name": "NAMAKKAL",
        "city_id": 3245,
        "source": "manual"
      }
    },
    {
      "type": "Feature",
      "geometry": {
        "type": "Point",
        "coordinates": [
          75.281147,
          12.989922
        ]
      },
      "properties": {
        "stop_id": "C3091-belthangadi-bus-stand",
        "stop_name": "BELTHANGADI BUS STAND",
        "city_name": "DHARMASTALA",
        "city_id": 3091,
        "source": "manual"
      }
    },
    {
      "type": "Feature",
      "geometry": {
        "type": "Point",
        "coordinates": [
          76.149015,
          15.351863
        ]
      },
      "properties": {
        "stop_id": "C583-koppal",
        "stop_name": "KOPPAL",
        "city_name": "KOPPAL",
        "city_id": 583,
        "source": "manual"
      }
    },
    {
      "type": "Feature",
      "geometry": {
        "type": "Point",
        "coordinates": [
          76.818569,
          8.69411
        ]
      },
      "properties": {
        "stop_id": "C2568-aatingal",
        "stop_name": "AATINGAL",
        "city_name": "AATINGAL",
        "city_id": 2568,
        "source": "manual"
      }
    },
    {
      "type": "Feature",
      "geometry": {
        "type": "Point",
        "coordinates": [
          76.346907,
          9.500296
        ]
      },
      "properties": {
        "stop_id": "C2573-alleppy-ksrtc-bus-stand",
        "stop_name": "ALLEPPY KSRTC BUS STAND",
        "city_name": "ALAPPUZHA",
        "city_id": 2573,
        "source": "manual"
      }
    },
    {
      "type": "Feature",
      "geometry": {
        "type": "Point",
        "coordinates": [
          76.535698,
          9.051684
        ]
      },
      "properties": {
        "stop_id": "C2653-karunagapalli-opp-ksrtc-busstand",
        "stop_name": "KARUNAGAPALLI OPP KSRTC BUSSTAND",
        "city_name": "KARUNAGAPALLI",
        "city_id": 2653,
        "source": "manual"
      }
    },
    {
      "type": "Feature",
      "geometry": {
        "type": "Point",
        "coordinates": [
          76.497927,
          9.172311
        ]
      },
      "properties": {
        "stop_id": "C2664-kayamkulam",
        "stop_name": "KAYAMKULAM",
        "city_name": "KAYAMKULAM",
        "city_id": 2664,
        "source": "manual"
      }
    },
    {
      "type": "Feature",
      "geometry": {
        "type": "Point",
        "coordinates": [
          76.585294,
          8.891338
        ]
      },
      "properties": {
        "stop_id": "C2748-kollam",
        "stop_name": "KOLLAM",
        "city_name": "KOLLAM",
        "city_id": 2748,
        "source": "manual"
      }
    },
    {
      "type": "Feature",
      "geometry": {
        "type": "Point",
        "coordinates": [
          76.95191,
          8.488028
        ]
      },
      "properties": {
        "stop_id": "C2777-trivandrum-ksrtc-bus-stand",
        "stop_name": "TRIVANDRUM KSRTC BUS STAND",
        "city_name": "THIRUVANANTHAPURAM",
        "city_id": 2777,
        "source": "manual"
      }
    },
    {
      "type": "Feature",
      "geometry": {
        "type": "Point",
        "coordinates": [
          75.344403,
          13.275971
        ]
      },
      "properties": {
        "stop_id": "C93-horanadu",
        "stop_name": "HORANADU",
        "city_name": "HORANADU",
        "city_id": 93,
        "source": "manual"
      }
    },
    {
      "type": "Feature",
      "geometry": {
        "type": "Point",
        "coordinates": [
          74.860504,
          13.60552
        ]
      },
      "properties": {
        "stop_id": "C2336-shankarnarayana",
        "stop_name": "SHANKARNARAYANA",
        "city_name": "KUNDAPURA",
        "city_id": 2336,
        "source": "manual"
      }
    },
    {
      "type": "Feature",
      "geometry": {
        "type": "Point",
        "coordinates": [
          74.961398,
          13.700106
        ]
      },
      "properties": {
        "stop_id": "C1194-hosangadi",
        "stop_name": "HOSANGADI",
        "city_name": "HOSANGADI",
        "city_id": 1194,
        "source": "manual"
      }
    },
    {
      "type": "Feature",
      "geometry": {
        "type": "Point",
        "coordinates": [
          75.027594,
          13.737389
        ]
      },
      "properties": {
        "stop_id": "C163-masthikatte",
        "stop_name": "MASTHIKATTE",
        "city_name": "MASTHIKATTE",
        "city_id": 163,
        "source": "manual"
      }
    },
    {
      "type": "Feature",
      "geometry": {
        "type": "Point",
        "coordinates": [
          75.890032,
          14.653839
        ]
      },
      "properties": {
        "stop_id": "C1783-telagi",
        "stop_name": "TELAGI",
        "city_name": "TELAGI",
        "city_id": 1783,
        "source": "manual"
      }
    },
    {
      "type": "Feature",
      "geometry": {
        "type": "Point",
        "coordinates": [
          77.979761,
          10.360966
        ]
      },
      "properties": {
        "stop_id": "C3109-dindigal",
        "stop_name": "DINDIGAL",
        "city_name": "DINDIGAL",
        "city_id": 3109,
        "source": "manual"
      }
    },
    {
      "type": "Feature",
      "geometry": {
        "type": "Point",
        "coordinates": [
          80.050384,
          16.227562
        ]
      },
      "properties": {
        "stop_id": "C295-narasaraopet-bs",
        "stop_name": "NARASARAOPET BS",
        "city_name": "NARASARAOPET",
        "city_id": 295,
        "source": "manual"
      }
    },
    {
      "type": "Feature",
      "geometry": {
        "type": "Point",
        "coordinates": [
          76.204904,
          13.087655
        ]
      },
      "properties": {
        "stop_id": "C2825-dudda",
        "stop_name": "DUDDA",
        "city_name": "DUDDA",
        "city_id": 2825,
        "source": "manual"
      }
    },
    {
      "type": "Feature",
      "geometry": {
        "type": "Point",
        "coordinates": [
          74.248126,
          16.706727
        ]
      },
      "properties": {
        "stop_id": "C2870-kavalanaka",
        "stop_name": "KAVALANAKA",
        "city_name": "KOLHAPUR",
        "city_id": 2870,
        "source": "manual"
      }
    },
    {
      "type": "Feature",
      "geometry": {
        "type": "Point",
        "coordinates": [
          74.242739,
          16.70377
        ]
      },
      "properties": {
        "stop_id": "C2870-usha-travels-near-s-t-stand",
        "stop_name": "USHA TRAVELS NEAR S.T.STAND.",
        "city_name": "KOLHAPUR",
        "city_id": 2870,
        "source": "manual"
      }
    },
    {
      "type": "Feature",
      "geometry": {
        "type": "Point",
        "coordinates": [
          74.318292,
          16.541356
        ]
      },
      "properties": {
        "stop_id": "C2870-kognoli-toll-plaza",
        "stop_name": "KOGNOLI TOLL PLAZA",
        "city_name": "KOLHAPUR",
        "city_id": 2870,
        "source": "manual"
      }
    },
    {
      "type": "Feature",
      "geometry": {
        "type": "Point",
        "coordinates": [
          77.602252,
          12.937234
        ]
      },
      "properties": {
        "stop_id": "C368-kmf-dairy-ghousia",
        "stop_name": "KMF DAIRY GHOUSIA",
        "city_name": "BENGALURU",
        "city_id": 368,
        "source": "manual"
      }
    },
    {
      "type": "Feature",
      "geometry": {
        "type": "Point",
        "coordinates": [
          78.293073,
          17.493405
        ]
      },
      "properties": {
        "stop_id": "C21-bhel",
        "stop_name": "BHEL",
        "city_name": "BHEL",
        "city_id": 21,
        "source": "manual"
      }
    },
    {
      "type": "Feature",
      "geometry": {
        "type": "Point",
        "coordinates": [
          77.95465,
          17.6158
        ]
      },
      "properties": {
        "stop_id": "C384-sadashivpet",
        "stop_name": "SADASHIVPET",
        "city_name": "SADASHIVPET",
        "city_id": 384,
        "source": "manual"
      }
    },
    {
      "type": "Feature",
      "geometry": {
        "type": "Point",
        "coordinates": [
          77.507387,
          17.921688
        ]
      },
      "properties": {
        "stop_id": "C423-bidar",
        "stop_name": "BIDAR",
        "city_name": "BIDAR",
        "city_id": 423,
        "source": "manual"
      }
    },
    {
      "type": "Feature",
      "geometry": {
        "type": "Point",
        "coordinates": [
          77.614184,
          17.68139
        ]
      },
      "properties": {
        "stop_id": "C401-zaheerabad",
        "stop_name": "ZAHEERABAD",
        "city_name": "ZAHEERABAD",
        "city_id": 401,
        "source": "manual"
      }
    },
    {
      "type": "Feature",
      "geometry": {
        "type": "Point",
        "coordinates": [
          78.081978,
          17.615231
        ]
      },
      "properties": {
        "stop_id": "C365-sanga-reddy",
        "stop_name": "SANGA REDDY",
        "city_name": "SANGA REDDY",
        "city_id": 365,
        "source": "manual"
      }
    },
    {
      "type": "Feature",
      "geometry": {
        "type": "Point",
        "coordinates": [
          75.933513,
          15.01758
        ]
      },
      "properties": {
        "stop_id": "C176-huvina-hadagali-bus-stand",
        "stop_name": "HUVINA HADAGALI BUS STAND",
        "city_name": "HUVINA HADAGALI",
        "city_id": 176,
        "source": "manual"
      }
    },
    {
      "type": "Feature",
      "geometry": {
        "type": "Point",
        "coordinates": [
          75.250687,
          14.774735
        ]
      },
      "properties": {
        "stop_id": "C1159-adur-bus-stand",
        "stop_name": "ADUR BUS STAND",
        "city_name": "ADUR",
        "city_id": 1159,
        "source": "manual"
      }
    },
    {
      "type": "Feature",
      "geometry": {
        "type": "Point",
        "coordinates": [
          75.39336,
          14.45557
        ]
      },
      "properties": {
        "stop_id": "C749-hirekerur-bus-stand",
        "stop_name": "HIREKERUR BUS STAND",
        "city_name": "HIREKERUR",
        "city_id": 749,
        "source": "manual"
      }
    },
    {
      "type": "Feature",
      "geometry": {
        "type": "Point",
        "coordinates": [
          72.98737,
          19.19619
        ]
      },
      "properties": {
        "stop_id": "C3007-kalwa-naka",
        "stop_name": "KALWA NAKA",
        "city_name": "THANE",
        "city_id": 3007,
        "source": "manual"
      }
    },
    {
      "type": "Feature",
      "geometry": {
        "type": "Point",
        "coordinates": [
          74.610347,
          15.868057
        ]
      },
      "properties": {
        "stop_id": "C450-sambra-bus-stop",
        "stop_name": "SAMBRA BUS STOP",
        "city_name": "BELAGAVI",
        "city_id": 450,
        "source": "manual"
      }
    },
    {
      "type": "Feature",
      "geometry": {
        "type": "Point",
        "coordinates": [
          76.072673,
          18.008315
        ]
      },
      "properties": {
        "stop_id": "C2993-tulajapura-bus-stand",
        "stop_name": "TULAJAPURA BUS STAND",
        "city_name": "TULAJAPUR",
        "city_id": 2993,
        "source": "manual"
      }
    },
    {
      "type": "Feature",
      "geometry": {
        "type": "Point",
        "coordinates": [
          74.765096,
          15.33237
        ]
      },
      "properties": {
        "stop_id": "C817-haliyal-bus-stand",
        "stop_name": "HALIYAL BUS STAND",
        "city_name": "HALIYAL",
        "city_id": 817,
        "source": "manual"
      }
    },
    {
      "type": "Feature",
      "geometry": {
        "type": "Point",
        "coordinates": [
          76.485271,
          12.858754
        ]
      },
      "properties": {
        "stop_id": "C1038-shravanabelagola-bus-stand",
        "stop_name": "SHRAVANABELAGOLA BUS STAND",
        "city_name": "SHRAVANABELAGOLA",
        "city_id": 1038,
        "source": "manual"
      }
    },
    {
      "type": "Feature",
      "geometry": {
        "type": "Point",
        "coordinates": [
          78.056144,
          13.400272
        ]
      },
      "properties": {
        "stop_id": "C2351-chintamani-bus-stand",
        "stop_name": "CHINTAMANI BUS STAND",
        "city_name": "CHINTAMANI",
        "city_id": 2351,
        "source": "manual"
      }
    },
    {
      "type": "Feature",
      "geometry": {
        "type": "Point",
        "coordinates": [
          75.885642,
          15.207149
        ]
      },
      "properties": {
        "stop_id": "C116-mundaragi-bus-stand",
        "stop_name": "MUNDARAGI BUS STAND",
        "city_name": "MUNDARAGI",
        "city_id": 116,
        "source": "manual"
      }
    },
    {
      "type": "Feature",
      "geometry": {
        "type": "Point",
        "coordinates": [
          77.592757,
          13.049531
        ]
      },
      "properties": {
        "stop_id": "C368-esteem-mall-ynk-road",
        "stop_name": "ESTEEM MALL YNK ROAD",
        "city_name": "BENGALURU",
        "city_id": 368,
        "source": "manual"
      }
    },
    {
      "type": "Feature",
      "geometry": {
        "type": "Point",
        "coordinates": [
          74.656218,
          14.247808
        ]
      },
      "properties": {
        "stop_id": "C2921-gerusoppa-bus-stand",
        "stop_name": "GERUSOPPA BUS STAND",
        "city_name": "GERUSOPPA",
        "city_id": 2921,
        "source": "manual"
      }
    },
    {
      "type": "Feature",
      "geometry": {
        "type": "Point",
        "coordinates": [
          76.665767,
          13.162668
        ]
      },
      "properties": {
        "stop_id": "C2017-turuvekere-bus-stand",
        "stop_name": "TURUVEKERE BUS STAND",
        "city_name": "TURUVEKERE",
        "city_id": 2017,
        "source": "manual"
      }
    },
    {
      "type": "Feature",
      "geometry": {
        "type": "Point",
        "coordinates": [
          77.60063,
          13.104378
        ]
      },
      "properties": {
        "stop_id": "C368-kogilu-cross",
        "stop_name": "KOGILU CROSS",
        "city_name": "BENGALURU",
        "city_id": 368,
        "source": "manual"
      }
    },
    {
      "type": "Feature",
      "geometry": {
        "type": "Point",
        "coordinates": [
          77.557413,
          12.92894
        ]
      },
      "properties": {
        "stop_id": "C2544-vivekananda-nagar-12b-busstation",
        "stop_name": "VIVEKANANDA NAGAR 12B BUSSTATION",
        "city_name": "CHIKKALSANDRA BENGALURU",
        "city_id": 2544,
        "source": "manual"
      }
    },
    {
      "type": "Feature",
      "geometry": {
        "type": "Point",
        "coordinates": [
          76.7116,
          14.598993
        ]
      },
      "properties": {
        "stop_id": "C1567-kondahally-bus-stand",
        "stop_name": "KONDAHALLY BUS STAND",
        "city_name": "KONDALHALLY",
        "city_id": 1567,
        "source": "manual"
      }
    },
    {
      "type": "Feature",
      "geometry": {
        "type": "Point",
        "coordinates": [
          74.836577,
          13.898666
        ]
      },
      "properties": {
        "stop_id": "C275-kapaduru-bus-stand",
        "stop_name": "KAPADURU BUS STAND",
        "city_name": "KAPADURU",
        "city_id": 275,
        "source": "manual"
      }
    },
    {
      "type": "Feature",
      "geometry": {
        "type": "Point",
        "coordinates": [
          75.31551,
          13.598213
        ]
      },
      "properties": {
        "stop_id": "C2410-kuppalli-bus-stand",
        "stop_name": "KUPPALLI BUS STAND",
        "city_name": "KUPPALLI",
        "city_id": 2410,
        "source": "manual"
      }
    },
    {
      "type": "Feature",
      "geometry": {
        "type": "Point",
        "coordinates": [
          78.465046,
          17.403859
        ]
      },
      "properties": {
        "stop_id": "C107-lakdikapul-metro-station-pillar-a1220",
        "stop_name": "LAKDIKAPUL METRO STATION PILLAR A1220",
        "city_name": "HITECH CITY HYDERABAD",
        "city_id": 107,
        "source": "manual"
      }
    },
    {
      "type": "Feature",
      "geometry": {
        "type": "Point",
        "coordinates": [
          77.131966,
          13.327939
        ]
      },
      "properties": {
        "stop_id": "C607-tumakuru-bypass",
        "stop_name": "TUMAKURU BYPASS",
        "city_name": "TUMAKURU",
        "city_id": 607,
        "source": "manual"
      }
    },
    {
      "type": "Feature",
      "geometry": {
        "type": "Point",
        "coordinates": [
          77.482192,
          17.066413
        ]
      },
      "properties": {
        "stop_id": "C899-ravalapllikaapborder",
        "stop_name": "RAVALAPLLIKAAPBORDER",
        "city_name": "RAVALAPLLIKAAPBORDER",
        "city_id": 899,
        "source": "manual"
      }
    },
    {
      "type": "Feature",
      "geometry": {
        "type": "Point",
        "coordinates": [
          77.521398,
          17.044196
        ]
      },
      "properties": {
        "stop_id": "C347-ravalpalli-b-s",
        "stop_name": "RAVALPALLI B.S.",
        "city_name": "RAVALPALLI",
        "city_id": 347,
        "source": "manual"
      }
    },
    {
      "type": "Feature",
      "geometry": {
        "type": "Point",
        "coordinates": [
          78.633337,
          16.39776
        ]
      },
      "properties": {
        "stop_id": "C9-achampet-b-s",
        "stop_name": "ACHAMPET B.S",
        "city_name": "ACHAMPET",
        "city_id": 9,
        "source": "manual"
      }
    },
    {
      "type": "Feature",
      "geometry": {
        "type": "Point",
        "coordinates": [
          77.481555,
          15.764317
        ]
      },
      "properties": {
        "stop_id": "C397-yamignoor-bus-stand",
        "stop_name": "YAMIGNOOR BUS STAND",
        "city_name": "YEMMIGANUR",
        "city_id": 397,
        "source": "manual"
      }
    },
    {
      "type": "Feature",
      "geometry": {
        "type": "Point",
        "coordinates": [
          73.810025,
          15.589022
        ]
      },
      "properties": {
        "stop_id": "C436-mapusa-bus-stand",
        "stop_name": "MAPUSA BUS STAND",
        "city_name": "MAPUSA",
        "city_id": 436,
        "source": "manual"
      }
    },
    {
      "type": "Feature",
      "geometry": {
        "type": "Point",
        "coordinates": [
          74.995713,
          13.068251
        ]
      },
      "properties": {
        "stop_id": "C2622-mudabidre-bus-stand",
        "stop_name": "MUDABIDRE BUS STAND",
        "city_name": "MUDABIDRE",
        "city_id": 2622,
        "source": "manual"
      }
    },
    {
      "type": "Feature",
      "geometry": {
        "type": "Point",
        "coordinates": [
          75.371367,
          13.401068
        ]
      },
      "properties": {
        "stop_id": "C1435-jayapura-bus-stand",
        "stop_name": "JAYAPURA BUS STAND",
        "city_name": "JAYAPURA",
        "city_id": 1435,
        "source": "manual"
      }
    },
    {
      "type": "Feature",
      "geometry": {
        "type": "Point",
        "coordinates": [
          75.301889,
          13.520288
        ]
      },
      "properties": {
        "stop_id": "C437-hariharapura-bus-stand",
        "stop_name": "HARIHARAPURA BUS STAND",
        "city_name": "HARIHARPURA",
        "city_id": 437,
        "source": "manual"
      }
    },
    {
      "type": "Feature",
      "geometry": {
        "type": "Point",
        "coordinates": [
          75.369037,
          13.537626
        ]
      },
      "properties": {
        "stop_id": "C2149-koppa-bus-stand",
        "stop_name": "KOPPA BUS STAND",
        "city_name": "KOPPA",
        "city_id": 2149,
        "source": "manual"
      }
    },
    {
      "type": "Feature",
      "geometry": {
        "type": "Point",
        "coordinates": [
          74.998635,
          13.212867
        ]
      },
      "properties": {
        "stop_id": "C2208-karkala-bus-stand",
        "stop_name": "KARKALA BUS STAND",
        "city_name": "KARKALA",
        "city_id": 2208,
        "source": "manual"
      }
    },
    {
      "type": "Feature",
      "geometry": {
        "type": "Point",
        "coordinates": [
          75.830593,
          12.45267
        ]
      },
      "properties": {
        "stop_id": "C1619-suntikoppa-bus-stand",
        "stop_name": "SUNTIKOPPA BUS STAND",
        "city_name": "SUNTIKOPPA",
        "city_id": 1619,
        "source": "manual"
      }
    },
    {
      "type": "Feature",
      "geometry": {
        "type": "Point",
        "coordinates": [
          75.253116,
          12.985099
        ]
      },
      "properties": {
        "stop_id": "C50-guruvayanakere-bus-stand",
        "stop_name": "GURUVAYANAKERE BUS STAND",
        "city_name": "GURUVAYANAKERE",
        "city_id": 50,
        "source": "manual"
      }
    },
    {
      "type": "Feature",
      "geometry": {
        "type": "Point",
        "coordinates": [
          76.51672,
          16.457869
        ]
      },
      "properties": {
        "stop_id": "C1083-hunsagi-bus-stand",
        "stop_name": "HUNSAGI BUS STAND",
        "city_name": "HUNSAGI",
        "city_id": 1083,
        "source": "manual"
      }
    },
    {
      "type": "Feature",
      "geometry": {
        "type": "Point",
        "coordinates": [
          75.020475,
          15.969216
        ]
      },
      "properties": {
        "stop_id": "C2403-yaragatti-bus-stand",
        "stop_name": "YARAGATTI BUS STAND",
        "city_name": "YARAGATTI",
        "city_id": 2403,
        "source": "manual"
      }
    },
    {
      "type": "Feature",
      "geometry": {
        "type": "Point",
        "coordinates": [
          75.259135,
          13.992103
        ]
      },
      "properties": {
        "stop_id": "C981-rippanpet-bus-stand",
        "stop_name": "RIPPANPET BUS STAND",
        "city_name": "RIPPANPET",
        "city_id": 981,
        "source": "manual"
      }
    },
    {
      "type": "Feature",
      "geometry": {
        "type": "Point",
        "coordinates": [
          74.951753,
          16.516793
        ]
      },
      "properties": {
        "stop_id": "C73-harugeri-bus-stand",
        "stop_name": "HARUGERI BUS STAND",
        "city_name": "HARUGERI",
        "city_id": 73,
        "source": "manual"
      }
    },
    {
      "type": "Feature",
      "geometry": {
        "type": "Point",
        "coordinates": [
          75.065616,
          13.916685
        ]
      },
      "properties": {
        "stop_id": "C868-hosanagara-bus-stand",
        "stop_name": "HOSANAGARA BUS STAND",
        "city_name": "HOSANAGARA",
        "city_id": 868,
        "source": "manual"
      }
    },
    {
      "type": "Feature",
      "geometry": {
        "type": "Point",
        "coordinates": [
          74.95659,
          13.887141
        ]
      },
      "properties": {
        "stop_id": "C1420-sampekatte-bus-stand",
        "stop_name": "SAMPEKATTE BUS STAND",
        "city_name": "SAMPEKATTE",
        "city_id": 1420,
        "source": "manual"
      }
    },
    {
      "type": "Feature",
      "geometry": {
        "type": "Point",
        "coordinates": [
          76.492576,
          11.499428
        ]
      },
      "properties": {
        "stop_id": "C3123-gudalur-bus-stand",
        "stop_name": "GUDALUR BUS STAND",
        "city_name": "GUDALUR",
        "city_id": 3123,
        "source": "manual"
      }
    },
    {
      "type": "Feature",
      "geometry": {
        "type": "Point",
        "coordinates": [
          77.008008,
          10.662422
        ]
      },
      "properties": {
        "stop_id": "C3269-a2b-hotel-cbt-road",
        "stop_name": "A2B HOTEL CBT ROAD",
        "city_name": "POLLACHI",
        "city_id": 3269,
        "source": "manual"
      }
    },
    {
      "type": "Feature",
      "geometry": {
        "type": "Point",
        "coordinates": [
          79.106023,
          13.219511
        ]
      },
      "properties": {
        "stop_id": "C41-chittoor",
        "stop_name": "CHITTOOR",
        "city_name": "CHITTOOR",
        "city_id": 41,
        "source": "manual"
      }
    },
    {
      "type": "Feature",
      "geometry": {
        "type": "Point",
        "coordinates": [
          74.714029,
          13.470277
        ]
      },
      "properties": {
        "stop_id": "C5105-sastan-bus-stand",
        "stop_name": "SASTAN BUS STAND",
        "city_name": "SASTAN",
        "city_id": 5105,
        "source": "manual"
      }
    },
    {
      "type": "Feature",
      "geometry": {
        "type": "Point",
        "coordinates": [
          74.701504,
          13.55048
        ]
      },
      "properties": {
        "stop_id": "C5117-thekkatte-bus-stand",
        "stop_name": "THEKKATTE BUS STAND",
        "city_name": "THEKKATTE",
        "city_id": 5117,
        "source": "manual"
      }
    },
    {
      "type": "Feature",
      "geometry": {
        "type": "Point",
        "coordinates": [
          74.911295,
          13.663323
        ]
      },
      "properties": {
        "stop_id": "C1061-siddapura-bus-stand",
        "stop_name": "SIDDAPURA BUS STAND",
        "city_name": "SIDDAPURCDP",
        "city_id": 1061,
        "source": "manual"
      }
    },
    {
      "type": "Feature",
      "geometry": {
        "type": "Point",
        "coordinates": [
          75.549241,
          16.017427
        ]
      },
      "properties": {
        "stop_id": "C1639-kerur-bus-stand",
        "stop_name": "KERUR BUS STAND",
        "city_name": "KERUR",
        "city_id": 1639,
        "source": "manual"
      }
    },
    {
      "type": "Feature",
      "geometry": {
        "type": "Point",
        "coordinates": [
          75.493471,
          15.85983
        ]
      },
      "properties": {
        "stop_id": "C2125-konnur-bus-stand",
        "stop_name": "KONNUR BUS STAND",
        "city_name": "KONNUR",
        "city_id": 2125,
        "source": "manual"
      }
    },
    {
      "type": "Feature",
      "geometry": {
        "type": "Point",
        "coordinates": [
          76.929749,
          16.423587
        ]
      },
      "properties": {
        "stop_id": "C2829-devadurga-bus-stand",
        "stop_name": "DEVADURGA BUS STAND",
        "city_name": "DEVADURGA",
        "city_id": 2829,
        "source": "manual"
      }
    },
    {
      "type": "Feature",
      "geometry": {
        "type": "Point",
        "coordinates": [
          77.353696,
          16.37218
        ]
      },
      "properties": {
        "stop_id": "C1367-shaktinagar-devasuguru-busstand",
        "stop_name": "SHAKTINAGAR DEVASUGURU BUSSTAND",
        "city_name": "SHAKTINAGAR DEVASUGURU",
        "city_id": 1367,
        "source": "manual"
      }
    },
    {
      "type": "Feature",
      "geometry": {
        "type": "Point",
        "coordinates": [
          74.894133,
          14.345475
        ]
      },
      "properties": {
        "stop_id": "C1098-siddapura-bus-stand",
        "stop_name": "SIDDAPURA BUS STAND",
        "city_name": "SIDDAPURSRS",
        "city_id": 1098,
        "source": "manual"
      }
    },
    {
      "type": "Feature",
      "geometry": {
        "type": "Point",
        "coordinates": [
          74.817897,
          13.578657
        ]
      },
      "properties": {
        "stop_id": "C1318-bidakalakatte-bus-stand",
        "stop_name": "BIDAKALAKATTE BUS STAND",
        "city_name": "BIDKALKATTE",
        "city_id": 1318,
        "source": "manual"
      }
    },
    {
      "type": "Feature",
      "geometry": {
        "type": "Point",
        "coordinates": [
          74.863071,
          13.579044
        ]
      },
      "properties": {
        "stop_id": "C113-halady-bus-stand",
        "stop_name": "HALADY BUS STAND",
        "city_name": "HALADY",
        "city_id": 113,
        "source": "manual"
      }
    },
    {
      "type": "Feature",
      "geometry": {
        "type": "Point",
        "coordinates": [
          74.813785,
          13.863559
        ]
      },
      "properties": {
        "stop_id": "C529-kollur-bus-stand",
        "stop_name": "KOLLUR BUS STAND",
        "city_name": "KOLLUR",
        "city_id": 529,
        "source": "manual"
      }
    },
    {
      "type": "Feature",
      "geometry": {
        "type": "Point",
        "coordinates": [
          74.771658,
          13.511459
        ]
      },
      "properties": {
        "stop_id": "C1044-saibarakatte-bus-stand",
        "stop_name": "SAIBARAKATTE BUS STAND",
        "city_name": "SAIBARAKATTE",
        "city_id": 1044,
        "source": "manual"
      }
    },
    {
      "type": "Feature",
      "geometry": {
        "type": "Point",
        "coordinates": [
          75.248226,
          14.381548
        ]
      },
      "properties": {
        "stop_id": "C1481-shiralakoppa-bus-stand",
        "stop_name": "SHIRALAKOPPA BUS STAND",
        "city_name": "SHIRALAKOPPA P",
        "city_id": 1481,
        "source": "manual"
      }
    },
    {
      "type": "Feature",
      "geometry": {
        "type": "Point",
        "coordinates": [
          75.184592,
          13.633796
        ]
      },
      "properties": {
        "stop_id": "C216-heggodu-bus-stand",
        "stop_name": "HEGGODU BUS STAND",
        "city_name": "HEGGODU THIRTAHALLI",
        "city_id": 216,
        "source": "manual"
      }
    },
    {
      "type": "Feature",
      "geometry": {
        "type": "Point",
        "coordinates": [
          74.797705,
          13.045376
        ]
      },
      "properties": {
        "stop_id": "C5114-haleyangadi-bus-stand",
        "stop_name": "HALEYANGADI BUS STAND",
        "city_name": "HALEYANGADI",
        "city_id": 5114,
        "source": "manual"
      }
    },
    {
      "type": "Feature",
      "geometry": {
        "type": "Point",
        "coordinates": [
          74.74757,
          13.230487
        ]
      },
      "properties": {
        "stop_id": "C5115-kaup-bus-stand",
        "stop_name": "KAUP BUS STAND",
        "city_name": "KAUP",
        "city_id": 5115,
        "source": "manual"
      }
    },
    {
      "type": "Feature",
      "geometry": {
        "type": "Point",
        "coordinates": [
          74.932951,
          12.963869
        ]
      },
      "properties": {
        "stop_id": "C487-kaikamba-bus-stop",
        "stop_name": "KAIKAMBA BUS STOP",
        "city_name": "KAIKAMBA",
        "city_id": 487,
        "source": "manual"
      }
    },
    {
      "type": "Feature",
      "geometry": {
        "type": "Point",
        "coordinates": [
          74.933758,
          13.184019
        ]
      },
      "properties": {
        "stop_id": "C537-nitte-bus-stand",
        "stop_name": "NITTE BUS STAND",
        "city_name": "NITTE",
        "city_id": 537,
        "source": "manual"
      }
    },
    {
      "type": "Feature",
      "geometry": {
        "type": "Point",
        "coordinates": [
          76.306412,
          16.474379
        ]
      },
      "properties": {
        "stop_id": "C1850-talikote-bus-stand",
        "stop_name": "TALIKOTE BUS STAND",
        "city_name": "TALIKOT",
        "city_id": 1850,
        "source": "manual"
      }
    },
    {
      "type": "Feature",
      "geometry": {
        "type": "Point",
        "coordinates": [
          76.38128,
          12.438646
        ]
      },
      "properties": {
        "stop_id": "C2242-k-r-nagara-bus-stand",
        "stop_name": "K R NAGARA BUS STAND",
        "city_name": "K R NAGAR",
        "city_id": 2242,
        "source": "manual"
      }
    },
    {
      "type": "Feature",
      "geometry": {
        "type": "Point",
        "coordinates": [
          76.049203,
          12.627744
        ]
      },
      "properties": {
        "stop_id": "C2056-konanur-bus-stand",
        "stop_name": "KONANUR BUS STAND",
        "city_name": "KONANUR",
        "city_id": 2056,
        "source": "manual"
      }
    },
    {
      "type": "Feature",
      "geometry": {
        "type": "Point",
        "coordinates": [
          75.122225,
          12.835746
        ]
      },
      "properties": {
        "stop_id": "C35-mani-bus-stand",
        "stop_name": "MANI BUS STAND",
        "city_name": "MANI",
        "city_id": 35,
        "source": "manual"
      }
    },
    {
      "type": "Feature",
      "geometry": {
        "type": "Point",
        "coordinates": [
          74.957693,
          12.97815
        ]
      },
      "properties": {
        "stop_id": "C5106-ganjimutt-bus-stop",
        "stop_name": "GANJIMUTT BUS STOP",
        "city_name": "GANJIMUTT",
        "city_id": 5106,
        "source": "manual"
      }
    },
    {
      "type": "Feature",
      "geometry": {
        "type": "Point",
        "coordinates": [
          74.884154,
          12.980736
        ]
      },
      "properties": {
        "stop_id": "C5107-bajpe-bus-stand",
        "stop_name": "BAJPE BUS STAND",
        "city_name": "BAJPE",
        "city_id": 5107,
        "source": "manual"
      }
    },
    {
      "type": "Feature",
      "geometry": {
        "type": "Point",
        "coordinates": [
          74.747735,
          13.284151
        ]
      },
      "properties": {
        "stop_id": "C5108-katapadi-bus-stand",
        "stop_name": "KATAPADI BUS STAND",
        "city_name": "KATAPADI",
        "city_id": 5108,
        "source": "manual"
      }
    },
    {
      "type": "Feature",
      "geometry": {
        "type": "Point",
        "coordinates": [
          75.978188,
          12.531568
        ]
      },
      "properties": {
        "stop_id": "C122-hebale-bus-stand",
        "stop_name": "HEBALE BUS STAND",
        "city_name": "HEBALE",
        "city_id": 122,
        "source": "manual"
      }
    },
    {
      "type": "Feature",
      "geometry": {
        "type": "Point",
        "coordinates": [
          77.302523,
          12.087861
        ]
      },
      "properties": {
        "stop_id": "C908-hanur-bus-stand",
        "stop_name": "HANUR BUS STAND",
        "city_name": "HANUR",
        "city_id": 908,
        "source": "manual"
      }
    },
    {
      "type": "Feature",
      "geometry": {
        "type": "Point",
        "coordinates": [
          77.396068,
          12.003637
        ]
      },
      "properties": {
        "stop_id": "C961-ramapura-bus-stand",
        "stop_name": "RAMAPURA BUS STAND",
        "city_name": "RAMAPURA",
        "city_id": 961,
        "source": "manual"
      }
    },
    {
      "type": "Feature",
      "geometry": {
        "type": "Point",
        "coordinates": [
          76.204934,
          13.087655
        ]
      },
      "properties": {
        "stop_id": "C2825-dudda-bus-stand",
        "stop_name": "DUDDA BUS STAND",
        "city_name": "DUDDA",
        "city_id": 2825,
        "source": "manual"
      }
    },
    {
      "type": "Feature",
      "geometry": {
        "type": "Point",
        "coordinates": [
          75.687822,
          12.306833
        ]
      },
      "properties": {
        "stop_id": "C515-napoklu-bus-stand",
        "stop_name": "NAPOKLU BUS STAND",
        "city_name": "NAPOKLU",
        "city_id": 515,
        "source": "manual"
      }
    },
    {
      "type": "Feature",
      "geometry": {
        "type": "Point",
        "coordinates": [
          77.346183,
          16.201597
        ]
      },
      "properties": {
        "stop_id": "C596-raichur",
        "stop_name": "RAICHUR",
        "city_name": "RAICHUR",
        "city_id": 596,
        "source": "manual"
      }
    },
    {
      "type": "Feature",
      "geometry": {
        "type": "Point",
        "coordinates": [
          75.512299,
          13.611632
        ]
      },
      "properties": {
        "stop_id": "C534-narasimharajapura-bus-stand",
        "stop_name": "NARASIMHARAJAPURA BUS STAND",
        "city_name": "NARASIMHARAJA PURA",
        "city_id": 534,
        "source": "manual"
      }
    },
    {
      "type": "Feature",
      "geometry": {
        "type": "Point",
        "coordinates": [
          75.65701,
          13.701443
        ]
      },
      "properties": {
        "stop_id": "C2516-lakkavally-bus-stand",
        "stop_name": "LAKKAVALLY BUS STAND",
        "city_name": "LAKKAVALLY",
        "city_id": 2516,
        "source": "manual"
      }
    },
    {
      "type": "Feature",
      "geometry": {
        "type": "Point",
        "coordinates": [
          74.652281,
          13.690109
        ]
      },
      "properties": {
        "stop_id": "C4901-trasi-bus-stand",
        "stop_name": "TRASI BUS STAND",
        "city_name": "TRASI",
        "city_id": 4901,
        "source": "manual"
      }
    },
    {
      "type": "Feature",
      "geometry": {
        "type": "Point",
        "coordinates": [
          76.474412,
          15.30773
        ]
      },
      "properties": {
        "stop_id": "C1976-kamalapur-bus-stand",
        "stop_name": "KAMALAPUR BUS STAND",
        "city_name": "KAMALAPUR",
        "city_id": 1976,
        "source": "manual"
      }
    },
    {
      "type": "Feature",
      "geometry": {
        "type": "Point",
        "coordinates": [
          75.964259,
          15.730364
        ]
      },
      "properties": {
        "stop_id": "C2794-gajendragada-bus-stand",
        "stop_name": "GAJENDRAGADA BUS STAND",
        "city_name": "GAJENDRAGADA",
        "city_id": 2794,
        "source": "manual"
      }
    },
    {
      "type": "Feature",
      "geometry": {
        "type": "Point",
        "coordinates": [
          75.693097,
          12.718118
        ]
      },
      "properties": {
        "stop_id": "C2059-bisle-bus-stop",
        "stop_name": "BISLE BUS STOP",
        "city_name": "BISLE",
        "city_id": 2059,
        "source": "manual"
      }
    },
    {
      "type": "Feature",
      "geometry": {
        "type": "Point",
        "coordinates": [
          76.2475,
          15.350813
        ]
      },
      "properties": {
        "stop_id": "C3167-ginagera-bus-stand",
        "stop_name": "GINAGERA BUS STAND",
        "city_name": "GINAGERA",
        "city_id": 3167,
        "source": "manual"
      }
    },
    {
      "type": "Feature",
      "geometry": {
        "type": "Point",
        "coordinates": [
          74.910349,
          14.215552
        ]
      },
      "properties": {
        "stop_id": "C1845-talguppa-bus-stand",
        "stop_name": "TALGUPPA BUS STAND",
        "city_name": "TALGUPPA",
        "city_id": 1845,
        "source": "manual"
      }
    },
    {
      "type": "Feature",
      "geometry": {
        "type": "Point",
        "coordinates": [
          75.027594,
          13.737389
        ]
      },
      "properties": {
        "stop_id": "C163-masthikatte-bus-stand",
        "stop_name": "MASTHIKATTE BUS STAND",
        "city_name": "MASTHIKATTE",
        "city_id": 163,
        "source": "manual"
      }
    },
    {
      "type": "Feature",
      "geometry": {
        "type": "Point",
        "coordinates": [
          75.366405,
          12.71786
        ]
      },
      "properties": {
        "stop_id": "C2487-kaneyur-bus-stand",
        "stop_name": "KANEYUR BUS STAND",
        "city_name": "KANEYUR",
        "city_id": 2487,
        "source": "manual"
      }
    },
    {
      "type": "Feature",
      "geometry": {
        "type": "Point",
        "coordinates": [
          75.42287,
          12.678893
        ]
      },
      "properties": {
        "stop_id": "C543-ninthikallu-bus-stand",
        "stop_name": "NINTHIKALLU BUS STAND",
        "city_name": "NINTHIKALLU",
        "city_id": 543,
        "source": "manual"
      }
    },
    {
      "type": "Feature",
      "geometry": {
        "type": "Point",
        "coordinates": [
          75.464905,
          12.743311
        ]
      },
      "properties": {
        "stop_id": "C1557-kadaba-bus-stand",
        "stop_name": "KADABA BUS STAND",
        "city_name": "KADABA",
        "city_id": 1557,
        "source": "manual"
      }
    },
    {
      "type": "Feature",
      "geometry": {
        "type": "Point",
        "coordinates": [
          75.630622,
          14.839839
        ]
      },
      "properties": {
        "stop_id": "C3223-guttal-bus-stand",
        "stop_name": "GUTTAL BUS STAND",
        "city_name": "GUTTAL",
        "city_id": 3223,
        "source": "manual"
      }
    },
    {
      "type": "Feature",
      "geometry": {
        "type": "Point",
        "coordinates": [
          75.535678,
          12.632077
        ]
      },
      "properties": {
        "stop_id": "C2882-guttigar-bus-stand",
        "stop_name": "GUTTIGAR BUS STAND",
        "city_name": "GUTTIGAR",
        "city_id": 2882,
        "source": "manual"
      }
    },
    {
      "type": "Feature",
      "geometry": {
        "type": "Point",
        "coordinates": [
          75.944243,
          12.14588
        ]
      },
      "properties": {
        "stop_id": "C746-ponnampet",
        "stop_name": "PONNAMPET",
        "city_name": "PONNAMPET",
        "city_id": 746,
        "source": "manual"
      }
    },
    {
      "type": "Feature",
      "geometry": {
        "type": "Point",
        "coordinates": [
          76.104683,
          12.998113
        ]
      },
      "properties": {
        "stop_id": "C574-hassan",
        "stop_name": "HASSAN",
        "city_name": "HASSAN",
        "city_id": 574,
        "source": "manual"
      }
    },
    {
      "type": "Feature",
      "geometry": {
        "type": "Point",
        "coordinates": [
          75.866339,
          13.165772
        ]
      },
      "properties": {
        "stop_id": "C1425-belur",
        "stop_name": "BELUR",
        "city_name": "BELUR",
        "city_id": 1425,
        "source": "manual"
      }
    },
    {
      "type": "Feature",
      "geometry": {
        "type": "Point",
        "coordinates": [
          76.845112,
          16.70566
        ]
      },
      "properties": {
        "stop_id": "C1210-shahapura-bus-stand",
        "stop_name": "SHAHAPURA BUS STAND",
        "city_name": "SHAHAPUR",
        "city_id": 1210,
        "source": "manual"
      }
    },
    {
      "type": "Feature",
      "geometry": {
        "type": "Point",
        "coordinates": [
          76.527125,
          16.15669
        ]
      },
      "properties": {
        "stop_id": "C2502-lingasugur-bus-stand",
        "stop_name": "LINGASUGUR BUS STAND",
        "city_name": "LINGASUGUR",
        "city_id": 2502,
        "source": "manual"
      }
    },
    {
      "type": "Feature",
      "geometry": {
        "type": "Point",
        "coordinates": [
          76.757077,
          16.525712
        ]
      },
      "properties": {
        "stop_id": "C1499-surapura-bus-stand",
        "stop_name": "SURAPURA BUS STAND",
        "city_name": "SURAPURA",
        "city_id": 1499,
        "source": "manual"
      }
    },
    {
      "type": "Feature",
      "geometry": {
        "type": "Point",
        "coordinates": [
          75.332385,
          14.972054
        ]
      },
      "properties": {
        "stop_id": "C1381-savanur-bus-stand",
        "stop_name": "SAVANUR BUS STAND",
        "city_name": "SAVANUR",
        "city_id": 1381,
        "source": "manual"
      }
    },
    {
      "type": "Feature",
      "geometry": {
        "type": "Point",
        "coordinates": [
          75.644608,
          15.444641
        ]
      },
      "properties": {
        "stop_id": "C2100-betageri-bus-stand",
        "stop_name": "BETAGERI BUS STAND",
        "city_name": "BETAGERI",
        "city_id": 2100,
        "source": "manual"
      }
    },
    {
      "type": "Feature",
      "geometry": {
        "type": "Point",
        "coordinates": [
          74.710353,
          13.496816
        ]
      },
      "properties": {
        "stop_id": "C1308-saligrama-bus-stand",
        "stop_name": "SALIGRAMA BUS STAND",
        "city_name": "SALIGRAMA",
        "city_id": 1308,
        "source": "manual"
      }
    },
    {
      "type": "Feature",
      "geometry": {
        "type": "Point",
        "coordinates": [
          74.628267,
          13.875725
        ]
      },
      "properties": {
        "stop_id": "C1624-byndoor-bus-stand",
        "stop_name": "BYNDOOR BUS STAND",
        "city_name": "BYNDOOR",
        "city_id": 1624,
        "source": "manual"
      }
    },
    {
      "type": "Feature",
      "geometry": {
        "type": "Point",
        "coordinates": [
          76.065935,
          16.817556
        ]
      },
      "properties": {
        "stop_id": "C2918-devarhipparagi-bus-stand",
        "stop_name": "DEVARHIPPARAGI BUS STAND",
        "city_name": "DEVARHIPPARAGI",
        "city_id": 2918,
        "source": "manual"
      }
    },
    {
      "type": "Feature",
      "geometry": {
        "type": "Point",
        "coordinates": [
          76.077197,
          16.556905
        ]
      },
      "properties": {
        "stop_id": "C434-hoovinahipparagi-bus-stand",
        "stop_name": "HOOVINAHIPPARAGI BUS STAND",
        "city_name": "HOOVINAHIPPARGI",
        "city_id": 434,
        "source": "manual"
      }
    },
    {
      "type": "Feature",
      "geometry": {
        "type": "Point",
        "coordinates": [
          76.660242,
          16.198815
        ]
      },
      "properties": {
        "stop_id": "C1119-hatti-bus-stand",
        "stop_name": "HATTI BUS STAND",
        "city_name": "HATTI",
        "city_id": 1119,
        "source": "manual"
      }
    },
    {
      "type": "Feature",
      "geometry": {
        "type": "Point",
        "coordinates": [
          76.092042,
          14.951592
        ]
      },
      "properties": {
        "stop_id": "C1273-itagi-bus-stand",
        "stop_name": "ITAGI BUS STAND",
        "city_name": "ITAGI",
        "city_id": 1273,
        "source": "manual"
      }
    },
    {
      "type": "Feature",
      "geometry": {
        "type": "Point",
        "coordinates": [
          76.60282,
          15.50001
        ]
      },
      "properties": {
        "stop_id": "C1489-sriramanagar-bus-stand",
        "stop_name": "SRIRAMANAGAR BUS STAND",
        "city_name": "SRIRAMANAGAR",
        "city_id": 1489,
        "source": "manual"
      }
    },
    {
      "type": "Feature",
      "geometry": {
        "type": "Point",
        "coordinates": [
          74.820517,
          13.219002
        ]
      },
      "properties": {
        "stop_id": "C352-manchakal-bus-stand",
        "stop_name": "MANCHAKAL BUS STAND",
        "city_name": "MANCHAKAL",
        "city_id": 352,
        "source": "manual"
      }
    },
    {
      "type": "Feature",
      "geometry": {
        "type": "Point",
        "coordinates": [
          77.667986,
          12.996273
        ]
      },
      "properties": {
        "stop_id": "C368-tin-factory-metro-stn-pillar-no-598-599",
        "stop_name": "TIN FACTORY METRO STN PILLAR NO 598-599",
        "city_name": "BENGALURU",
        "city_id": 368,
        "source": "manual"
      }
    },
    {
      "type": "Feature",
      "geometry": {
        "type": "Point",
        "coordinates": [
          74.73841,
          13.38504
        ]
      },
      "properties": {
        "stop_id": "C1456-santhekatte-bus-stand",
        "stop_name": "SANTHEKATTE BUS STAND",
        "city_name": "SANTHEKATTE",
        "city_id": 1456,
        "source": "manual"
      }
    },
    {
      "type": "Feature",
      "geometry": {
        "type": "Point",
        "coordinates": [
          76.223714,
          14.828831
        ]
      },
      "properties": {
        "stop_id": "C2134-kottur",
        "stop_name": "KOTTUR",
        "city_name": "KOTTUR",
        "city_id": 2134,
        "source": "manual"
      }
    },
    {
      "type": "Feature",
      "geometry": {
        "type": "Point",
        "coordinates": [
          75.643499,
          14.234058
        ]
      },
      "properties": {
        "stop_id": "C881-honnali",
        "stop_name": "HONNALI",
        "city_name": "HONNALI",
        "city_id": 881,
        "source": "manual"
      }
    },
    {
      "type": "Feature",
      "geometry": {
        "type": "Point",
        "coordinates": [
          79.833876,
          12.435918
        ]
      },
      "properties": {
        "stop_id": "C3218-melamarvathur-bus-stand",
        "stop_name": "MELAMARVATHUR BUS STAND",
        "city_name": "MELMARVATUR",
        "city_id": 3218,
        "source": "manual"
      }
    },
    {
      "type": "Feature",
      "geometry": {
        "type": "Point",
        "coordinates": [
          79.079284,
          12.237858
        ]
      },
      "properties": {
        "stop_id": "C3275-tiruvannamalai-new-busstand",
        "stop_name": "TIRUVANNAMALAI NEW BUSSTAND",
        "city_name": "TIRUVANNAMALAI",
        "city_id": 3275,
        "source": "manual"
      }
    },
    {
      "type": "Feature",
      "geometry": {
        "type": "Point",
        "coordinates": [
          75.975341,
          16.572756
        ]
      },
      "properties": {
        "stop_id": "C1483-bagewadi-bus-stand",
        "stop_name": "BAGEWADI BUS STAND",
        "city_name": "BAGEWADI",
        "city_id": 1483,
        "source": "manual"
      }
    },
    {
      "type": "Feature",
      "geometry": {
        "type": "Point",
        "coordinates": [
          74.848033,
          13.063325
        ]
      },
      "properties": {
        "stop_id": "C1633-kinnigoli-bus-stand",
        "stop_name": "KINNIGOLI BUS STAND",
        "city_name": "KINNIGOLI",
        "city_id": 1633,
        "source": "manual"
      }
    },
    {
      "type": "Feature",
      "geometry": {
        "type": "Point",
        "coordinates": [
          79.537141,
          13.458888
        ]
      },
      "properties": {
        "stop_id": "C65-eslampura-bus-stand",
        "stop_name": "ESLAMPURA BUS STAND",
        "city_name": "ESLAPURAM PUTTUR AP",
        "city_id": 65,
        "source": "manual"
      }
    },
    {
      "type": "Feature",
      "geometry": {
        "type": "Point",
        "coordinates": [
          79.552862,
          13.435236
        ]
      },
      "properties": {
        "stop_id": "C338-puttur-bus-stop",
        "stop_name": "PUTTUR BUS STOP",
        "city_name": "PUTTUR ANDHRA PRADESH",
        "city_id": 338,
        "source": "manual"
      }
    },
    {
      "type": "Feature",
      "geometry": {
        "type": "Point",
        "coordinates": [
          74.603722,
          16.231699
        ]
      },
      "properties": {
        "stop_id": "C743-hukkeri-bus-stand",
        "stop_name": "HUKKERI BUS STAND",
        "city_name": "HUKKERI",
        "city_id": 743,
        "source": "manual"
      }
    },
    {
      "type": "Feature",
      "geometry": {
        "type": "Point",
        "coordinates": [
          78.781492,
          10.073575
        ]
      },
      "properties": {
        "stop_id": "C3197-karaikudi-new-bus-stand",
        "stop_name": "KARAIKUDI NEW BUS STAND",
        "city_name": "KARAIKUDI",
        "city_id": 3197,
        "source": "manual"
      }
    },
    {
      "type": "Feature",
      "geometry": {
        "type": "Point",
        "coordinates": [
          76.190633,
          15.18516
        ]
      },
      "properties": {
        "stop_id": "C207-muthkur-bus-stop",
        "stop_name": "MUTHKUR BUS STOP",
        "city_name": "MUTHKUR",
        "city_id": 207,
        "source": "manual"
      }
    },
    {
      "type": "Feature",
      "geometry": {
        "type": "Point",
        "coordinates": [
          76.286964,
          14.72257
        ]
      },
      "properties": {
        "stop_id": "C5168-ujjini-bus-stand",
        "stop_name": "UJJINI BUS STAND",
        "city_name": "UJJINI",
        "city_id": 5168,
        "source": "manual"
      }
    },
    {
      "type": "Feature",
      "geometry": {
        "type": "Point",
        "coordinates": [
          78.264885,
          13.800946
        ]
      },
      "properties": {
        "stop_id": "C5284-molakalacheruvu-apsrtc-bus-stand",
        "stop_name": "MOLAKALACHERUVU APSRTC BUS STAND",
        "city_name": "MULAKALACHERUVU",
        "city_id": 5284,
        "source": "manual"
      }
    },
    {
      "type": "Feature",
      "geometry": {
        "type": "Point",
        "coordinates": [
          79.83241,
          10.931899
        ]
      },
      "properties": {
        "stop_id": "C3143-karaikal-bus-stand",
        "stop_name": "KARAIKAL BUS STAND",
        "city_name": "KARAIKAL",
        "city_id": 3143,
        "source": "manual"
      }
    },
    {
      "type": "Feature",
      "geometry": {
        "type": "Point",
        "coordinates": [
          79.738477,
          11.23446
        ]
      },
      "properties": {
        "stop_id": "C3212-sirkali-bus-stand",
        "stop_name": "SIRKALI BUS STAND",
        "city_name": "SIRKALI",
        "city_id": 3212,
        "source": "manual"
      }
    },
    {
      "type": "Feature",
      "geometry": {
        "type": "Point",
        "coordinates": [
          79.491732,
          11.940417
        ]
      },
      "properties": {
        "stop_id": "C3292-villupuram-bus-stand",
        "stop_name": "VILLUPURAM BUS STAND",
        "city_name": "VILLUPURAM",
        "city_id": 3292,
        "source": "manual"
      }
    },
    {
      "type": "Feature",
      "geometry": {
        "type": "Point",
        "coordinates": [
          75.176106,
          13.654567
        ]
      },
      "properties": {
        "stop_id": "C283-kalmane-bus-stand",
        "stop_name": "KALMANE BUS STAND",
        "city_name": "KALMANE",
        "city_id": 283,
        "source": "manual"
      }
    },
    {
      "type": "Feature",
      "geometry": {
        "type": "Point",
        "coordinates": [
          78.217862,
          12.52864
        ]
      },
      "properties": {
        "stop_id": "C3195-krishangiri-bus-stand",
        "stop_name": "KRISHANGIRI BUS STAND",
        "city_name": "KRISHNAGIRI",
        "city_id": 3195,
        "source": "manual"
      }
    },
    {
      "type": "Feature",
      "geometry": {
        "type": "Point",
        "coordinates": [
          78.620762,
          12.678116
        ]
      },
      "properties": {
        "stop_id": "C3284-vaniambadi-bus-stand",
        "stop_name": "VANIAMBADI BUS STAND",
        "city_name": "VANIAMBADI",
        "city_id": 3284,
        "source": "manual"
      }
    },
    {
      "type": "Feature",
      "geometry": {
        "type": "Point",
        "coordinates": [
          74.8733,
          13.169352
        ]
      },
      "properties": {
        "stop_id": "C1885-belman-bus-stand",
        "stop_name": "BELMAN BUS STAND",
        "city_name": "BELMAN",
        "city_id": 1885,
        "source": "manual"
      }
    },
    {
      "type": "Feature",
      "geometry": {
        "type": "Point",
        "coordinates": [
          76.523438,
          9.585808
        ]
      },
      "properties": {
        "stop_id": "C2662-kottayam-bus-stand",
        "stop_name": "KOTTAYAM BUS STAND",
        "city_name": "KOTTAYAM",
        "city_id": 2662,
        "source": "manual"
      }
    },
    {
      "type": "Feature",
      "geometry": {
        "type": "Point",
        "coordinates": [
          79.705219,
          12.835654
        ]
      },
      "properties": {
        "stop_id": "C3150-kanchipuram-bus-stand",
        "stop_name": "KANCHIPURAM BUS STAND",
        "city_name": "KANCHIPURAM",
        "city_id": 3150,
        "source": "manual"
      }
    },
    {
      "type": "Feature",
      "geometry": {
        "type": "Point",
        "coordinates": [
          78.964773,
          11.738682
        ]
      },
      "properties": {
        "stop_id": "C3168-kallakurichi-bus-stand",
        "stop_name": "KALLAKURICHI BUS STAND",
        "city_name": "KALLAKURICHI",
        "city_id": 3168,
        "source": "manual"
      }
    },
    {
      "type": "Feature",
      "geometry": {
        "type": "Point",
        "coordinates": [
          74.967337,
          16.33744
        ]
      },
      "properties": {
        "stop_id": "C235-mudalagi-bus-stop",
        "stop_name": "MUDALAGI BUS STOP",
        "city_name": "MUDALAGI",
        "city_id": 235,
        "source": "manual"
      }
    },
    {
      "type": "Feature",
      "geometry": {
        "type": "Point",
        "coordinates": [
          76.29419,
          14.615324
        ]
      },
      "properties": {
        "stop_id": "C936-hosakere-bus-stand",
        "stop_name": "HOSAKERE BUS STAND",
        "city_name": "HOSAKERE",
        "city_id": 936,
        "source": "manual"
      }
    },
    {
      "type": "Feature",
      "geometry": {
        "type": "Point",
        "coordinates": [
          76.540163,
          13.584906
        ]
      },
      "properties": {
        "stop_id": "C252-huliyar-bus-stand",
        "stop_name": "HULIYAR BUS STAND",
        "city_name": "HULIYAR",
        "city_id": 252,
        "source": "manual"
      }
    },
    {
      "type": "Feature",
      "geometry": {
        "type": "Point",
        "coordinates": [
          76.970281,
          11.017387
        ]
      },
      "properties": {
        "stop_id": "C3077-setc-bus-stand-gandhipuram",
        "stop_name": "SETC BUS STAND GANDHIPURAM",
        "city_name": "COIMBATORE",
        "city_id": 3077,
        "source": "manual"
      }
    },
    {
      "type": "Feature",
      "geometry": {
        "type": "Point",
        "coordinates": [
          75.494223,
          11.749579
        ]
      },
      "properties": {
        "stop_id": "C2758-thalassery-bus-stand",
        "stop_name": "THALASSERY BUS STAND",
        "city_name": "THALASSERY",
        "city_id": 2758,
        "source": "manual"
      }
    },
    {
      "type": "Feature",
      "geometry": {
        "type": "Point",
        "coordinates": [
          79.613298,
          13.174318
        ]
      },
      "properties": {
        "stop_id": "C3268-tiruttani-bus-stand",
        "stop_name": "TIRUTTANI BUS STAND",
        "city_name": "TIRUTTANI",
        "city_id": 3268,
        "source": "manual"
      }
    },
    {
      "type": "Feature",
      "geometry": {
        "type": "Point",
        "coordinates": [
          79.437334,
          13.165028
        ]
      },
      "properties": {
        "stop_id": "C3291-r-k-pet-bus-stand",
        "stop_name": "R.K.PET BUS STAND",
        "city_name": "R.K.PET",
        "city_id": 3291,
        "source": "manual"
      }
    },
    {
      "type": "Feature",
      "geometry": {
        "type": "Point",
        "coordinates": [
          79.420188,
          13.111063
        ]
      },
      "properties": {
        "stop_id": "C3209-sholingar-bus-stand",
        "stop_name": "SHOLINGAR BUS STAND",
        "city_name": "SHOLINGAR",
        "city_id": 3209,
        "source": "manual"
      }
    },
    {
      "type": "Feature",
      "geometry": {
        "type": "Point",
        "coordinates": [
          79.388075,
          10.958712
        ]
      },
      "properties": {
        "stop_id": "C3145-kumbakonam-bus-stand",
        "stop_name": "KUMBAKONAM BUS STAND",
        "city_name": "KUMBAKONAM",
        "city_id": 3145,
        "source": "manual"
      }
    },
    {
      "type": "Feature",
      "geometry": {
        "type": "Point",
        "coordinates": [
          77.25249,
          16.571427
        ]
      },
      "properties": {
        "stop_id": "C1009-saidapur-bus-stand",
        "stop_name": "SAIDAPUR BUS STAND",
        "city_name": "SAIDAPUR",
        "city_id": 1009,
        "source": "manual"
      }
    },
    {
      "type": "Feature",
      "geometry": {
        "type": "Point",
        "coordinates": [
          77.390638,
          16.870861
        ]
      },
      "properties": {
        "stop_id": "C3154-gurumitkal-bus-stand",
        "stop_name": "GURUMITKAL BUS STAND",
        "city_name": "GURUMITKAL",
        "city_id": 3154,
        "source": "manual"
      }
    },
    {
      "type": "Feature",
      "geometry": {
        "type": "Point",
        "coordinates": [
          74.859956,
          13.605972
        ]
      },
      "properties": {
        "stop_id": "C1686-shankaranarayana-bus-stand",
        "stop_name": "SHANKARANARAYANA BUS STAND",
        "city_name": "SHANKARNARAYANA",
        "city_id": 1686,
        "source": "manual"
      }
    },
    {
      "type": "Feature",
      "geometry": {
        "type": "Point",
        "coordinates": [
          75.328319,
          13.735434
        ]
      },
      "properties": {
        "stop_id": "C5112-bejjavali-bus-stand",
        "stop_name": "BEJJAVALI BUS STAND",
        "city_name": "BEJJAVALLI",
        "city_id": 5112,
        "source": "manual"
      }
    },
    {
      "type": "Feature",
      "geometry": {
        "type": "Point",
        "coordinates": [
          75.378168,
          13.714272
        ]
      },
      "properties": {
        "stop_id": "C5118-tudur-bus-stand",
        "stop_name": "TUDUR BUS STAND",
        "city_name": "TUDUR",
        "city_id": 5118,
        "source": "manual"
      }
    },
    {
      "type": "Feature",
      "geometry": {
        "type": "Point",
        "coordinates": [
          76.621855,
          13.41347
        ]
      },
      "properties": {
        "stop_id": "C2534-chikkanayakanahalli-bus-stand",
        "stop_name": "CHIKKANAYAKANAHALLI BUS STAND",
        "city_name": "CHIKKANAYAKANAHALLI",
        "city_id": 2534,
        "source": "manual"
      }
    },
    {
      "type": "Feature",
      "geometry": {
        "type": "Point",
        "coordinates": [
          75.802131,
          17.252871
        ]
      },
      "properties": {
        "stop_id": "C2566-zalki-bus-stand",
        "stop_name": "ZALKI BUS STAND",
        "city_name": "ZALKI",
        "city_id": 2566,
        "source": "manual"
      }
    },
    {
      "type": "Feature",
      "geometry": {
        "type": "Point",
        "coordinates": [
          79.093804,
          15.908073
        ]
      },
      "properties": {
        "stop_id": "C55-dornal-bus-stand",
        "stop_name": "DORNAL BUS STAND",
        "city_name": "DORNAL",
        "city_id": 55,
        "source": "manual"
      }
    },
    {
      "type": "Feature",
      "geometry": {
        "type": "Point",
        "coordinates": [
          74.839416,
          13.459491
        ]
      },
      "properties": {
        "stop_id": "C331-kokkarni-bus-stand",
        "stop_name": "KOKKARNI BUS STAND",
        "city_name": "KOKKARNI",
        "city_id": 331,
        "source": "manual"
      }
    },
    {
      "type": "Feature",
      "geometry": {
        "type": "Point",
        "coordinates": [
          79.246331,
          12.107899
        ]
      },
      "properties": {
        "stop_id": "C3296-vetavalam-bus-stand",
        "stop_name": "VETAVALAM BUS STAND",
        "city_name": "VETAVALAM",
        "city_id": 3296,
        "source": "manual"
      }
    },
    {
      "type": "Feature",
      "geometry": {
        "type": "Point",
        "coordinates": [
          79.755719,
          11.746379
        ]
      },
      "properties": {
        "stop_id": "C3079-cuddalore-bus-stand",
        "stop_name": "CUDDALORE BUS STAND",
        "city_name": "CUDDALORE",
        "city_id": 3079,
        "source": "manual"
      }
    },
    {
      "type": "Feature",
      "geometry": {
        "type": "Point",
        "coordinates": [
          77.622075,
          17.110413
        ]
      },
      "properties": {
        "stop_id": "C154-kodangal-bus-stand",
        "stop_name": "KODANGAL BUS STAND",
        "city_name": "KODANGAL",
        "city_id": 154,
        "source": "manual"
      }
    },
    {
      "type": "Feature",
      "geometry": {
        "type": "Point",
        "coordinates": [
          78.792552,
          12.304079
        ]
      },
      "properties": {
        "stop_id": "C3084-chengam-bus-stand",
        "stop_name": "CHENGAM BUS STAND",
        "city_name": "CHENGAM",
        "city_id": 3084,
        "source": "manual"
      }
    },
    {
      "type": "Feature",
      "geometry": {
        "type": "Point",
        "coordinates": [
          78.507877,
          13.557916
        ]
      },
      "properties": {
        "stop_id": "C236-madanapalli-bus-stand",
        "stop_name": "MADANAPALLI BUS STAND",
        "city_name": "MADANAPALLI",
        "city_id": 236,
        "source": "manual"
      }
    },
    {
      "type": "Feature",
      "geometry": {
        "type": "Point",
        "coordinates": [
          74.818583,
          16.651739
        ]
      },
      "properties": {
        "stop_id": "C2095-ugar-bus-stop",
        "stop_name": "UGAR BUS STOP",
        "city_name": "UGAR",
        "city_id": 2095,
        "source": "manual"
      }
    },
    {
      "type": "Feature",
      "geometry": {
        "type": "Point",
        "coordinates": [
          76.623248,
          15.174665
        ]
      },
      "properties": {
        "stop_id": "C2218-vidyanagar-bus-stand",
        "stop_name": "VIDYANAGAR BUS STAND",
        "city_name": "VIDYANAGAR JINDAL",
        "city_id": 2218,
        "source": "manual"
      }
    },
    {
      "type": "Feature",
      "geometry": {
        "type": "Point",
        "coordinates": [
          79.267173,
          13.190916
        ]
      },
      "properties": {
        "stop_id": "C386-thugundrum-bus-stand",
        "stop_name": "THUGUNDRUM BUS STAND",
        "city_name": "THUGUNDRUM",
        "city_id": 386,
        "source": "manual"
      }
    },
    {
      "type": "Feature",
      "geometry": {
        "type": "Point",
        "coordinates": [
          79.035167,
          13.275525
        ]
      },
      "properties": {
        "stop_id": "C142-kanipakam-bus-stand",
        "stop_name": "KANIPAKAM BUS STAND",
        "city_name": "KANIPAKAM",
        "city_id": 142,
        "source": "manual"
      }
    },
    {
      "type": "Feature",
      "geometry": {
        "type": "Point",
        "coordinates": [
          76.627745,
          11.666287
        ]
      },
      "properties": {
        "stop_id": "C1344-bandipura-bus-stand",
        "stop_name": "BANDIPURA BUS STAND",
        "city_name": "BANDIPURA",
        "city_id": 1344,
        "source": "manual"
      }
    },
    {
      "type": "Feature",
      "geometry": {
        "type": "Point",
        "coordinates": [
          76.489619,
          12.66552
        ]
      },
      "properties": {
        "stop_id": "C2183-k-r-pet-bus-stand",
        "stop_name": "K R PET BUS STAND",
        "city_name": "K R PET",
        "city_id": 2183,
        "source": "manual"
      }
    },
    {
      "type": "Feature",
      "geometry": {
        "type": "Point",
        "coordinates": [
          78.94452,
          13.654592
        ]
      },
      "properties": {
        "stop_id": "C712-pileru-bus-stand",
        "stop_name": "PILERU BUS STAND",
        "city_name": "PILERU",
        "city_id": 712,
        "source": "manual"
      }
    },
    {
      "type": "Feature",
      "geometry": {
        "type": "Point",
        "coordinates": [
          77.224129,
          15.399277
        ]
      },
      "properties": {
        "stop_id": "C904-alur-bus-stand",
        "stop_name": "ALUR BUS STAND",
        "city_name": "ALUR",
        "city_id": 904,
        "source": "manual"
      }
    },
    {
      "type": "Feature",
      "geometry": {
        "type": "Point",
        "coordinates": [
          77.519111,
          10.733132
        ]
      },
      "properties": {
        "stop_id": "C3113-dharapura-bus-stand",
        "stop_name": "DHARAPURA BUS STAND",
        "city_name": "DHARAPURA",
        "city_id": 3113,
        "source": "manual"
      }
    },
    {
      "type": "Feature",
      "geometry": {
        "type": "Point",
        "coordinates": [
          77.341212,
          11.132086
        ]
      },
      "properties": {
        "stop_id": "C3247-thirupur-bus-stand",
        "stop_name": "THIRUPUR BUS STAND",
        "city_name": "THIRUPUR",
        "city_id": 3247,
        "source": "manual"
      }
    },
    {
      "type": "Feature",
      "geometry": {
        "type": "Point",
        "coordinates": [
          76.793468,
          11.343623
        ]
      },
      "properties": {
        "stop_id": "C3103-coonur-bus-stand",
        "stop_name": "COONUR BUS STAND",
        "city_name": "COONUR",
        "city_id": 3103,
        "source": "manual"
      }
    },
    {
      "type": "Feature",
      "geometry": {
        "type": "Point",
        "coordinates": [
          75.037268,
          14.970263
        ]
      },
      "properties": {
        "stop_id": "C27-mundgod-bus-stand",
        "stop_name": "MUNDGOD BUS STAND",
        "city_name": "MUNDGOD",
        "city_id": 27,
        "source": "manual"
      }
    },
    {
      "type": "Feature",
      "geometry": {
        "type": "Point",
        "coordinates": [
          78.260981,
          15.855908
        ]
      },
      "properties": {
        "stop_id": "C250-nandikottur-bus-stand",
        "stop_name": "NANDIKOTTUR BUS STAND",
        "city_name": "NANDIKOTTUR",
        "city_id": 250,
        "source": "manual"
      }
    },
    {
      "type": "Feature",
      "geometry": {
        "type": "Point",
        "coordinates": [
          75.790295,
          16.05013
        ]
      },
      "properties": {
        "stop_id": "C1802-guledegudda-bus-stand",
        "stop_name": "GULEDEGUDDA BUS STAND",
        "city_name": "GULEDEGUDDA",
        "city_id": 1802,
        "source": "manual"
      }
    },
    {
      "type": "Feature",
      "geometry": {
        "type": "Point",
        "coordinates": [
          75.013272,
          14.695514
        ]
      },
      "properties": {
        "stop_id": "C2930-dasanakoppa-bus-stand",
        "stop_name": "DASANAKOPPA BUS STAND",
        "city_name": "DASANAKOPPA",
        "city_id": 2930,
        "source": "manual"
      }
    },
    {
      "type": "Feature",
      "geometry": {
        "type": "Point",
        "coordinates": [
          80.050384,
          16.227562
        ]
      },
      "properties": {
        "stop_id": "C295-narasaraopet-bus-stand",
        "stop_name": "NARASARAOPET BUS STAND",
        "city_name": "NARASARAOPET",
        "city_id": 295,
        "source": "manual"
      }
    },
    {
      "type": "Feature",
      "geometry": {
        "type": "Point",
        "coordinates": [
          77.028397,
          16.17529
        ]
      },
      "properties": {
        "stop_id": "C1519-sirwar-bus-stand",
        "stop_name": "SIRWAR BUS STAND",
        "city_name": "SIRWARA",
        "city_id": 1519,
        "source": "manual"
      }
    },
    {
      "type": "Feature",
      "geometry": {
        "type": "Point",
        "coordinates": [
          77.812089,
          14.164446
        ]
      },
      "properties": {
        "stop_id": "C343-puttaparthi-bus-stand",
        "stop_name": "PUTTAPARTHI BUS STAND",
        "city_name": "PUTTAPARTHI",
        "city_id": 343,
        "source": "manual"
      }
    },
    {
      "type": "Feature",
      "geometry": {
        "type": "Point",
        "coordinates": [
          74.894536,
          16.670587
        ]
      },
      "properties": {
        "stop_id": "C976-ainapura-bus-stand",
        "stop_name": "AINAPURA BUS STAND",
        "city_name": "AINAPURA",
        "city_id": 976,
        "source": "manual"
      }
    },
    {
      "type": "Feature",
      "geometry": {
        "type": "Point",
        "coordinates": [
          79.416512,
          12.254209
        ]
      },
      "properties": {
        "stop_id": "C3124-gingee-bus-stand",
        "stop_name": "GINGEE BUS STAND",
        "city_name": "GINGEE",
        "city_id": 3124,
        "source": "manual"
      }
    },
    {
      "type": "Feature",
      "geometry": {
        "type": "Point",
        "coordinates": [
          77.214127,
          13.66044
        ]
      },
      "properties": {
        "stop_id": "C2643-madhugiri-bus-stand",
        "stop_name": "MADHUGIRI BUS STAND",
        "city_name": "MADHUGIRI",
        "city_id": 2643,
        "source": "manual"
      }
    },
    {
      "type": "Feature",
      "geometry": {
        "type": "Point",
        "coordinates": [
          76.747072,
          14.639243
        ]
      },
      "properties": {
        "stop_id": "C1590-kondasagara-bus-stand",
        "stop_name": "KONDASAGARA BUS STAND",
        "city_name": "KONDASAGARA",
        "city_id": 1590,
        "source": "manual"
      }
    },
    {
      "type": "Feature",
      "geometry": {
        "type": "Point",
        "coordinates": [
          76.676393,
          14.592492
        ]
      },
      "properties": {
        "stop_id": "C1717-b-g-kere-bus-stand",
        "stop_name": "B G KERE BUS STAND",
        "city_name": "B.G.KERE",
        "city_id": 1717,
        "source": "manual"
      }
    },
    {
      "type": "Feature",
      "geometry": {
        "type": "Point",
        "coordinates": [
          76.68021,
          14.44906
        ]
      },
      "properties": {
        "stop_id": "C1839-talaku-bus-stand",
        "stop_name": "TALAKU BUS STAND",
        "city_name": "TALAKU",
        "city_id": 1839,
        "source": "manual"
      }
    },
    {
      "type": "Feature",
      "geometry": {
        "type": "Point",
        "coordinates": [
          75.028408,
          18.116893
        ]
      },
      "properties": {
        "stop_id": "C2854-indapur-bus-stand",
        "stop_name": "INDAPUR BUS STAND",
        "city_name": "INDAPUR",
        "city_id": 2854,
        "source": "manual"
      }
    },
    {
      "type": "Feature",
      "geometry": {
        "type": "Point",
        "coordinates": [
          74.489708,
          14.095077
        ]
      },
      "properties": {
        "stop_id": "C110-murdeshwara",
        "stop_name": "MURDESHWARA",
        "city_name": "MURDESHWARA",
        "city_id": 110,
        "source": "manual"
      }
    },
    {
      "type": "Feature",
      "geometry": {
        "type": "Point",
        "coordinates": [
          76.791704,
          12.470468
        ]
      },
      "properties": {
        "stop_id": "C1350-jakkanahalli-bus-stand",
        "stop_name": "JAKKANAHALLI BUS STAND",
        "city_name": "JAKKANAHALLI",
        "city_id": 1350,
        "source": "manual"
      }
    },
    {
      "type": "Feature",
      "geometry": {
        "type": "Point",
        "coordinates": [
          74.775784,
          14.446313
        ]
      },
      "properties": {
        "stop_id": "C3151-golimakki-bus-stop",
        "stop_name": "GOLIMAKKI BUS STOP",
        "city_name": "GOLIMAKKI",
        "city_id": 3151,
        "source": "manual"
      }
    },
    {
      "type": "Feature",
      "geometry": {
        "type": "Point",
        "coordinates": [
          77.49777,
          10.239097
        ]
      },
      "properties": {
        "stop_id": "C3157-kodaikanal-bus-stand",
        "stop_name": "KODAIKANAL BUS STAND",
        "city_name": "KODAIKANAL",
        "city_id": 3157,
        "source": "manual"
      }
    },
    {
      "type": "Feature",
      "geometry": {
        "type": "Point",
        "coordinates": [
          78.159249,
          11.652807
        ]
      },
      "properties": {
        "stop_id": "C3226-salem-bus-stand",
        "stop_name": "SALEM BUS STAND",
        "city_name": "SALEM",
        "city_id": 3226,
        "source": "manual"
      }
    },
    {
      "type": "Feature",
      "geometry": {
        "type": "Point",
        "coordinates": [
          77.521398,
          17.044196
        ]
      },
      "properties": {
        "stop_id": "C347-ravalpalli-bus-stand",
        "stop_name": "RAVALPALLI BUS STAND",
        "city_name": "RAVALPALLI",
        "city_id": 347,
        "source": "manual"
      }
    },
    {
      "type": "Feature",
      "geometry": {
        "type": "Point",
        "coordinates": [
          78.633337,
          16.39776
        ]
      },
      "properties": {
        "stop_id": "C9-achampet-bus-stand",
        "stop_name": "ACHAMPET BUS STAND",
        "city_name": "ACHAMPET",
        "city_id": 9,
        "source": "manual"
      }
    },
    {
      "type": "Feature",
      "geometry": {
        "type": "Point",
        "coordinates": [
          76.954901,
          16.276638
        ]
      },
      "properties": {
        "stop_id": "C818-arakera-bus-stand",
        "stop_name": "ARAKERA BUS STAND",
        "city_name": "ARAKERA AKA",
        "city_id": 818,
        "source": "manual"
      }
    },
    {
      "type": "Feature",
      "geometry": {
        "type": "Point",
        "coordinates": [
          75.483223,
          12.600842
        ]
      },
      "properties": {
        "stop_id": "C2862-ellimale-bus-stop",
        "stop_name": "ELLIMALE BUS STOP",
        "city_name": "ELLIMALE",
        "city_id": 2862,
        "source": "manual"
      }
    },
    {
      "type": "Feature",
      "geometry": {
        "type": "Point",
        "coordinates": [
          75.37449,
          11.875369
        ]
      },
      "properties": {
        "stop_id": "C2582-kannur",
        "stop_name": "KANNUR",
        "city_name": "KANNUR",
        "city_id": 2582,
        "source": "manual"
      }
    },
    {
      "type": "Feature",
      "geometry": {
        "type": "Point",
        "coordinates": [
          75.63402,
          14.616046
        ]
      },
      "properties": {
        "stop_id": "C931-ranebennur",
        "stop_name": "RANEBENNUR",
        "city_name": "RANEBENNUR",
        "city_id": 931,
        "source": "manual"
      }
    },
    {
      "type": "Feature",
      "geometry": {
        "type": "Point",
        "coordinates": [
          75.646137,
          15.08158
        ]
      },
      "properties": {
        "stop_id": "C1442-bellatti-bus-stand",
        "stop_name": "BELLATTI BUS STAND",
        "city_name": "BELLATTI",
        "city_id": 1442,
        "source": "manual"
      }
    },
    {
      "type": "Feature",
      "geometry": {
        "type": "Point",
        "coordinates": [
          75.5792,
          15.234576
        ]
      },
      "properties": {
        "stop_id": "C1462-shirahatti-bus-stand",
        "stop_name": "SHIRAHATTI BUS STAND",
        "city_name": "SHIRAHATTI",
        "city_id": 1462,
        "source": "manual"
      }
    },
    {
      "type": "Feature",
      "geometry": {
        "type": "Point",
        "coordinates": [
          77.622519,
          12.931243
        ]
      },
      "properties": {
        "stop_id": "C368-koramangala-bda-complex",
        "stop_name": "KORAMANGALA BDA COMPLEX",
        "city_name": "BENGALURU",
        "city_id": 368,
        "source": "manual"
      }
    },
    {
      "type": "Feature",
      "geometry": {
        "type": "Point",
        "coordinates": [
          76.531967,
          15.423149
        ]
      },
      "properties": {
        "stop_id": "C57-gangavathi",
        "stop_name": "GANGAVATHI",
        "city_name": "GANGAVATHI",
        "city_id": 57,
        "source": "manual"
      }
    },
    {
      "type": "Feature",
      "geometry": {
        "type": "Point",
        "coordinates": [
          77.72003,
          11.346827
        ]
      },
      "properties": {
        "stop_id": "C3139-erode-bus-stand",
        "stop_name": "ERODE BUS STAND",
        "city_name": "ERODE IRD",
        "city_id": 3139,
        "source": "manual"
      }
    },
    {
      "type": "Feature",
      "geometry": {
        "type": "Point",
        "coordinates": [
          76.648264,
          12.666256
        ]
      },
      "properties": {
        "stop_id": "C199-melukote",
        "stop_name": "MELUKOTE",
        "city_name": "MELUKOTE",
        "city_id": 199,
        "source": "manual"
      }
    },
    {
      "type": "Feature",
      "geometry": {
        "type": "Point",
        "coordinates": [
          76.691498,
          12.420797
        ]
      },
      "properties": {
        "stop_id": "C1436-srirangapatna",
        "stop_name": "SRIRANGAPATNA",
        "city_name": "SRIRANGAPATNA",
        "city_id": 1436,
        "source": "manual"
      }
    },
    {
      "type": "Feature",
      "geometry": {
        "type": "Point",
        "coordinates": [
          78.392724,
          13.166048
        ]
      },
      "properties": {
        "stop_id": "C556-mulbagal",
        "stop_name": "MULBAGAL",
        "city_name": "MULBAGAL",
        "city_id": 556,
        "source": "manual"
      }
    },
    {
      "type": "Feature",
      "geometry": {
        "type": "Point",
        "coordinates": [
          78.330043,
          13.107392
        ]
      },
      "properties": {
        "stop_id": "C1166-avani",
        "stop_name": "AVANI",
        "city_name": "AVANI",
        "city_id": 1166,
        "source": "manual"
      }
    },
    {
      "type": "Feature",
      "geometry": {
        "type": "Point",
        "coordinates": [
          78.180561,
          12.985353
        ]
      },
      "properties": {
        "stop_id": "C1998-bangarpete",
        "stop_name": "BANGARPETE",
        "city_name": "BANGARPETE",
        "city_id": 1998,
        "source": "manual"
      }
    },
    {
      "type": "Feature",
      "geometry": {
        "type": "Point",
        "coordinates": [
          77.867101,
          12.895768
        ]
      },
      "properties": {
        "stop_id": "C2548-chikkathirupath",
        "stop_name": "CHIKKATHIRUPATH",
        "city_name": "CHIKKA TIRUPATHI",
        "city_id": 2548,
        "source": "manual"
      }
    },
    {
      "type": "Feature",
      "geometry": {
        "type": "Point",
        "coordinates": [
          74.698424,
          13.589801
        ]
      },
      "properties": {
        "stop_id": "C2354-koteswara",
        "stop_name": "KOTESWARA",
        "city_name": "KOTESWARA",
        "city_id": 2354,
        "source": "estimate"
      }
    },
    {
      "type": "Feature",
      "geometry": {
        "type": "Point",
        "coordinates": [
          78.156195,
          9.943858
        ]
      },
      "properties": {
        "stop_id": "C3231-madurai",
        "stop_name": "MADURAI",
        "city_name": "MADURAI",
        "city_id": 3231,
        "source": "manual"
      }
    },
    {
      "type": "Feature",
      "geometry": {
        "type": "Point",
        "coordinates": [
          79.651048,
          12.226414
        ]
      },
      "properties": {
        "stop_id": "C3116-dindivanam-bus-stand",
        "stop_name": "DINDIVANAM BUS STAND",
        "city_name": "DINDIVANAM",
        "city_id": 3116,
        "source": "manual"
      }
    },
    {
      "type": "Feature",
      "geometry": {
        "type": "Point",
        "coordinates": [
          76.358139,
          15.159983
        ]
      },
      "properties": {
        "stop_id": "C288-mariyammanahalli",
        "stop_name": "MARIYAMMANAHALLI",
        "city_name": "MARIYAMMANAHALLI",
        "city_id": 288,
        "source": "manual"
      }
    },
    {
      "type": "Feature",
      "geometry": {
        "type": "Point",
        "coordinates": [
          74.841706,
          12.885278
        ]
      },
      "properties": {
        "stop_id": "C30-mangaladevi-bus-stop",
        "stop_name": "MANGALADEVI BUS STOP",
        "city_name": "MANGALURU",
        "city_id": 30,
        "source": "default"
      }
    },
    {
      "type": "Feature",
      "geometry": {
        "type": "Point",
        "coordinates": [
          75.7139,
          15.3173
        ]
      },
      "properties": {
        "stop_id": "C5079-jogfalls-and-return",
        "stop_name": "JOGFALLS AND RETURN",
        "city_name": "JOG FALLS PACKAGE",
        "city_id": 5079,
        "source": "default"
      }
    },
    {
      "type": "Feature",
      "geometry": {
        "type": "Point",
        "coordinates": [
          79.136977,
          12.934693
        ]
      },
      "properties": {
        "stop_id": "C3294-vellore",
        "stop_name": "VELLORE",
        "city_name": "VELLORE",
        "city_id": 3294,
        "source": "estimate"
      }
    },
    {
      "type": "Feature",
      "geometry": {
        "type": "Point",
        "coordinates": [
          75.0648388,
          16.7221439
        ]
      },
      "properties": {
        "stop_id": "C1580-satti",
        "stop_name": "SATTI",
        "city_name": "SATTI",
        "city_id": 1580,
        "source": "estimate"
      }
    },
    {
      "type": "Feature",
      "geometry": {
        "type": "Point",
        "coordinates": [
          75.2845725,
          16.507557
        ]
      },
      "properties": {
        "stop_id": "C1637-savadi",
        "stop_name": "SAVADI",
        "city_name": "SAVADI",
        "city_id": 1637,
        "source": "estimate"
      }
    },
    {
      "type": "Feature",
      "geometry": {
        "type": "Point",
        "coordinates": [
          75.1697788,
          16.5550961
        ]
      },
      "properties": {
        "stop_id": "C238-hipparagi-bs",
        "stop_name": "HIPPARAGI BS",
        "city_name": "HIPPARAGI",
        "city_id": 238,
        "source": "default"
      }
    },
    {
      "type": "Feature",
      "geometry": {
        "type": "Point",
        "coordinates": [
          76.210462,
          10.517845
        ]
      },
      "properties": {
        "stop_id": "C2774-thrissur",
        "stop_name": "THRISSUR",
        "city_name": "THRISSUR",
        "city_id": 2774,
        "source": "estimate"
      }
    },
    {
      "type": "Feature",
      "geometry": {
        "type": "Point",
        "coordinates": [
          78.650662,
          10.751949
        ]
      },
      "properties": {
        "stop_id": "C3266-trichy",
        "stop_name": "TRICHY",
        "city_name": "TRICHY",
        "city_id": 3266,
        "source": "estimate"
      }
    },
    {
      "type": "Feature",
      "geometry": {
        "type": "Point",
        "coordinates": [
          77.750412,
          13.046213
        ]
      },
      "properties": {
        "stop_id": "C368-vijaynagar-bmtc-ttmc-b-s",
        "stop_name": "VIJAYNAGAR BMTC TTMC B.S",
        "city_name": "BENGALURU",
        "city_id": 368,
        "source": "default"
      }
    },
    {
      "type": "Feature",
      "geometry": {
        "type": "Point",
        "coordinates": [
          77.750412,
          13.046213
        ]
      },
      "properties": {
        "stop_id": "C368-malleshwaram-18th-b-s",
        "stop_name": "MALLESHWARAM 18TH B.S",
        "city_name": "BENGALURU",
        "city_id": 368,
        "source": "default"
      }
    }
  ]
}